[
  {
    "serial": 0,
    "orderId": null,
    "positionId": 1,
    "event": "Create Position",
    "time": 1415829600000,
    "volume": 7.17,
    "quantity": 7.17,
    "type": "Buy",
    "entryPrice": 419.2,
    "tp": null,
    "sl": null,
    "closePrice": null,
    "grossProfit": 0,
    "pips": 0,
    "balance": null,
    "equity": 10000
  },
  {
    "serial": 1,
    "orderId": null,
    "positionId": 1,
    "event": "Position Closed",
    "time": 1416520800000,
    "volume": 7.17,
    "quantity": 7.17,
    "type": "Buy",
    "entryPrice": 419.2,
    "tp": null,
    "sl": null,
    "closePrice": 351.8,
    "grossProfit": -450.11,
    "pips": -674,
    "balance": 9517.62,
    "equity": 9512.11
  },
  {
    "serial": 2,
    "orderId": null,
    "positionId": 2,
    "event": "Create Position",
    "time": 1425160800000,
    "volume": 12.66,
    "quantity": 12.66,
    "type": "Buy",
    "entryPrice": 250.1,
    "tp": null,
    "sl": null,
    "closePrice": null,
    "grossProfit": 0,
    "pips": 0,
    "balance": null,
    "equity": 9517.62
  },
  {
    "serial": 3,
    "orderId": null,
    "positionId": 2,
    "event": "Position Closed",
    "time": 1426712400000,
    "volume": 12.66,
    "quantity": 12.66,
    "type": "Buy",
    "entryPrice": 250.1,
    "tp": null,
    "sl": null,
    "closePrice": 250.3,
    "grossProfit": 2.36,
    "pips": 2,
    "balance": 9456.74,
    "equity": 9440.74
  },
  {
    "serial": 4,
    "orderId": null,
    "positionId": 3,
    "event": "Create Position",
    "time": 1431205200000,
    "volume": 14.27,
    "quantity": 14.27,
    "type": "Buy",
    "entryPrice": 238.9,
    "tp": null,
    "sl": null,
    "closePrice": null,
    "grossProfit": 0,
    "pips": 0,
    "balance": null,
    "equity": 9456.74
  },
  {
    "serial": 5,
    "orderId": null,
    "positionId": 3,
    "event": "Position Closed",
    "time": 1431982800000,
    "volume": 14.27,
    "quantity": 14.27,
    "type": "Buy",
    "entryPrice": 238.9,
    "tp": null,
    "sl": null,
    "closePrice": 231.6,
    "grossProfit": -97.03,
    "pips": -73,
    "balance": 9298.73,
    "equity": 9290.99
  },
  {
    "serial": 6,
    "orderId": null,
    "positionId": 4,
    "event": "Create Position",
    "time": 1434488400000,
    "volume": 24.37,
    "quantity": 24.37,
    "type": "Buy",
    "entryPrice": 246.12,
    "tp": null,
    "sl": null,
    "closePrice": null,
    "grossProfit": 0,
    "pips": 0,
    "balance": null,
    "equity": 9298.73
  },
  {
    "serial": 7,
    "orderId": null,
    "positionId": 4,
    "event": "Position Closed",
    "time": 1437253200000,
    "volume": 24.37,
    "quantity": 24.37,
    "type": "Buy",
    "entryPrice": 246.12,
    "tp": null,
    "sl": null,
    "closePrice": 265.1,
    "grossProfit": 430.82,
    "pips": 189.8,
    "balance": 9585.19,
    "equity": 9531.77
  },
  {
    "serial": 8,
    "orderId": null,
    "positionId": 5,
    "event": "Create Position",
    "time": 1441573200000,
    "volume": 10.12,
    "quantity": 10.12,
    "type": "Buy",
    "entryPrice": 236.1,
    "tp": null,
    "sl": null,
    "closePrice": null,
    "grossProfit": 0,
    "pips": 0,
    "balance": null,
    "equity": 9585.19
  },
  {
    "serial": 9,
    "orderId": null,
    "positionId": 5,
    "event": "Position Closed",
    "time": 1442178000000,
    "volume": 10.12,
    "quantity": 10.12,
    "type": "Buy",
    "entryPrice": 236.1,
    "tp": null,
    "sl": null,
    "closePrice": 227.25,
    "grossProfit": -83.42,
    "pips": -88.5,
    "balance": 9459.7,
    "equity": 9455.39
  },
  {
    "serial": 10,
    "orderId": null,
    "positionId": 6,
    "event": "Create Position",
    "time": 1444078800000,
    "volume": 26.49,
    "quantity": 26.49,
    "type": "Buy",
    "entryPrice": 238.37,
    "tp": null,
    "sl": null,
    "closePrice": null,
    "grossProfit": 0,
    "pips": 0,
    "balance": null,
    "equity": 9459.7
  },
  {
    "serial": 11,
    "orderId": null,
    "positionId": 6,
    "event": "Position Closed",
    "time": 1447192800000,
    "volume": 26.49,
    "quantity": 26.49,
    "type": "Buy",
    "entryPrice": 238.37,
    "tp": null,
    "sl": null,
    "closePrice": 334.23,
    "grossProfit": 2365.16,
    "pips": 958.6,
    "balance": 11655.17,
    "equity": 11584.32
  },
  {
    "serial": 12,
    "orderId": null,
    "positionId": 7,
    "event": "Create Position",
    "time": 1448920800000,
    "volume": 8.57,
    "quantity": 8.57,
    "type": "Buy",
    "entryPrice": 374.65,
    "tp": null,
    "sl": null,
    "closePrice": null,
    "grossProfit": 0,
    "pips": 0,
    "balance": null,
    "equity": 11655.17
  },
  {
    "serial": 13,
    "orderId": null,
    "positionId": 7,
    "event": "Position Closed",
    "time": 1451167200000,
    "volume": 8.57,
    "quantity": 8.57,
    "type": "Buy",
    "entryPrice": 374.65,
    "tp": null,
    "sl": null,
    "closePrice": 412.1,
    "grossProfit": 298.93,
    "pips": 374.5,
    "balance": 11897.31,
    "equity": 11872.5
  },
  {
    "serial": 14,
    "orderId": null,
    "positionId": 8,
    "event": "Create Position",
    "time": 1455487200000,
    "volume": 14.28,
    "quantity": 14.28,
    "type": "Buy",
    "entryPrice": 402.9,
    "tp": null,
    "sl": null,
    "closePrice": null,
    "grossProfit": 0,
    "pips": 0,
    "balance": null,
    "equity": 11897.31
  },
  {
    "serial": 15,
    "orderId": null,
    "positionId": 8,
    "event": "Position Closed",
    "time": 1457042400000,
    "volume": 14.28,
    "quantity": 14.28,
    "type": "Buy",
    "entryPrice": 402.9,
    "tp": null,
    "sl": null,
    "closePrice": 419.99,
    "grossProfit": 227.31,
    "pips": 170.9,
    "balance": 12043.67,
    "equity": 12016
  },
  {
    "serial": 16,
    "orderId": null,
    "positionId": 9,
    "event": "Create Position",
    "time": 1459112400000,
    "volume": 20.95,
    "quantity": 20.95,
    "type": "Buy",
    "entryPrice": 422.23,
    "tp": null,
    "sl": null,
    "closePrice": null,
    "grossProfit": 0,
    "pips": 0,
    "balance": null,
    "equity": 12043.67
  },
  {
    "serial": 17,
    "orderId": null,
    "positionId": 9,
    "event": "Position Closed",
    "time": 1463691600000,
    "volume": 20.95,
    "quantity": 20.95,
    "type": "Buy",
    "entryPrice": 422.23,
    "tp": null,
    "sl": null,
    "closePrice": 443.43,
    "grossProfit": 413.68,
    "pips": 212,
    "balance": 12255.85,
    "equity": 12132.53
  },
  {
    "serial": 18,
    "orderId": null,
    "positionId": 10,
    "event": "Create Position",
    "time": 1464382800000,
    "volume": 20.5,
    "quantity": 20.5,
    "type": "Buy",
    "entryPrice": 468.1,
    "tp": null,
    "sl": null,
    "closePrice": null,
    "grossProfit": 0,
    "pips": 0,
    "balance": null,
    "equity": 12255.85
  },
  {
    "serial": 19,
    "orderId": null,
    "positionId": 10,
    "event": "Position Closed",
    "time": 1466542800000,
    "volume": 20.5,
    "quantity": 20.5,
    "type": "Buy",
    "entryPrice": 468.1,
    "tp": null,
    "sl": null,
    "closePrice": 628.1,
    "grossProfit": 3055.03,
    "pips": 1600,
    "balance": 15155.99,
    "equity": 15077.6
  },
  {
    "serial": 20,
    "orderId": null,
    "positionId": 11,
    "event": "Create Position",
    "time": 1472936400000,
    "volume": 16.99,
    "quantity": 16.99,
    "type": "Buy",
    "entryPrice": 602.08,
    "tp": null,
    "sl": null,
    "closePrice": null,
    "grossProfit": 0,
    "pips": 0,
    "balance": null,
    "equity": 15155.99
  },
  {
    "serial": 21,
    "orderId": null,
    "positionId": 11,
    "event": "Position Closed",
    "time": 1476910800000,
    "volume": 16.99,
    "quantity": 16.99,
    "type": "Buy",
    "entryPrice": 602.08,
    "tp": null,
    "sl": null,
    "closePrice": 627.98,
    "grossProfit": 409.86,
    "pips": 259,
    "balance": 15380.16,
    "equity": 15257.87
  },
  {
    "serial": 22,
    "orderId": null,
    "positionId": 12,
    "event": "Create Position",
    "time": 1477170000000,
    "volume": 21.51,
    "quantity": 21.51,
    "type": "Buy",
    "entryPrice": 650.1,
    "tp": null,
    "sl": null,
    "closePrice": null,
    "grossProfit": 0,
    "pips": 0,
    "balance": null,
    "equity": 15380.16
  },
  {
    "serial": 23,
    "orderId": null,
    "positionId": 12,
    "event": "Position Closed",
    "time": 1483740000000,
    "volume": 21.51,
    "quantity": 21.51,
    "type": "Buy",
    "entryPrice": 650.1,
    "tp": null,
    "sl": null,
    "closePrice": 855.9,
    "grossProfit": 4123.13,
    "pips": 2058,
    "balance": 19092.67,
    "equity": 18762.31
  },
  {
    "serial": 24,
    "orderId": null,
    "positionId": 13,
    "event": "Create Position",
    "time": 1485900000000,
    "volume": 7.58,
    "quantity": 7.58,
    "type": "Buy",
    "entryPrice": 936.1,
    "tp": null,
    "sl": null,
    "closePrice": null,
    "grossProfit": 0,
    "pips": 0,
    "balance": null,
    "equity": 19092.67
  },
  {
    "serial": 25,
    "orderId": null,
    "positionId": 13,
    "event": "Position Closed",
    "time": 1486677600000,
    "volume": 7.58,
    "quantity": 7.58,
    "type": "Buy",
    "entryPrice": 936.1,
    "tp": null,
    "sl": null,
    "closePrice": 940.5,
    "grossProfit": 31.06,
    "pips": 44,
    "balance": 19078.15,
    "equity": 19060.85
  },
  {
    "serial": 26,
    "orderId": null,
    "positionId": 14,
    "event": "Create Position",
    "time": 1487714400000,
    "volume": 7.02,
    "quantity": 7.02,
    "type": "Buy",
    "entryPrice": 1079.76,
    "tp": null,
    "sl": null,
    "closePrice": null,
    "grossProfit": 0,
    "pips": 0,
    "balance": null,
    "equity": 19078.15
  },
  {
    "serial": 27,
    "orderId": null,
    "positionId": 14,
    "event": "Position Closed",
    "time": 1489010400000,
    "volume": 7.02,
    "quantity": 7.02,
    "type": "Buy",
    "entryPrice": 1079.76,
    "tp": null,
    "sl": null,
    "closePrice": 1141.6,
    "grossProfit": 404.34,
    "pips": 618.4,
    "balance": 19424.37,
    "equity": 19392.45
  },
  {
    "serial": 28,
    "orderId": null,
    "positionId": 15,
    "event": "Create Position",
    "time": 1491512400000,
    "volume": 3.64,
    "quantity": 3.64,
    "type": "Buy",
    "entryPrice": 1184.1,
    "tp": null,
    "sl": null,
    "closePrice": null,
    "grossProfit": 0,
    "pips": 0,
    "balance": null,
    "equity": 19424.37
  },
  {
    "serial": 29,
    "orderId": null,
    "positionId": 15,
    "event": "Position Closed",
    "time": 1495918800000,
    "volume": 3.64,
    "quantity": 3.64,
    "type": "Buy",
    "entryPrice": 1184.1,
    "tp": null,
    "sl": null,
    "closePrice": 1930,
    "grossProfit": 2528.85,
    "pips": 7459,
    "balance": 21866.23,
    "equity": 21792.82
  },
  {
    "serial": 30,
    "orderId": null,
    "positionId": 16,
    "event": "Create Position",
    "time": 1496782800000,
    "volume": 1.18,
    "quantity": 1.18,
    "type": "Buy",
    "entryPrice": 2772.1,
    "tp": null,
    "sl": null,
    "closePrice": null,
    "grossProfit": 0,
    "pips": 0,
    "balance": null,
    "equity": 21866.23
  },
  {
    "serial": 31,
    "orderId": null,
    "positionId": 16,
    "event": "Position Closed",
    "time": 1498510800000,
    "volume": 1.18,
    "quantity": 1.18,
    "type": "Buy",
    "entryPrice": 2772.1,
    "tp": null,
    "sl": null,
    "closePrice": 2356.43,
    "grossProfit": -456.85,
    "pips": -4156.7,
    "balance": 21389.29,
    "equity": 21373.6
  },
  {
    "serial": 32,
    "orderId": null,
    "positionId": 17,
    "event": "Create Position",
    "time": 1500584400000,
    "volume": 1.79,
    "quantity": 1.79,
    "type": "Buy",
    "entryPrice": 2583.12,
    "tp": null,
    "sl": null,
    "closePrice": null,
    "grossProfit": 0,
    "pips": 0,
    "balance": null,
    "equity": 21389.29
  },
  {
    "serial": 33,
    "orderId": null,
    "positionId": 17,
    "event": "Position Closed",
    "time": 1501102800000,
    "volume": 1.79,
    "quantity": 1.79,
    "type": "Buy",
    "entryPrice": 2583.12,
    "tp": null,
    "sl": null,
    "closePrice": 2569.3,
    "grossProfit": -23.04,
    "pips": -138.2,
    "balance": 21352.5,
    "equity": 21345.43
  },
  {
    "serial": 34,
    "orderId": null,
    "positionId": 18,
    "event": "Create Position",
    "time": 1501534800000,
    "volume": 1.41,
    "quantity": 1.41,
    "type": "Buy",
    "entryPrice": 2871,
    "tp": null,
    "sl": null,
    "closePrice": null,
    "grossProfit": 0,
    "pips": 0,
    "balance": null,
    "equity": 21352.5
  },
  {
    "serial": 35,
    "orderId": null,
    "positionId": 18,
    "event": "Position Closed",
    "time": 1504558800000,
    "volume": 1.41,
    "quantity": 1.41,
    "type": "Buy",
    "entryPrice": 2871,
    "tp": null,
    "sl": null,
    "closePrice": 4250.1,
    "grossProfit": 1811.16,
    "pips": 13791,
    "balance": 23109.38,
    "equity": 23060.36
  },
  {
    "serial": 36,
    "orderId": null,
    "positionId": 19,
    "event": "Create Position",
    "time": 1506805200000,
    "volume": 0.87,
    "quantity": 0.87,
    "type": "Buy",
    "entryPrice": 4350.1,
    "tp": null,
    "sl": null,
    "closePrice": null,
    "grossProfit": 0,
    "pips": 0,
    "balance": null,
    "equity": 23109.38
  },
  {
    "serial": 37,
    "orderId": null,
    "positionId": 19,
    "event": "Position Closed",
    "time": 1510351200000,
    "volume": 0.87,
    "quantity": 0.87,
    "type": "Buy",
    "entryPrice": 4350.1,
    "tp": null,
    "sl": null,
    "closePrice": 6549,
    "grossProfit": 1781.83,
    "pips": 21989,
    "balance": 24833.05,
    "equity": 24778.13
  },
  {
    "serial": 38,
    "orderId": null,
    "positionId": 20,
    "event": "Create Position",
    "time": 1510869600000,
    "volume": 0.52,
    "quantity": 0.52,
    "type": "Buy",
    "entryPrice": 7896.2,
    "tp": null,
    "sl": null,
    "closePrice": null,
    "grossProfit": 0,
    "pips": 0,
    "balance": null,
    "equity": 24833.05
  },
  {
    "serial": 39,
    "orderId": null,
    "positionId": 20,
    "event": "Position Closed",
    "time": 1513807200000,
    "volume": 0.52,
    "quantity": 0.52,
    "type": "Buy",
    "entryPrice": 7896.2,
    "tp": null,
    "sl": null,
    "closePrice": 16151,
    "grossProfit": 3998.08,
    "pips": 82548,
    "balance": 28773.11,
    "equity": 28717.03
  },
  {
    "serial": 40,
    "orderId": null,
    "positionId": 21,
    "event": "Create Position",
    "time": 1518904800000,
    "volume": 0.32,
    "quantity": 0.32,
    "type": "Buy",
    "entryPrice": 10798.1,
    "tp": null,
    "sl": null,
    "closePrice": null,
    "grossProfit": 0,
    "pips": 0,
    "balance": null,
    "equity": 28773.11
  },
  {
    "serial": 41,
    "orderId": null,
    "positionId": 21,
    "event": "Position Closed",
    "time": 1519336800000,
    "volume": 0.32,
    "quantity": 0.32,
    "type": "Buy",
    "entryPrice": 10798.1,
    "tp": null,
    "sl": null,
    "closePrice": 9878.9,
    "grossProfit": -273.97,
    "pips": -9192,
    "balance": 28493.56,
    "equity": 28489.18
  },
  {
    "serial": 42,
    "orderId": null,
    "positionId": 22,
    "event": "Create Position",
    "time": 1524430800000,
    "volume": 0.68,
    "quantity": 0.68,
    "type": "Buy",
    "entryPrice": 8853.9,
    "tp": null,
    "sl": null,
    "closePrice": null,
    "grossProfit": 0,
    "pips": 0,
    "balance": null,
    "equity": 28493.56
  },
  {
    "serial": 43,
    "orderId": null,
    "positionId": 22,
    "event": "Position Closed",
    "time": 1526245200000,
    "volume": 0.68,
    "quantity": 0.68,
    "type": "Buy",
    "entryPrice": 8853.9,
    "tp": null,
    "sl": null,
    "closePrice": 8692.8,
    "grossProfit": -102.03,
    "pips": -1611,
    "balance": 28355.52,
    "equity": 28322.05
  },
  {
    "serial": 44,
    "orderId": null,
    "positionId": 23,
    "event": "Create Position",
    "time": 1531861200000,
    "volume": 1.09,
    "quantity": 1.09,
    "type": "Buy",
    "entryPrice": 7309.97,
    "tp": null,
    "sl": null,
    "closePrice": null,
    "grossProfit": 0,
    "pips": 0,
    "balance": null,
    "equity": 28355.52
  },
  {
    "serial": 45,
    "orderId": null,
    "positionId": 23,
    "event": "Position Closed",
    "time": 1533157200000,
    "volume": 1.09,
    "quantity": 1.09,
    "type": "Buy",
    "entryPrice": 7309.97,
    "tp": null,
    "sl": null,
    "closePrice": 7495.3,
    "grossProfit": 188.15,
    "pips": 1853.3,
    "balance": 28506.99,
    "equity": 28474.37
  },
  {
    "serial": 46,
    "orderId": null,
    "positionId": 24,
    "event": "Create Position",
    "time": 1536008400000,
    "volume": 1.05,
    "quantity": 1.05,
    "type": "Buy",
    "entryPrice": 7299.67,
    "tp": null,
    "sl": null,
    "closePrice": null,
    "grossProfit": 0,
    "pips": 0,
    "balance": null,
    "equity": 28506.99
  },
  {
    "serial": 47,
    "orderId": null,
    "positionId": 24,
    "event": "Position Closed",
    "time": 1536267600000,
    "volume": 1.05,
    "quantity": 1.05,
    "type": "Buy",
    "entryPrice": 7299.67,
    "tp": null,
    "sl": null,
    "closePrice": 6443.78,
    "grossProfit": -837.04,
    "pips": -8558.9,
    "balance": 27660.47,
    "equity": 27654.91
  },
  {
    "serial": 48,
    "orderId": null,
    "positionId": 25,
    "event": "Create Position",
    "time": 1550527200000,
    "volume": 2.98,
    "quantity": 2.98,
    "type": "Buy",
    "entryPrice": 3952.54,
    "tp": null,
    "sl": null,
    "closePrice": null,
    "grossProfit": 0,
    "pips": 0,
    "balance": null,
    "equity": 27660.47
  },
  {
    "serial": 49,
    "orderId": null,
    "positionId": 25,
    "event": "Position Closed",
    "time": 1553547600000,
    "volume": 2.98,
    "quantity": 2.98,
    "type": "Buy",
    "entryPrice": 3952.54,
    "tp": null,
    "sl": null,
    "closePrice": 3876.75,
    "grossProfit": -210.36,
    "pips": -757.9,
    "balance": 27334.81,
    "equity": 27230.63
  },
  {
    "serial": 50,
    "orderId": null,
    "positionId": 26,
    "event": "Create Position",
    "time": 1554066000000,
    "volume": 3.59,
    "quantity": 3.59,
    "type": "Buy",
    "entryPrice": 4085.86,
    "tp": null,
    "sl": null,
    "closePrice": null,
    "grossProfit": 0,
    "pips": 0,
    "balance": null,
    "equity": 27334.81
  },
  {
    "serial": 51,
    "orderId": null,
    "positionId": 26,
    "event": "Position Closed",
    "time": 1556485200000,
    "volume": 3.59,
    "quantity": 3.59,
    "type": "Buy",
    "entryPrice": 4085.86,
    "tp": null,
    "sl": null,
    "closePrice": 5106.76,
    "grossProfit": 3413.65,
    "pips": 10209,
    "balance": 30603.05,
    "equity": 30471.04
  },
  {
    "serial": 52,
    "orderId": null,
    "positionId": 27,
    "event": "Create Position",
    "time": 1557090000000,
    "volume": 1.61,
    "quantity": 1.61,
    "type": "Buy",
    "entryPrice": 5769.86,
    "tp": null,
    "sl": null,
    "closePrice": null,
    "grossProfit": 0,
    "pips": 0,
    "balance": null,
    "equity": 30603.05
  },
  {
    "serial": 53,
    "orderId": null,
    "positionId": 27,
    "event": "Position Closed",
    "time": 1559682000000,
    "volume": 1.61,
    "quantity": 1.61,
    "type": "Buy",
    "entryPrice": 5769.86,
    "tp": null,
    "sl": null,
    "closePrice": 7591.48,
    "grossProfit": 2731.65,
    "pips": 18216.2,
    "balance": 33232.42,
    "equity": 33136.14
  },
  {
    "serial": 54,
    "orderId": null,
    "positionId": 28,
    "event": "Create Position",
    "time": 1560805200000,
    "volume": 0.8,
    "quantity": 0.8,
    "type": "Buy",
    "entryPrice": 9243.84,
    "tp": null,
    "sl": null,
    "closePrice": null,
    "grossProfit": 0,
    "pips": 0,
    "balance": null,
    "equity": 33232.42
  },
  {
    "serial": 55,
    "orderId": null,
    "positionId": 28,
    "event": "Position Closed",
    "time": 1563224400000,
    "volume": 0.8,
    "quantity": 0.8,
    "type": "Buy",
    "entryPrice": 9243.84,
    "tp": null,
    "sl": null,
    "closePrice": 10788.71,
    "grossProfit": 1151.13,
    "pips": 15448.7,
    "balance": 34317.72,
    "equity": 34254.87
  },
  {
    "serial": 56,
    "orderId": null,
    "positionId": 29,
    "event": "Create Position",
    "time": 1572296400000,
    "volume": 0.9,
    "quantity": 0.9,
    "type": "Buy",
    "entryPrice": 9399.49,
    "tp": null,
    "sl": null,
    "closePrice": null,
    "grossProfit": 0,
    "pips": 0,
    "balance": null,
    "equity": 34317.72
  },
  {
    "serial": 57,
    "orderId": null,
    "positionId": 29,
    "event": "Position Closed",
    "time": 1573423200000,
    "volume": 0.9,
    "quantity": 0.9,
    "type": "Buy",
    "entryPrice": 9399.49,
    "tp": null,
    "sl": null,
    "closePrice": 9031.5,
    "grossProfit": -308.47,
    "pips": -3679.9,
    "balance": 33978.61,
    "equity": 33951.33
  },
  {
    "serial": 58,
    "orderId": null,
    "positionId": 30,
    "event": "Create Position",
    "time": 1578434400000,
    "volume": 1.23,
    "quantity": 1.23,
    "type": "Buy",
    "entryPrice": 8057.24,
    "tp": null,
    "sl": null,
    "closePrice": null,
    "grossProfit": 0,
    "pips": 0,
    "balance": null,
    "equity": 33978.61
  },
  {
    "serial": 59,
    "orderId": null,
    "positionId": 30,
    "event": "Position Closed",
    "time": 1579816800000,
    "volume": 1.23,
    "quantity": 1.23,
    "type": "Buy",
    "entryPrice": 8057.24,
    "tp": null,
    "sl": null,
    "closePrice": 8386,
    "grossProfit": 376.64,
    "pips": 3287.6,
    "balance": 34308.18,
    "equity": 34265.69
  },
  {
    "serial": 60,
    "orderId": null,
    "positionId": 31,
    "event": "Create Position",
    "time": 1580248800000,
    "volume": 1.06,
    "quantity": 1.06,
    "type": "Buy",
    "entryPrice": 9013.66,
    "tp": null,
    "sl": null,
    "closePrice": null,
    "grossProfit": 0,
    "pips": 0,
    "balance": null,
    "equity": 34308.18
  },
  {
    "serial": 61,
    "orderId": null,
    "positionId": 31,
    "event": "Position Closed",
    "time": 1581976800000,
    "volume": 1.06,
    "quantity": 1.06,
    "type": "Buy",
    "entryPrice": 9013.66,
    "tp": null,
    "sl": null,
    "closePrice": 9625.5,
    "grossProfit": 604.07,
    "pips": 6118.4,
    "balance": 34855.45,
    "equity": 34802.61
  },
  {
    "serial": 62,
    "orderId": null,
    "positionId": 32,
    "event": "Create Position",
    "time": 1587675600000,
    "volume": 0.94,
    "quantity": 0.94,
    "type": "Buy",
    "entryPrice": 7547.06,
    "tp": null,
    "sl": null,
    "closePrice": null,
    "grossProfit": 0,
    "pips": 0,
    "balance": null,
    "equity": 34855.45
  },
  {
    "serial": 63,
    "orderId": null,
    "positionId": 32,
    "event": "Position Closed",
    "time": 1590094800000,
    "volume": 0.94,
    "quantity": 0.94,
    "type": "Buy",
    "entryPrice": 7547.06,
    "tp": null,
    "sl": null,
    "closePrice": 9023.05,
    "grossProfit": 1292.27,
    "pips": 14759.9,
    "balance": 36084.59,
    "equity": 36024.96
  },
  {
    "serial": 64,
    "orderId": null,
    "positionId": 33,
    "event": "Create Position",
    "time": 1595538000000,
    "volume": 2.05,
    "quantity": 2.05,
    "type": "Buy",
    "entryPrice": 9579.15,
    "tp": null,
    "sl": null,
    "closePrice": null,
    "grossProfit": 0,
    "pips": 0,
    "balance": null,
    "equity": 36084.59
  },
  {
    "serial": 65,
    "orderId": null,
    "positionId": 33,
    "event": "Position Closed",
    "time": 1598389200000,
    "volume": 2.05,
    "quantity": 2.05,
    "type": "Buy",
    "entryPrice": 9579.15,
    "tp": null,
    "sl": null,
    "closePrice": 11253.04,
    "grossProfit": 3196.11,
    "pips": 16738.9,
    "balance": 39076.52,
    "equity": 38879.98
  },
  {
    "serial": 66,
    "orderId": null,
    "positionId": 34,
    "event": "Create Position",
    "time": 1602536400000,
    "volume": 1.42,
    "quantity": 1.42,
    "type": "Buy",
    "entryPrice": 11555.6,
    "tp": null,
    "sl": null,
    "closePrice": null,
    "grossProfit": 0,
    "pips": 0,
    "balance": null,
    "equity": 39076.52
  },
  {
    "serial": 67,
    "orderId": null,
    "positionId": 34,
    "event": "Position Closed",
    "time": 1606428060000,
    "volume": 1.42,
    "quantity": 1.42,
    "type": "Buy",
    "entryPrice": 11555.6,
    "tp": null,
    "sl": null,
    "closePrice": 17065.5,
    "grossProfit": 7287.41,
    "pips": 55099,
    "balance": 46117.31,
    "equity": 45875.99
  },
  {
    "serial": 68,
    "orderId": null,
    "positionId": 35,
    "event": "Create Position",
    "time": 1608156060000,
    "volume": 0.48,
    "quantity": 0.48,
    "type": "Buy",
    "entryPrice": 21243.6,
    "tp": null,
    "sl": null,
    "closePrice": null,
    "grossProfit": 0,
    "pips": 0,
    "balance": null,
    "equity": 46117.31
  },
  {
    "serial": 69,
    "orderId": null,
    "positionId": 35,
    "event": "Position Closed",
    "time": 1611266460000,
    "volume": 0.48,
    "quantity": 0.48,
    "type": "Buy",
    "entryPrice": 21243.6,
    "tp": null,
    "sl": null,
    "closePrice": 31111.5,
    "grossProfit": 4411.71,
    "pips": 98679,
    "balance": 50389.81,
    "equity": 50252.4
  },
  {
    "serial": 70,
    "orderId": null,
    "positionId": 36,
    "event": "Create Position",
    "time": 1612821900000,
    "volume": 0.17,
    "quantity": 0.17,
    "type": "Buy",
    "entryPrice": 44842.39,
    "tp": null,
    "sl": null,
    "closePrice": null,
    "grossProfit": 0,
    "pips": 0,
    "balance": null,
    "equity": 50389.81
  },
  {
    "serial": 71,
    "orderId": null,
    "positionId": 36,
    "event": "Position Closed",
    "time": 1616706300000,
    "volume": 0.17,
    "quantity": 0.17,
    "type": "Buy",
    "entryPrice": 44842.39,
    "tp": null,
    "sl": null,
    "closePrice": 52189.26,
    "grossProfit": 1163.3,
    "pips": 73468.7,
    "balance": 51451.08,
    "equity": 51349.69
  },
  {
    "serial": 72,
    "orderId": null,
    "positionId": 37,
    "event": "Create Position",
    "time": 1618347900000,
    "volume": 0.21,
    "quantity": 0.21,
    "type": "Buy",
    "entryPrice": 63151.06,
    "tp": null,
    "sl": null,
    "closePrice": null,
    "grossProfit": 0,
    "pips": 0,
    "balance": null,
    "equity": 51451.08
  },
  {
    "serial": 73,
    "orderId": null,
    "positionId": 37,
    "event": "Position Closed",
    "time": 1618866300000,
    "volume": 0.21,
    "quantity": 0.21,
    "type": "Buy",
    "entryPrice": 63151.06,
    "tp": null,
    "sl": null,
    "closePrice": 56282.18,
    "grossProfit": -1343.53,
    "pips": -68688.8,
    "balance": 50087.96,
    "equity": 50069.15
  },
  {
    "serial": 74,
    "orderId": null,
    "positionId": 38,
    "event": "Create Position",
    "time": 1627333260000,
    "volume": 0.29,
    "quantity": 0.29,
    "type": "Buy",
    "entryPrice": 37526.6,
    "tp": null,
    "sl": null,
    "closePrice": null,
    "grossProfit": 0,
    "pips": 0,
    "balance": null,
    "equity": 50087.96
  },
  {
    "serial": 75,
    "orderId": null,
    "positionId": 38,
    "event": "Position Closed",
    "time": 1632171660000,
    "volume": 0.29,
    "quantity": 0.29,
    "type": "Buy",
    "entryPrice": 37526.6,
    "tp": null,
    "sl": null,
    "closePrice": 43708,
    "grossProfit": 1669.65,
    "pips": 61814,
    "balance": 51566.5,
    "equity": 51376.47
  },
  {
    "serial": 76,
    "orderId": null,
    "positionId": 39,
    "event": "Create Position",
    "time": 1633467660000,
    "volume": 0.24,
    "quantity": 0.24,
    "type": "Buy",
    "entryPrice": 51476.1,
    "tp": null,
    "sl": null,
    "closePrice": null,
    "grossProfit": 0,
    "pips": 0,
    "balance": null,
    "equity": 51566.5
  },
  {
    "serial": 77,
    "orderId": null,
    "positionId": 39,
    "event": "Position Closed",
    "time": 1635368460000,
    "volume": 0.24,
    "quantity": 0.24,
    "type": "Buy",
    "entryPrice": 51476.1,
    "tp": null,
    "sl": null,
    "closePrice": 58993,
    "grossProfit": 1680.32,
    "pips": 75169,
    "balance": 53165.98,
    "equity": 53086.04
  },
  {
    "serial": 78,
    "orderId": null,
    "positionId": 40,
    "event": "Create Position",
    "time": 1636408860000,
    "volume": 0.22,
    "quantity": 0.22,
    "type": "Buy",
    "entryPrice": 66135.1,
    "tp": null,
    "sl": null,
    "closePrice": null,
    "grossProfit": 0,
    "pips": 0,
    "balance": null,
    "equity": 53165.98
  },
  {
    "serial": 79,
    "orderId": null,
    "positionId": 40,
    "event": "Position Closed",
    "time": 1637100060000,
    "volume": 0.22,
    "quantity": 0.22,
    "type": "Buy",
    "entryPrice": 66135.1,
    "tp": null,
    "sl": null,
    "closePrice": 60526,
    "grossProfit": -1149.36,
    "pips": -56091,
    "balance": 51986.94,
    "equity": 51958.08
  },
  {
    "serial": 80,
    "orderId": null,
    "positionId": 41,
    "event": "Create Position",
    "time": 1644271320000,
    "volume": 0.28,
    "quantity": 0.28,
    "type": "Buy",
    "entryPrice": 44082.1,
    "tp": null,
    "sl": null,
    "closePrice": null,
    "grossProfit": 0,
    "pips": 0,
    "balance": null,
    "equity": 51986.94
  },
  {
    "serial": 81,
    "orderId": null,
    "positionId": 41,
    "event": "Position Closed",
    "time": 1645135320000,
    "volume": 0.28,
    "quantity": 0.28,
    "type": "Buy",
    "entryPrice": 44082.1,
    "tp": null,
    "sl": null,
    "closePrice": 40724,
    "grossProfit": -875.78,
    "pips": -33581,
    "balance": 51079.3,
    "equity": 51048.48
  },
  {
    "serial": 82,
    "orderId": null,
    "positionId": 42,
    "event": "Create Position",
    "time": 1647982920000,
    "volume": 0.32,
    "quantity": 0.32,
    "type": "Buy",
    "entryPrice": 42600.1,
    "tp": null,
    "sl": null,
    "closePrice": null,
    "grossProfit": 0,
    "pips": 0,
    "balance": null,
    "equity": 51079.3
  },
  {
    "serial": 83,
    "orderId": null,
    "positionId": 42,
    "event": "Position Closed",
    "time": 1649278920000,
    "volume": 0.32,
    "quantity": 0.32,
    "type": "Buy",
    "entryPrice": 42600.1,
    "tp": null,
    "sl": null,
    "closePrice": 43856,
    "grossProfit": 374.32,
    "pips": 12559,
    "balance": 51396.66,
    "equity": 51340.9
  },
  {
    "serial": 84,
    "orderId": null,
    "positionId": 43,
    "event": "Create Position",
    "time": 1654030920000,
    "volume": 0.38,
    "quantity": 0.38,
    "type": "Buy",
    "entryPrice": 31766.1,
    "tp": null,
    "sl": null,
    "closePrice": null,
    "grossProfit": 0,
    "pips": 0,
    "balance": null,
    "equity": 51396.66
  },
  {
    "serial": 85,
    "orderId": null,
    "positionId": 43,
    "event": "Position Closed",
    "time": 1654894920000,
    "volume": 0.38,
    "quantity": 0.38,
    "type": "Buy",
    "entryPrice": 31766.1,
    "tp": null,
    "sl": null,
    "closePrice": 29166,
    "grossProfit": -920.27,
    "pips": -26001,
    "balance": 50440.12,
    "equity": 50405.27
  },
  {
    "serial": 86,
    "orderId": null,
    "positionId": 44,
    "event": "Create Position",
    "time": 1658264520000,
    "volume": 0.5,
    "quantity": 0.5,
    "type": "Buy",
    "entryPrice": 23308.1,
    "tp": null,
    "sl": null,
    "closePrice": null,
    "grossProfit": 0,
    "pips": 0,
    "balance": null,
    "equity": 50440.12
  },
  {
    "serial": 87,
    "orderId": null,
    "positionId": 44,
    "event": "Position Closed",
    "time": 1658869320000,
    "volume": 0.5,
    "quantity": 0.5,
    "type": "Buy",
    "entryPrice": 23308.1,
    "tp": null,
    "sl": null,
    "closePrice": 20990,
    "grossProfit": -1079.55,
    "pips": -23181,
    "balance": 49338.64,
    "equity": 49318.57
  },
  {
    "serial": 88,
    "orderId": null,
    "positionId": 45,
    "event": "Create Position",
    "time": 1663016520000,
    "volume": 0.75,
    "quantity": 0.75,
    "type": "Buy",
    "entryPrice": 22384.1,
    "tp": null,
    "sl": null,
    "closePrice": null,
    "grossProfit": 0,
    "pips": 0,
    "balance": null,
    "equity": 49338.64
  },
  {
    "serial": 89,
    "orderId": null,
    "positionId": 45,
    "event": "Position Closed",
    "time": 1665435720000,
    "volume": 0.75,
    "quantity": 0.75,
    "type": "Buy",
    "entryPrice": 22384.1,
    "tp": null,
    "sl": null,
    "closePrice": 19248,
    "grossProfit": -2190.75,
    "pips": -31361,
    "balance": 47040.69,
    "equity": 46936.29
  },
  {
    "serial": 90,
    "orderId": null,
    "positionId": 46,
    "event": "Create Position",
    "time": 1666731720000,
    "volume": 1.12,
    "quantity": 1.12,
    "type": "Buy",
    "entryPrice": 20172.1,
    "tp": null,
    "sl": null,
    "closePrice": null,
    "grossProfit": 0,
    "pips": 0,
    "balance": null,
    "equity": 47040.69
  },
  {
    "serial": 91,
    "orderId": null,
    "positionId": 46,
    "event": "Position Closed",
    "time": 1667944800000,
    "volume": 1.12,
    "quantity": 1.12,
    "type": "Buy",
    "entryPrice": 20172.1,
    "tp": null,
    "sl": null,
    "closePrice": 18686,
    "grossProfit": -1550.27,
    "pips": -14861,
    "balance": 45404.34,
    "equity": 45322.44
  },
  {
    "serial": 92,
    "orderId": null,
    "positionId": 47,
    "event": "Create Position",
    "time": 1670968920000,
    "volume": 1.46,
    "quantity": 1.46,
    "type": "Buy",
    "entryPrice": 17730.1,
    "tp": null,
    "sl": null,
    "closePrice": null,
    "grossProfit": 0,
    "pips": 0,
    "balance": null,
    "equity": 45404.34
  },
  {
    "serial": 93,
    "orderId": null,
    "positionId": 47,
    "event": "Position Closed",
    "time": 1671228120000,
    "volume": 1.46,
    "quantity": 1.46,
    "type": "Buy",
    "entryPrice": 17730.1,
    "tp": null,
    "sl": null,
    "closePrice": 16830,
    "grossProfit": -1224.01,
    "pips": -9001,
    "balance": 44142.93,
    "equity": 44110.97
  },
  {
    "serial": 94,
    "orderId": null,
    "positionId": 48,
    "event": "Create Position",
    "time": 1673301720000,
    "volume": 2.5,
    "quantity": 2.5,
    "type": "Buy",
    "entryPrice": 17164.1,
    "tp": null,
    "sl": null,
    "closePrice": null,
    "grossProfit": 0,
    "pips": 0,
    "balance": null,
    "equity": 44142.93
  },
  {
    "serial": 95,
    "orderId": null,
    "positionId": 48,
    "event": "Position Closed",
    "time": 1675980120000,
    "volume": 2.5,
    "quantity": 2.5,
    "type": "Buy",
    "entryPrice": 17164.1,
    "tp": null,
    "sl": null,
    "closePrice": 21850,
    "grossProfit": 10911.25,
    "pips": 46859,
    "balance": 54611.41,
    "equity": 54177.96
  },
  {
    "serial": 96,
    "orderId": null,
    "positionId": 49,
    "event": "Create Position",
    "time": 1676584920000,
    "volume": 0.86,
    "quantity": 0.86,
    "type": "Buy",
    "entryPrice": 24534.1,
    "tp": null,
    "sl": null,
    "closePrice": null,
    "grossProfit": 0,
    "pips": 0,
    "balance": null,
    "equity": 54611.41
  },
  {
    "serial": 97,
    "orderId": null,
    "positionId": 49,
    "event": "Position Closed",
    "time": 1677276120000,
    "volume": 0.86,
    "quantity": 0.86,
    "type": "Buy",
    "entryPrice": 24534.1,
    "tp": null,
    "sl": null,
    "closePrice": 23046,
    "grossProfit": -1191.99,
    "pips": -14881,
    "balance": 53363.32,
    "equity": 53310.42
  },
  {
    "serial": 98,
    "orderId": null,
    "positionId": 50,
    "event": "Create Position",
    "time": 1678741320000,
    "volume": 0.69,
    "quantity": 0.69,
    "type": "Buy",
    "entryPrice": 24244.1,
    "tp": null,
    "sl": null,
    "closePrice": null,
    "grossProfit": 0,
    "pips": 0,
    "balance": null,
    "equity": 53363.32
  },
  {
    "serial": 99,
    "orderId": null,
    "positionId": 50,
    "event": "Position Closed",
    "time": 1681765320000,
    "volume": 0.69,
    "quantity": 0.69,
    "type": "Buy",
    "entryPrice": 24244.1,
    "tp": null,
    "sl": null,
    "closePrice": 29458,
    "grossProfit": 3350.84,
    "pips": 52139,
    "balance": 56538.88,
    "equity": 56366.18
  },
  {
    "serial": 100,
    "orderId": null,
    "positionId": 51,
    "event": "Create Position",
    "time": 1687294920000,
    "volume": 0.77,
    "quantity": 0.77,
    "type": "Buy",
    "entryPrice": 28134.1,
    "tp": null,
    "sl": null,
    "closePrice": null,
    "grossProfit": 0,
    "pips": 0,
    "balance": null,
    "equity": 56538.88
  },
  {
    "serial": 101,
    "orderId": null,
    "positionId": 51,
    "event": "Position Closed",
    "time": 1690232520000,
    "volume": 0.77,
    "quantity": 0.77,
    "type": "Buy",
    "entryPrice": 28134.1,
    "tp": null,
    "sl": null,
    "closePrice": 29134,
    "grossProfit": 717.11,
    "pips": 9999,
    "balance": 57050.64,
    "equity": 56848.17
  },
  {
    "serial": 102,
    "orderId": null,
    "positionId": 52,
    "event": "Create Position",
    "time": 1696280520000,
    "volume": 1.18,
    "quantity": 1.18,
    "type": "Buy",
    "entryPrice": 27840.1,
    "tp": null,
    "sl": null,
    "closePrice": null,
    "grossProfit": 0,
    "pips": 0,
    "balance": null,
    "equity": 57050.64
  },
  {
    "serial": 103,
    "orderId": null,
    "positionId": 52,
    "event": "Position Closed",
    "time": 1697058120000,
    "volume": 1.18,
    "quantity": 1.18,
    "type": "Buy",
    "entryPrice": 27840.1,
    "tp": null,
    "sl": null,
    "closePrice": 26699,
    "grossProfit": -1254.14,
    "pips": -11411,
    "balance": 55717.38,
    "equity": 55642.66
  },
  {
    "serial": 104,
    "orderId": null,
    "positionId": 53,
    "event": "Create Position",
    "time": 1698094920000,
    "volume": 0.81,
    "quantity": 0.81,
    "type": "Buy",
    "entryPrice": 31603.1,
    "tp": null,
    "sl": null,
    "closePrice": null,
    "grossProfit": 0,
    "pips": 0,
    "balance": null,
    "equity": 55717.38
  },
  {
    "serial": 105,
    "orderId": null,
    "positionId": 53,
    "event": "Position Closed",
    "time": 1702332120000,
    "volume": 0.81,
    "quantity": 0.81,
    "type": "Buy",
    "entryPrice": 31603.1,
    "tp": null,
    "sl": null,
    "closePrice": 41187,
    "grossProfit": 7230.5,
    "pips": 95839,
    "balance": 62566.11,
    "equity": 62187.36
  },
  {
    "serial": 106,
    "orderId": null,
    "positionId": 54,
    "event": "Create Position",
    "time": 1704232920000,
    "volume": 0.53,
    "quantity": 0.53,
    "type": "Buy",
    "entryPrice": 45111.1,
    "tp": null,
    "sl": null,
    "closePrice": null,
    "grossProfit": 0,
    "pips": 0,
    "balance": null,
    "equity": 62566.11
  },
  {
    "serial": 107,
    "orderId": null,
    "positionId": 54,
    "event": "Position Closed",
    "time": 1705183320000,
    "volume": 0.53,
    "quantity": 0.53,
    "type": "Buy",
    "entryPrice": 45111.1,
    "tp": null,
    "sl": null,
    "closePrice": 42941,
    "grossProfit": -1071.27,
    "pips": -21701,
    "balance": 61420.44,
    "equity": 61348.02
  },
  {
    "serial": 108,
    "orderId": null,
    "positionId": 55,
    "event": "Create Position",
    "time": 1707343320000,
    "volume": 0.62,
    "quantity": 0.62,
    "type": "Buy",
    "entryPrice": 44173.1,
    "tp": null,
    "sl": null,
    "closePrice": null,
    "grossProfit": 0,
    "pips": 0,
    "balance": null,
    "equity": 61420.44
  },
  {
    "serial": 109,
    "orderId": null,
    "positionId": 55,
    "event": "Position Closed",
    "time": 1710882300000,
    "volume": 0.62,
    "quantity": 0.62,
    "type": "Buy",
    "entryPrice": 44173.1,
    "tp": null,
    "sl": null,
    "closePrice": 63866.41,
    "grossProfit": 11372.39,
    "pips": 196933.1,
    "balance": 72406.91,
    "equity": 72023.31
  },
  {
    "serial": 110,
    "orderId": null,
    "positionId": 56,
    "event": "Create Position",
    "time": 1715807100000,
    "volume": 0.34,
    "quantity": 0.34,
    "type": "Buy",
    "entryPrice": 65811.54,
    "tp": null,
    "sl": null,
    "closePrice": null,
    "grossProfit": 0,
    "pips": 0,
    "balance": null,
    "equity": 72406.91
  },
  {
    "serial": 111,
    "orderId": null,
    "positionId": 56,
    "event": "Position Closed",
    "time": 1718139900000,
    "volume": 0.34,
    "quantity": 0.34,
    "type": "Buy",
    "entryPrice": 65811.54,
    "tp": null,
    "sl": null,
    "closePrice": 67260.34,
    "grossProfit": 458.81,
    "pips": 14488,
    "balance": 72703.77,
    "equity": 72543.08
  }
]