[
  {
    "serial": 0,
    "orderId": null,
    "positionId": 1,
    "event": "Create Position",
    "time": 1415829600000,
    "volume": 7.17,
    "quantity": 7.17,
    "type": "Buy",
    "entryPrice": 419.2,
    "tp": null,
    "sl": null,
    "closePrice": null,
    "grossProfit": 0,
    "pips": 0,
    "balance": null,
    "equity": 10000
  },
  {
    "serial": 1,
    "orderId": null,
    "positionId": 1,
    "event": "Position Closed",
    "time": 1416693600000,
    "volume": 7.17,
    "quantity": 7.17,
    "type": "Buy",
    "entryPrice": 419.2,
    "tp": null,
    "sl": null,
    "closePrice": 362.3,
    "grossProfit": -379.99,
    "pips": -569,
    "balance": 9585.75,
    "equity": 9578.25
  },
  {
    "serial": 2,
    "orderId": null,
    "positionId": 2,
    "event": "Create Position",
    "time": 1425160800000,
    "volume": 12.75,
    "quantity": 12.75,
    "type": "Buy",
    "entryPrice": 250.1,
    "tp": null,
    "sl": null,
    "closePrice": null,
    "grossProfit": 0,
    "pips": 0,
    "balance": null,
    "equity": 9585.75
  },
  {
    "serial": 3,
    "orderId": null,
    "positionId": 2,
    "event": "Position Closed",
    "time": 1426712400000,
    "volume": 12.75,
    "quantity": 12.75,
    "type": "Buy",
    "entryPrice": 250.1,
    "tp": null,
    "sl": null,
    "closePrice": 250.3,
    "grossProfit": 2.38,
    "pips": 2,
    "balance": 9524.44,
    "equity": 9508.33
  },
  {
    "serial": 4,
    "orderId": null,
    "positionId": 3,
    "event": "Create Position",
    "time": 1431205200000,
    "volume": 14.37,
    "quantity": 14.37,
    "type": "Buy",
    "entryPrice": 238.9,
    "tp": null,
    "sl": null,
    "closePrice": null,
    "grossProfit": 0,
    "pips": 0,
    "balance": null,
    "equity": 9524.44
  },
  {
    "serial": 5,
    "orderId": null,
    "positionId": 3,
    "event": "Position Closed",
    "time": 1433192400000,
    "volume": 14.37,
    "quantity": 14.37,
    "type": "Buy",
    "entryPrice": 238.9,
    "tp": null,
    "sl": null,
    "closePrice": 224.01,
    "grossProfit": -199.29,
    "pips": -148.9,
    "balance": 9251.59,
    "equity": 9231.65
  },
  {
    "serial": 6,
    "orderId": null,
    "positionId": 4,
    "event": "Create Position",
    "time": 1434488400000,
    "volume": 24.25,
    "quantity": 24.25,
    "type": "Buy",
    "entryPrice": 246.12,
    "tp": null,
    "sl": null,
    "closePrice": null,
    "grossProfit": 0,
    "pips": 0,
    "balance": null,
    "equity": 9251.59
  },
  {
    "serial": 7,
    "orderId": null,
    "positionId": 4,
    "event": "Position Closed",
    "time": 1438894800000,
    "volume": 24.25,
    "quantity": 24.25,
    "type": "Buy",
    "entryPrice": 246.12,
    "tp": null,
    "sl": null,
    "closePrice": 273.58,
    "grossProfit": 620.23,
    "pips": 274.6,
    "balance": 9697.01,
    "equity": 9612.68
  },
  {
    "serial": 8,
    "orderId": null,
    "positionId": 5,
    "event": "Create Position",
    "time": 1444078800000,
    "volume": 27.15,
    "quantity": 27.15,
    "type": "Buy",
    "entryPrice": 238.37,
    "tp": null,
    "sl": null,
    "closePrice": null,
    "grossProfit": 0,
    "pips": 0,
    "balance": null,
    "equity": 9697.01
  },
  {
    "serial": 9,
    "orderId": null,
    "positionId": 5,
    "event": "Position Closed",
    "time": 1451167200000,
    "volume": 27.15,
    "quantity": 27.15,
    "type": "Buy",
    "entryPrice": 238.37,
    "tp": null,
    "sl": null,
    "closePrice": 412.1,
    "grossProfit": 4393.25,
    "pips": 1737.3,
    "balance": 13791.84,
    "equity": 13594.74
  },
  {
    "serial": 10,
    "orderId": null,
    "positionId": 6,
    "event": "Create Position",
    "time": 1455746400000,
    "volume": 15.54,
    "quantity": 15.54,
    "type": "Buy",
    "entryPrice": 419.23,
    "tp": null,
    "sl": null,
    "closePrice": null,
    "grossProfit": 0,
    "pips": 0,
    "balance": null,
    "equity": 13791.84
  },
  {
    "serial": 11,
    "orderId": null,
    "positionId": 6,
    "event": "Position Closed",
    "time": 1457128800000,
    "volume": 15.54,
    "quantity": 15.54,
    "type": "Buy",
    "entryPrice": 419.23,
    "tp": null,
    "sl": null,
    "closePrice": 411.6,
    "grossProfit": -110.44,
    "pips": -76.3,
    "balance": 13593.25,
    "equity": 13563.08
  },
  {
    "serial": 12,
    "orderId": null,
    "positionId": 7,
    "event": "Create Position",
    "time": 1459112400000,
    "volume": 23.65,
    "quantity": 23.65,
    "type": "Buy",
    "entryPrice": 422.23,
    "tp": null,
    "sl": null,
    "closePrice": null,
    "grossProfit": 0,
    "pips": 0,
    "balance": null,
    "equity": 13593.25
  },
  {
    "serial": 13,
    "orderId": null,
    "positionId": 7,
    "event": "Position Closed",
    "time": 1463691600000,
    "volume": 23.65,
    "quantity": 23.65,
    "type": "Buy",
    "entryPrice": 422.23,
    "tp": null,
    "sl": null,
    "closePrice": 443.43,
    "grossProfit": 466.99,
    "pips": 212,
    "balance": 13832.79,
    "equity": 13693.58
  },
  {
    "serial": 14,
    "orderId": null,
    "positionId": 8,
    "event": "Create Position",
    "time": 1464382800000,
    "volume": 23.14,
    "quantity": 23.14,
    "type": "Buy",
    "entryPrice": 468.1,
    "tp": null,
    "sl": null,
    "closePrice": null,
    "grossProfit": 0,
    "pips": 0,
    "balance": null,
    "equity": 13832.79
  },
  {
    "serial": 15,
    "orderId": null,
    "positionId": 8,
    "event": "Position Closed",
    "time": 1469998800000,
    "volume": 23.14,
    "quantity": 23.14,
    "type": "Buy",
    "entryPrice": 468.1,
    "tp": null,
    "sl": null,
    "closePrice": 627.3,
    "grossProfit": 3431.21,
    "pips": 1592,
    "balance": 16937.21,
    "equity": 16696.76
  },
  {
    "serial": 16,
    "orderId": null,
    "positionId": 9,
    "event": "Create Position",
    "time": 1472936400000,
    "volume": 18.99,
    "quantity": 18.99,
    "type": "Buy",
    "entryPrice": 602.08,
    "tp": null,
    "sl": null,
    "closePrice": null,
    "grossProfit": 0,
    "pips": 0,
    "balance": null,
    "equity": 16937.21
  },
  {
    "serial": 17,
    "orderId": null,
    "positionId": 9,
    "event": "Position Closed",
    "time": 1483740000000,
    "volume": 18.99,
    "quantity": 18.99,
    "type": "Buy",
    "entryPrice": 602.08,
    "tp": null,
    "sl": null,
    "closePrice": 855.9,
    "grossProfit": 4489.44,
    "pips": 2538.2,
    "balance": 20918.35,
    "equity": 20480.91
  },
  {
    "serial": 18,
    "orderId": null,
    "positionId": 10,
    "event": "Create Position",
    "time": 1485900000000,
    "volume": 8.3,
    "quantity": 8.3,
    "type": "Buy",
    "entryPrice": 936.1,
    "tp": null,
    "sl": null,
    "closePrice": null,
    "grossProfit": 0,
    "pips": 0,
    "balance": null,
    "equity": 20918.35
  },
  {
    "serial": 19,
    "orderId": null,
    "positionId": 10,
    "event": "Position Closed",
    "time": 1489183200000,
    "volume": 8.3,
    "quantity": 8.3,
    "type": "Buy",
    "entryPrice": 936.1,
    "tp": null,
    "sl": null,
    "closePrice": 1120,
    "grossProfit": 1421.68,
    "pips": 1839,
    "balance": 22216.91,
    "equity": 22124.77
  },
  {
    "serial": 20,
    "orderId": null,
    "positionId": 11,
    "event": "Create Position",
    "time": 1491771600000,
    "volume": 4.97,
    "quantity": 4.97,
    "type": "Buy",
    "entryPrice": 1197.2,
    "tp": null,
    "sl": null,
    "closePrice": null,
    "grossProfit": 0,
    "pips": 0,
    "balance": null,
    "equity": 22216.91
  },
  {
    "serial": 21,
    "orderId": null,
    "positionId": 11,
    "event": "Position Closed",
    "time": 1499806800000,
    "volume": 4.97,
    "quantity": 4.97,
    "type": "Buy",
    "entryPrice": 1197.2,
    "tp": null,
    "sl": null,
    "closePrice": 2291.44,
    "grossProfit": 5065.36,
    "pips": 10942.4,
    "balance": 27027.74,
    "equity": 26791.75
  },
  {
    "serial": 22,
    "orderId": null,
    "positionId": 12,
    "event": "Create Position",
    "time": 1500584400000,
    "volume": 2.27,
    "quantity": 2.27,
    "type": "Buy",
    "entryPrice": 2583.12,
    "tp": null,
    "sl": null,
    "closePrice": null,
    "grossProfit": 0,
    "pips": 0,
    "balance": null,
    "equity": 27027.74
  },
  {
    "serial": 23,
    "orderId": null,
    "positionId": 12,
    "event": "Position Closed",
    "time": 1505336400000,
    "volume": 2.27,
    "quantity": 2.27,
    "type": "Buy",
    "entryPrice": 2583.12,
    "tp": null,
    "sl": null,
    "closePrice": 3892.2,
    "grossProfit": 2767.79,
    "pips": 13090.8,
    "balance": 29669.06,
    "equity": 29551.07
  },
  {
    "serial": 24,
    "orderId": null,
    "positionId": 13,
    "event": "Create Position",
    "time": 1506978000000,
    "volume": 1.17,
    "quantity": 1.17,
    "type": "Buy",
    "entryPrice": 4395.2,
    "tp": null,
    "sl": null,
    "closePrice": null,
    "grossProfit": 0,
    "pips": 0,
    "balance": null,
    "equity": 29669.06
  },
  {
    "serial": 25,
    "orderId": null,
    "positionId": 13,
    "event": "Position Closed",
    "time": 1510524000000,
    "volume": 1.17,
    "quantity": 1.17,
    "type": "Buy",
    "entryPrice": 4395.2,
    "tp": null,
    "sl": null,
    "closePrice": 5864.8,
    "grossProfit": 1601.5,
    "pips": 14696,
    "balance": 31194.94,
    "equity": 31123.68
  },
  {
    "serial": 26,
    "orderId": null,
    "positionId": 14,
    "event": "Create Position",
    "time": 1510869600000,
    "volume": 0.66,
    "quantity": 0.66,
    "type": "Buy",
    "entryPrice": 7896.2,
    "tp": null,
    "sl": null,
    "closePrice": null,
    "grossProfit": 0,
    "pips": 0,
    "balance": null,
    "equity": 31194.94
  },
  {
    "serial": 27,
    "orderId": null,
    "positionId": 14,
    "event": "Position Closed",
    "time": 1513980000000,
    "volume": 0.66,
    "quantity": 0.66,
    "type": "Buy",
    "entryPrice": 7896.2,
    "tp": null,
    "sl": null,
    "closePrice": 13450,
    "grossProfit": 3414.09,
    "pips": 55538,
    "balance": 34526.01,
    "equity": 34445.45
  },
  {
    "serial": 28,
    "orderId": null,
    "positionId": 15,
    "event": "Create Position",
    "time": 1519164000000,
    "volume": 0.39,
    "quantity": 0.39,
    "type": "Buy",
    "entryPrice": 11672.1,
    "tp": null,
    "sl": null,
    "closePrice": null,
    "grossProfit": 0,
    "pips": 0,
    "balance": null,
    "equity": 34526.01
  },
  {
    "serial": 29,
    "orderId": null,
    "positionId": 15,
    "event": "Position Closed",
    "time": 1520632800000,
    "volume": 0.39,
    "quantity": 0.39,
    "type": "Buy",
    "entryPrice": 11672.1,
    "tp": null,
    "sl": null,
    "closePrice": 8965,
    "grossProfit": -983.35,
    "pips": -27071,
    "balance": 33521.9,
    "equity": 33502.6
  },
  {
    "serial": 30,
    "orderId": null,
    "positionId": 16,
    "event": "Create Position",
    "time": 1524517200000,
    "volume": 0.82,
    "quantity": 0.82,
    "type": "Buy",
    "entryPrice": 8888.15,
    "tp": null,
    "sl": null,
    "closePrice": null,
    "grossProfit": 0,
    "pips": 0,
    "balance": null,
    "equity": 33521.9
  },
  {
    "serial": 31,
    "orderId": null,
    "positionId": 16,
    "event": "Position Closed",
    "time": 1526245200000,
    "volume": 0.82,
    "quantity": 0.82,
    "type": "Buy",
    "entryPrice": 8888.15,
    "tp": null,
    "sl": null,
    "closePrice": 8692.8,
    "grossProfit": -149.2,
    "pips": -1953.5,
    "balance": 33331.16,
    "equity": 33292.68
  },
  {
    "serial": 32,
    "orderId": null,
    "positionId": 17,
    "event": "Create Position",
    "time": 1531861200000,
    "volume": 1.28,
    "quantity": 1.28,
    "type": "Buy",
    "entryPrice": 7309.97,
    "tp": null,
    "sl": null,
    "closePrice": null,
    "grossProfit": 0,
    "pips": 0,
    "balance": null,
    "equity": 33331.16
  },
  {
    "serial": 33,
    "orderId": null,
    "positionId": 17,
    "event": "Position Closed",
    "time": 1533589200000,
    "volume": 1.28,
    "quantity": 1.28,
    "type": "Buy",
    "entryPrice": 7309.97,
    "tp": null,
    "sl": null,
    "closePrice": 6908.65,
    "grossProfit": -478.46,
    "pips": -4013.2,
    "balance": 32797.99,
    "equity": 32748.06
  },
  {
    "serial": 34,
    "orderId": null,
    "positionId": 18,
    "event": "Create Position",
    "time": 1536094800000,
    "volume": 1.24,
    "quantity": 1.24,
    "type": "Buy",
    "entryPrice": 7362.51,
    "tp": null,
    "sl": null,
    "closePrice": null,
    "grossProfit": 0,
    "pips": 0,
    "balance": null,
    "equity": 32797.99
  },
  {
    "serial": 35,
    "orderId": null,
    "positionId": 18,
    "event": "Position Closed",
    "time": 1539291600000,
    "volume": 1.24,
    "quantity": 1.24,
    "type": "Buy",
    "entryPrice": 7362.51,
    "tp": null,
    "sl": null,
    "closePrice": 6270.98,
    "grossProfit": -1260.66,
    "pips": -10915.3,
    "balance": 31456.57,
    "equity": 31380.43
  },
  {
    "serial": 36,
    "orderId": null,
    "positionId": 19,
    "event": "Create Position",
    "time": 1550527200000,
    "volume": 3.39,
    "quantity": 3.39,
    "type": "Buy",
    "entryPrice": 3952.54,
    "tp": null,
    "sl": null,
    "closePrice": null,
    "grossProfit": 0,
    "pips": 0,
    "balance": null,
    "equity": 31456.57
  },
  {
    "serial": 37,
    "orderId": null,
    "positionId": 19,
    "event": "Position Closed",
    "time": 1563310800000,
    "volume": 3.39,
    "quantity": 3.39,
    "type": "Buy",
    "entryPrice": 3952.54,
    "tp": null,
    "sl": null,
    "closePrice": 9587.43,
    "grossProfit": 17792.07,
    "pips": 56348.9,
    "balance": 48369.05,
    "equity": 47502.1
  },
  {
    "serial": 38,
    "orderId": null,
    "positionId": 20,
    "event": "Create Position",
    "time": 1572296400000,
    "volume": 1.28,
    "quantity": 1.28,
    "type": "Buy",
    "entryPrice": 9399.49,
    "tp": null,
    "sl": null,
    "closePrice": null,
    "grossProfit": 0,
    "pips": 0,
    "balance": null,
    "equity": 48369.05
  },
  {
    "serial": 39,
    "orderId": null,
    "positionId": 20,
    "event": "Position Closed",
    "time": 1574028000000,
    "volume": 1.28,
    "quantity": 1.28,
    "type": "Buy",
    "entryPrice": 9399.49,
    "tp": null,
    "sl": null,
    "closePrice": 8470.35,
    "grossProfit": -1107.73,
    "pips": -9291.4,
    "balance": 47198.07,
    "equity": 47139.6
  },
  {
    "serial": 40,
    "orderId": null,
    "positionId": 21,
    "event": "Create Position",
    "time": 1578434400000,
    "volume": 1.71,
    "quantity": 1.71,
    "type": "Buy",
    "entryPrice": 8057.24,
    "tp": null,
    "sl": null,
    "closePrice": null,
    "grossProfit": 0,
    "pips": 0,
    "balance": null,
    "equity": 47198.07
  },
  {
    "serial": 41,
    "orderId": null,
    "positionId": 21,
    "event": "Position Closed",
    "time": 1582754400000,
    "volume": 1.71,
    "quantity": 1.71,
    "type": "Buy",
    "entryPrice": 8057.24,
    "tp": null,
    "sl": null,
    "closePrice": 8746.5,
    "grossProfit": 1097.79,
    "pips": 6892.6,
    "balance": 48088.39,
    "equity": 47887.3
  },
  {
    "serial": 42,
    "orderId": null,
    "positionId": 22,
    "event": "Create Position",
    "time": 1587675600000,
    "volume": 1.29,
    "quantity": 1.29,
    "type": "Buy",
    "entryPrice": 7547.06,
    "tp": null,
    "sl": null,
    "closePrice": null,
    "grossProfit": 0,
    "pips": 0,
    "balance": null,
    "equity": 48088.39
  },
  {
    "serial": 43,
    "orderId": null,
    "positionId": 22,
    "event": "Position Closed",
    "time": 1599166800000,
    "volume": 1.29,
    "quantity": 1.29,
    "type": "Buy",
    "entryPrice": 7547.06,
    "tp": null,
    "sl": null,
    "closePrice": 10775.5,
    "grossProfit": 3879.04,
    "pips": 32284.4,
    "balance": 51529.88,
    "equity": 51097.15
  },
  {
    "serial": 44,
    "orderId": null,
    "positionId": 23,
    "event": "Create Position",
    "time": 1602536400000,
    "volume": 1.88,
    "quantity": 1.88,
    "type": "Buy",
    "entryPrice": 11555.6,
    "tp": null,
    "sl": null,
    "closePrice": null,
    "grossProfit": 0,
    "pips": 0,
    "balance": null,
    "equity": 51529.88
  },
  {
    "serial": 45,
    "orderId": null,
    "positionId": 23,
    "event": "Position Closed",
    "time": 1616706300000,
    "volume": 1.88,
    "quantity": 1.88,
    "type": "Buy",
    "entryPrice": 11555.6,
    "tp": null,
    "sl": null,
    "closePrice": 52189.26,
    "grossProfit": 71151.67,
    "pips": 406336.6,
    "balance": 120211.72,
    "equity": 117748.91
  },
  {
    "serial": 46,
    "orderId": null,
    "positionId": 24,
    "event": "Create Position",
    "time": 1618347900000,
    "volume": 0.49,
    "quantity": 0.49,
    "type": "Buy",
    "entryPrice": 63151.06,
    "tp": null,
    "sl": null,
    "closePrice": null,
    "grossProfit": 0,
    "pips": 0,
    "balance": null,
    "equity": 120211.72
  },
  {
    "serial": 47,
    "orderId": null,
    "positionId": 24,
    "event": "Position Closed",
    "time": 1619125500000,
    "volume": 0.49,
    "quantity": 0.49,
    "type": "Buy",
    "entryPrice": 63151.06,
    "tp": null,
    "sl": null,
    "closePrice": 51151.26,
    "grossProfit": -5476.6,
    "pips": -119998,
    "balance": 114669.05,
    "equity": 114604.8
  },
  {
    "serial": 48,
    "orderId": null,
    "positionId": 25,
    "event": "Create Position",
    "time": 1627333260000,
    "volume": 0.66,
    "quantity": 0.66,
    "type": "Buy",
    "entryPrice": 37526.6,
    "tp": null,
    "sl": null,
    "closePrice": null,
    "grossProfit": 0,
    "pips": 0,
    "balance": null,
    "equity": 114669.05
  },
  {
    "serial": 49,
    "orderId": null,
    "positionId": 25,
    "event": "Position Closed",
    "time": 1632258060000,
    "volume": 0.66,
    "quantity": 0.66,
    "type": "Buy",
    "entryPrice": 37526.6,
    "tp": null,
    "sl": null,
    "closePrice": 40980,
    "grossProfit": 2122.91,
    "pips": 34534,
    "balance": 116350.13,
    "equity": 115910.76
  },
  {
    "serial": 50,
    "orderId": null,
    "positionId": 26,
    "event": "Create Position",
    "time": 1633467660000,
    "volume": 0.54,
    "quantity": 0.54,
    "type": "Buy",
    "entryPrice": 51476.1,
    "tp": null,
    "sl": null,
    "closePrice": null,
    "grossProfit": 0,
    "pips": 0,
    "balance": null,
    "equity": 116350.13
  },
  {
    "serial": 51,
    "orderId": null,
    "positionId": 26,
    "event": "Position Closed",
    "time": 1637272860000,
    "volume": 0.54,
    "quantity": 0.54,
    "type": "Buy",
    "entryPrice": 51476.1,
    "tp": null,
    "sl": null,
    "closePrice": 57590,
    "grossProfit": 3075.06,
    "pips": 61139,
    "balance": 119053.45,
    "equity": 118683.73
  },
  {
    "serial": 52,
    "orderId": null,
    "positionId": 27,
    "event": "Create Position",
    "time": 1644271320000,
    "volume": 0.64,
    "quantity": 0.64,
    "type": "Buy",
    "entryPrice": 44082.1,
    "tp": null,
    "sl": null,
    "closePrice": null,
    "grossProfit": 0,
    "pips": 0,
    "balance": null,
    "equity": 119053.45
  },
  {
    "serial": 53,
    "orderId": null,
    "positionId": 27,
    "event": "Position Closed",
    "time": 1645135320000,
    "volume": 0.64,
    "quantity": 0.64,
    "type": "Buy",
    "entryPrice": 44082.1,
    "tp": null,
    "sl": null,
    "closePrice": 40724,
    "grossProfit": -2001.77,
    "pips": -33581,
    "balance": 116978.82,
    "equity": 116908.34
  },
  {
    "serial": 54,
    "orderId": null,
    "positionId": 28,
    "event": "Create Position",
    "time": 1648242120000,
    "volume": 0.78,
    "quantity": 0.78,
    "type": "Buy",
    "entryPrice": 44539.1,
    "tp": null,
    "sl": null,
    "closePrice": null,
    "grossProfit": 0,
    "pips": 0,
    "balance": null,
    "equity": 116978.82
  },
  {
    "serial": 55,
    "orderId": null,
    "positionId": 28,
    "event": "Position Closed",
    "time": 1649278920000,
    "volume": 0.78,
    "quantity": 0.78,
    "type": "Buy",
    "entryPrice": 44539.1,
    "tp": null,
    "sl": null,
    "closePrice": 43856,
    "grossProfit": -496.27,
    "pips": -6831,
    "balance": 116387.46,
    "equity": 116295.29
  },
  {
    "serial": 56,
    "orderId": null,
    "positionId": 29,
    "event": "Create Position",
    "time": 1658264520000,
    "volume": 1.16,
    "quantity": 1.16,
    "type": "Buy",
    "entryPrice": 23308.1,
    "tp": null,
    "sl": null,
    "closePrice": null,
    "grossProfit": 0,
    "pips": 0,
    "balance": null,
    "equity": 116387.46
  },
  {
    "serial": 57,
    "orderId": null,
    "positionId": 29,
    "event": "Position Closed",
    "time": 1660942920000,
    "volume": 1.16,
    "quantity": 1.16,
    "type": "Buy",
    "entryPrice": 23308.1,
    "tp": null,
    "sl": null,
    "closePrice": 21266,
    "grossProfit": -2206.36,
    "pips": -20421,
    "balance": 113950.78,
    "equity": 113724.78
  },
  {
    "serial": 58,
    "orderId": null,
    "positionId": 30,
    "event": "Create Position",
    "time": 1663016520000,
    "volume": 1.75,
    "quantity": 1.75,
    "type": "Buy",
    "entryPrice": 22384.1,
    "tp": null,
    "sl": null,
    "closePrice": null,
    "grossProfit": 0,
    "pips": 0,
    "balance": null,
    "equity": 113950.78
  },
  {
    "serial": 59,
    "orderId": null,
    "positionId": 30,
    "event": "Position Closed",
    "time": 1667944800000,
    "volume": 1.75,
    "quantity": 1.75,
    "type": "Buy",
    "entryPrice": 22384.1,
    "tp": null,
    "sl": null,
    "closePrice": 18686,
    "grossProfit": -6027.79,
    "pips": -36981,
    "balance": 107415.67,
    "equity": 106914.89
  },
  {
    "serial": 60,
    "orderId": null,
    "positionId": 31,
    "event": "Create Position",
    "time": 1670968920000,
    "volume": 3.46,
    "quantity": 3.46,
    "type": "Buy",
    "entryPrice": 17730.1,
    "tp": null,
    "sl": null,
    "closePrice": null,
    "grossProfit": 0,
    "pips": 0,
    "balance": null,
    "equity": 107415.67
  },
  {
    "serial": 61,
    "orderId": null,
    "positionId": 31,
    "event": "Position Closed",
    "time": 1675980120000,
    "volume": 3.46,
    "quantity": 3.46,
    "type": "Buy",
    "entryPrice": 17730.1,
    "tp": null,
    "sl": null,
    "closePrice": 21850,
    "grossProfit": 13277.13,
    "pips": 41199,
    "balance": 119678.84,
    "equity": 118677.8
  },
  {
    "serial": 62,
    "orderId": null,
    "positionId": 32,
    "event": "Create Position",
    "time": 1676584920000,
    "volume": 1.88,
    "quantity": 1.88,
    "type": "Buy",
    "entryPrice": 24534.1,
    "tp": null,
    "sl": null,
    "closePrice": null,
    "grossProfit": 0,
    "pips": 0,
    "balance": null,
    "equity": 119678.84
  },
  {
    "serial": 63,
    "orderId": null,
    "positionId": 32,
    "event": "Position Closed",
    "time": 1677880920000,
    "volume": 1.88,
    "quantity": 1.88,
    "type": "Buy",
    "entryPrice": 24534.1,
    "tp": null,
    "sl": null,
    "closePrice": 22227,
    "grossProfit": -4039.85,
    "pips": -23071,
    "balance": 115439.4,
    "equity": 115246.83
  },
  {
    "serial": 64,
    "orderId": null,
    "positionId": 33,
    "event": "Create Position",
    "time": 1679086920000,
    "volume": 1.26,
    "quantity": 1.26,
    "type": "Buy",
    "entryPrice": 26828.1,
    "tp": null,
    "sl": null,
    "closePrice": null,
    "grossProfit": 0,
    "pips": 0,
    "balance": null,
    "equity": 115439.4
  },
  {
    "serial": 65,
    "orderId": null,
    "positionId": 33,
    "event": "Position Closed",
    "time": 1682110920000,
    "volume": 1.26,
    "quantity": 1.26,
    "type": "Buy",
    "entryPrice": 26828.1,
    "tp": null,
    "sl": null,
    "closePrice": 27271,
    "grossProfit": 519.78,
    "pips": 4429,
    "balance": 115634.17,
    "equity": 115313.86
  },
  {
    "serial": 66,
    "orderId": null,
    "positionId": 34,
    "event": "Create Position",
    "time": 1687294920000,
    "volume": 1.58,
    "quantity": 1.58,
    "type": "Buy",
    "entryPrice": 28134.1,
    "tp": null,
    "sl": null,
    "closePrice": null,
    "grossProfit": 0,
    "pips": 0,
    "balance": null,
    "equity": 115634.17
  },
  {
    "serial": 67,
    "orderId": null,
    "positionId": 34,
    "event": "Position Closed",
    "time": 1690232520000,
    "volume": 1.58,
    "quantity": 1.58,
    "type": "Buy",
    "entryPrice": 28134.1,
    "tp": null,
    "sl": null,
    "closePrice": 29134,
    "grossProfit": 1471.48,
    "pips": 9999,
    "balance": 116684.26,
    "equity": 116268.77
  },
  {
    "serial": 68,
    "orderId": null,
    "positionId": 35,
    "event": "Create Position",
    "time": 1696280520000,
    "volume": 2.42,
    "quantity": 2.42,
    "type": "Buy",
    "entryPrice": 27840.1,
    "tp": null,
    "sl": null,
    "closePrice": null,
    "grossProfit": 0,
    "pips": 0,
    "balance": null,
    "equity": 116684.26
  },
  {
    "serial": 69,
    "orderId": null,
    "positionId": 35,
    "event": "Position Closed",
    "time": 1697058120000,
    "volume": 2.42,
    "quantity": 2.42,
    "type": "Buy",
    "entryPrice": 27840.1,
    "tp": null,
    "sl": null,
    "closePrice": 26699,
    "grossProfit": -2572.06,
    "pips": -11411,
    "balance": 113949.93,
    "equity": 113796.7
  },
  {
    "serial": 70,
    "orderId": null,
    "positionId": 36,
    "event": "Create Position",
    "time": 1698094920000,
    "volume": 1.67,
    "quantity": 1.67,
    "type": "Buy",
    "entryPrice": 31603.1,
    "tp": null,
    "sl": null,
    "closePrice": null,
    "grossProfit": 0,
    "pips": 0,
    "balance": null,
    "equity": 113949.93
  },
  {
    "serial": 71,
    "orderId": null,
    "positionId": 36,
    "event": "Position Closed",
    "time": 1705615320000,
    "volume": 1.67,
    "quantity": 1.67,
    "type": "Buy",
    "entryPrice": 31603.1,
    "tp": null,
    "sl": null,
    "closePrice": 41141,
    "grossProfit": 14835.79,
    "pips": 95379,
    "balance": 127296.73,
    "equity": 125813.98
  },
  {
    "serial": 72,
    "orderId": null,
    "positionId": 37,
    "event": "Create Position",
    "time": 1707343320000,
    "volume": 1.29,
    "quantity": 1.29,
    "type": "Buy",
    "entryPrice": 44173.1,
    "tp": null,
    "sl": null,
    "closePrice": null,
    "grossProfit": 0,
    "pips": 0,
    "balance": null,
    "equity": 127296.73
  },
  {
    "serial": 73,
    "orderId": null,
    "positionId": 37,
    "event": "Position Closed",
    "time": 1710882300000,
    "volume": 1.29,
    "quantity": 1.29,
    "type": "Buy",
    "entryPrice": 44173.1,
    "tp": null,
    "sl": null,
    "closePrice": 63866.41,
    "grossProfit": 23661.91,
    "pips": 196933.1,
    "balance": 150155.69,
    "equity": 149357.56
  },
  {
    "serial": 74,
    "orderId": null,
    "positionId": 38,
    "event": "Create Position",
    "time": 1715979900000,
    "volume": 0.71,
    "quantity": 0.71,
    "type": "Buy",
    "entryPrice": 66806.04,
    "tp": null,
    "sl": null,
    "closePrice": null,
    "grossProfit": 0,
    "pips": 0,
    "balance": null,
    "equity": 150155.69
  }
]