[
  {
    "serial": 0,
    "orderId": null,
    "positionId": 1,
    "event": "Create Position",
    "time": 1404162000000,
    "volume": 5.17,
    "quantity": 5.17,
    "type": "Buy",
    "entryPrice": 634.7,
    "tp": null,
    "sl": null,
    "closePrice": null,
    "grossProfit": 0,
    "pips": 0,
    "balance": null,
    "equity": 10000
  },
  {
    "serial": 1,
    "orderId": null,
    "positionId": 1,
    "event": "Position Closed",
    "time": 1406235600000,
    "volume": 5.17,
    "quantity": 5.17,
    "type": "Buy",
    "entryPrice": 634.7,
    "tp": null,
    "sl": null,
    "closePrice": 590,
    "grossProfit": -215.25,
    "pips": -447,
    "balance": 9745.97,
    "equity": 9726.49
  },
  {
    "serial": 2,
    "orderId": null,
    "positionId": 2,
    "event": "Create Position",
    "time": 1415829600000,
    "volume": 6.99,
    "quantity": 6.99,
    "type": "Buy",
    "entryPrice": 419.2,
    "tp": null,
    "sl": null,
    "closePrice": null,
    "grossProfit": 0,
    "pips": 0,
    "balance": null,
    "equity": 9745.97
  },
  {
    "serial": 3,
    "orderId": null,
    "positionId": 2,
    "event": "Position Closed",
    "time": 1416520800000,
    "volume": 6.99,
    "quantity": 6.99,
    "type": "Buy",
    "entryPrice": 419.2,
    "tp": null,
    "sl": null,
    "closePrice": 351.8,
    "grossProfit": -438.81,
    "pips": -674,
    "balance": 9275.7,
    "equity": 9270.32
  },
  {
    "serial": 4,
    "orderId": null,
    "positionId": 3,
    "event": "Create Position",
    "time": 1425160800000,
    "volume": 12.34,
    "quantity": 12.34,
    "type": "Buy",
    "entryPrice": 250.1,
    "tp": null,
    "sl": null,
    "closePrice": null,
    "grossProfit": 0,
    "pips": 0,
    "balance": null,
    "equity": 9275.7
  },
  {
    "serial": 5,
    "orderId": null,
    "positionId": 3,
    "event": "Position Closed",
    "time": 1426712400000,
    "volume": 12.34,
    "quantity": 12.34,
    "type": "Buy",
    "entryPrice": 250.1,
    "tp": null,
    "sl": null,
    "closePrice": 250.3,
    "grossProfit": 2.3,
    "pips": 2,
    "balance": 9216.37,
    "equity": 9200.78
  },
  {
    "serial": 6,
    "orderId": null,
    "positionId": 4,
    "event": "Create Position",
    "time": 1431205200000,
    "volume": 13.91,
    "quantity": 13.91,
    "type": "Buy",
    "entryPrice": 238.9,
    "tp": null,
    "sl": null,
    "closePrice": null,
    "grossProfit": 0,
    "pips": 0,
    "balance": null,
    "equity": 9216.37
  },
  {
    "serial": 7,
    "orderId": null,
    "positionId": 4,
    "event": "Position Closed",
    "time": 1433106000000,
    "volume": 13.91,
    "quantity": 13.91,
    "type": "Buy",
    "entryPrice": 238.9,
    "tp": null,
    "sl": null,
    "closePrice": 232.08,
    "grossProfit": -88.36,
    "pips": -68.2,
    "balance": 9057.59,
    "equity": 9039.07
  },
  {
    "serial": 8,
    "orderId": null,
    "positionId": 5,
    "event": "Create Position",
    "time": 1434402000000,
    "volume": 28.04,
    "quantity": 28.04,
    "type": "Buy",
    "entryPrice": 238.6,
    "tp": null,
    "sl": null,
    "closePrice": null,
    "grossProfit": 0,
    "pips": 0,
    "balance": null,
    "equity": 9057.59
  },
  {
    "serial": 9,
    "orderId": null,
    "positionId": 5,
    "event": "Position Closed",
    "time": 1438894800000,
    "volume": 28.04,
    "quantity": 28.04,
    "type": "Buy",
    "entryPrice": 238.6,
    "tp": null,
    "sl": null,
    "closePrice": 273.58,
    "grossProfit": 913.56,
    "pips": 349.8,
    "balance": 9767.24,
    "equity": 9667.97
  },
  {
    "serial": 10,
    "orderId": null,
    "positionId": 6,
    "event": "Create Position",
    "time": 1441573200000,
    "volume": 10.31,
    "quantity": 10.31,
    "type": "Buy",
    "entryPrice": 236.1,
    "tp": null,
    "sl": null,
    "closePrice": null,
    "grossProfit": 0,
    "pips": 0,
    "balance": null,
    "equity": 9767.24
  },
  {
    "serial": 11,
    "orderId": null,
    "positionId": 6,
    "event": "Position Closed",
    "time": 1451167200000,
    "volume": 10.31,
    "quantity": 10.31,
    "type": "Buy",
    "entryPrice": 236.1,
    "tp": null,
    "sl": null,
    "closePrice": 412.1,
    "grossProfit": 1690.1,
    "pips": 1760,
    "balance": 11326.21,
    "equity": 11233.56
  },
  {
    "serial": 12,
    "orderId": null,
    "positionId": 7,
    "event": "Create Position",
    "time": 1455487200000,
    "volume": 13.6,
    "quantity": 13.6,
    "type": "Buy",
    "entryPrice": 402.9,
    "tp": null,
    "sl": null,
    "closePrice": null,
    "grossProfit": 0,
    "pips": 0,
    "balance": null,
    "equity": 11326.21
  },
  {
    "serial": 13,
    "orderId": null,
    "positionId": 7,
    "event": "Position Closed",
    "time": 1457128800000,
    "volume": 13.6,
    "quantity": 13.6,
    "type": "Buy",
    "entryPrice": 402.9,
    "tp": null,
    "sl": null,
    "closePrice": 411.6,
    "grossProfit": 110.2,
    "pips": 87,
    "balance": 11355.03,
    "equity": 11324.39
  },
  {
    "serial": 14,
    "orderId": null,
    "positionId": 8,
    "event": "Create Position",
    "time": 1459112400000,
    "volume": 19.75,
    "quantity": 19.75,
    "type": "Buy",
    "entryPrice": 422.23,
    "tp": null,
    "sl": null,
    "closePrice": null,
    "grossProfit": 0,
    "pips": 0,
    "balance": null,
    "equity": 11355.03
  },
  {
    "serial": 15,
    "orderId": null,
    "positionId": 8,
    "event": "Position Closed",
    "time": 1463691600000,
    "volume": 19.75,
    "quantity": 19.75,
    "type": "Buy",
    "entryPrice": 422.23,
    "tp": null,
    "sl": null,
    "closePrice": 443.43,
    "grossProfit": 389.98,
    "pips": 212,
    "balance": 11555.06,
    "equity": 11438.81
  },
  {
    "serial": 16,
    "orderId": null,
    "positionId": 9,
    "event": "Create Position",
    "time": 1464382800000,
    "volume": 19.33,
    "quantity": 19.33,
    "type": "Buy",
    "entryPrice": 468.1,
    "tp": null,
    "sl": null,
    "closePrice": null,
    "grossProfit": 0,
    "pips": 0,
    "balance": null,
    "equity": 11555.06
  },
  {
    "serial": 17,
    "orderId": null,
    "positionId": 9,
    "event": "Position Closed",
    "time": 1466629200000,
    "volume": 19.33,
    "quantity": 19.33,
    "type": "Buy",
    "entryPrice": 468.1,
    "tp": null,
    "sl": null,
    "closePrice": 590.11,
    "grossProfit": 2196.69,
    "pips": 1220.1,
    "balance": 13602.78,
    "equity": 13525.93
  },
  {
    "serial": 18,
    "orderId": null,
    "positionId": 10,
    "event": "Create Position",
    "time": 1472936400000,
    "volume": 15.25,
    "quantity": 15.25,
    "type": "Buy",
    "entryPrice": 602.08,
    "tp": null,
    "sl": null,
    "closePrice": null,
    "grossProfit": 0,
    "pips": 0,
    "balance": null,
    "equity": 13602.78
  },
  {
    "serial": 19,
    "orderId": null,
    "positionId": 10,
    "event": "Position Closed",
    "time": 1483740000000,
    "volume": 15.25,
    "quantity": 15.25,
    "type": "Buy",
    "entryPrice": 602.08,
    "tp": null,
    "sl": null,
    "closePrice": 855.9,
    "grossProfit": 3605.26,
    "pips": 2538.2,
    "balance": 16799.9,
    "equity": 16448.66
  },
  {
    "serial": 20,
    "orderId": null,
    "positionId": 11,
    "event": "Create Position",
    "time": 1485900000000,
    "volume": 6.67,
    "quantity": 6.67,
    "type": "Buy",
    "entryPrice": 936.1,
    "tp": null,
    "sl": null,
    "closePrice": null,
    "grossProfit": 0,
    "pips": 0,
    "balance": null,
    "equity": 16799.9
  },
  {
    "serial": 21,
    "orderId": null,
    "positionId": 11,
    "event": "Position Closed",
    "time": 1489183200000,
    "volume": 6.67,
    "quantity": 6.67,
    "type": "Buy",
    "entryPrice": 936.1,
    "tp": null,
    "sl": null,
    "closePrice": 1120,
    "grossProfit": 1142.48,
    "pips": 1839,
    "balance": 17843.47,
    "equity": 17769.44
  },
  {
    "serial": 22,
    "orderId": null,
    "positionId": 12,
    "event": "Create Position",
    "time": 1491512400000,
    "volume": 3.34,
    "quantity": 3.34,
    "type": "Buy",
    "entryPrice": 1184.1,
    "tp": null,
    "sl": null,
    "closePrice": null,
    "grossProfit": 0,
    "pips": 0,
    "balance": null,
    "equity": 17843.47
  },
  {
    "serial": 23,
    "orderId": null,
    "positionId": 12,
    "event": "Position Closed",
    "time": 1498510800000,
    "volume": 3.34,
    "quantity": 3.34,
    "type": "Buy",
    "entryPrice": 1184.1,
    "tp": null,
    "sl": null,
    "closePrice": 2356.43,
    "grossProfit": 3647.02,
    "pips": 11723.3,
    "balance": 21347.94,
    "equity": 21217.85
  },
  {
    "serial": 24,
    "orderId": null,
    "positionId": 13,
    "event": "Create Position",
    "time": 1500584400000,
    "volume": 1.79,
    "quantity": 1.79,
    "type": "Buy",
    "entryPrice": 2583.12,
    "tp": null,
    "sl": null,
    "closePrice": null,
    "grossProfit": 0,
    "pips": 0,
    "balance": null,
    "equity": 21347.94
  },
  {
    "serial": 25,
    "orderId": null,
    "positionId": 13,
    "event": "Position Closed",
    "time": 1505336400000,
    "volume": 1.79,
    "quantity": 1.79,
    "type": "Buy",
    "entryPrice": 2583.12,
    "tp": null,
    "sl": null,
    "closePrice": 3892.2,
    "grossProfit": 2182.53,
    "pips": 13090.8,
    "balance": 23430.75,
    "equity": 23337.71
  },
  {
    "serial": 26,
    "orderId": null,
    "positionId": 14,
    "event": "Create Position",
    "time": 1506805200000,
    "volume": 0.88,
    "quantity": 0.88,
    "type": "Buy",
    "entryPrice": 4350.1,
    "tp": null,
    "sl": null,
    "closePrice": null,
    "grossProfit": 0,
    "pips": 0,
    "balance": null,
    "equity": 23430.75
  },
  {
    "serial": 27,
    "orderId": null,
    "positionId": 14,
    "event": "Position Closed",
    "time": 1510524000000,
    "volume": 0.88,
    "quantity": 0.88,
    "type": "Buy",
    "entryPrice": 4350.1,
    "tp": null,
    "sl": null,
    "closePrice": 5864.8,
    "grossProfit": 1241.51,
    "pips": 15147,
    "balance": 24613.39,
    "equity": 24557.8
  },
  {
    "serial": 28,
    "orderId": null,
    "positionId": 15,
    "event": "Create Position",
    "time": 1510869600000,
    "volume": 0.52,
    "quantity": 0.52,
    "type": "Buy",
    "entryPrice": 7896.2,
    "tp": null,
    "sl": null,
    "closePrice": null,
    "grossProfit": 0,
    "pips": 0,
    "balance": null,
    "equity": 24613.39
  },
  {
    "serial": 29,
    "orderId": null,
    "positionId": 15,
    "event": "Position Closed",
    "time": 1513893600000,
    "volume": 0.52,
    "quantity": 0.52,
    "type": "Buy",
    "entryPrice": 7896.2,
    "tp": null,
    "sl": null,
    "closePrice": 15511,
    "grossProfit": 3688.1,
    "pips": 76148,
    "balance": 28241.41,
    "equity": 28183.27
  },
  {
    "serial": 30,
    "orderId": null,
    "positionId": 16,
    "event": "Create Position",
    "time": 1518904800000,
    "volume": 0.31,
    "quantity": 0.31,
    "type": "Buy",
    "entryPrice": 10798.1,
    "tp": null,
    "sl": null,
    "closePrice": null,
    "grossProfit": 0,
    "pips": 0,
    "balance": null,
    "equity": 28241.41
  },
  {
    "serial": 31,
    "orderId": null,
    "positionId": 16,
    "event": "Position Closed",
    "time": 1520546400000,
    "volume": 0.31,
    "quantity": 0.31,
    "type": "Buy",
    "entryPrice": 10798.1,
    "tp": null,
    "sl": null,
    "closePrice": 9315,
    "grossProfit": -428.23,
    "pips": -14831,
    "balance": 27796.17,
    "equity": 27780.32
  },
  {
    "serial": 32,
    "orderId": null,
    "positionId": 17,
    "event": "Create Position",
    "time": 1524430800000,
    "volume": 0.66,
    "quantity": 0.66,
    "type": "Buy",
    "entryPrice": 8853.9,
    "tp": null,
    "sl": null,
    "closePrice": null,
    "grossProfit": 0,
    "pips": 0,
    "balance": null,
    "equity": 27796.17
  },
  {
    "serial": 33,
    "orderId": null,
    "positionId": 17,
    "event": "Position Closed",
    "time": 1526245200000,
    "volume": 0.66,
    "quantity": 0.66,
    "type": "Buy",
    "entryPrice": 8853.9,
    "tp": null,
    "sl": null,
    "closePrice": 8692.8,
    "grossProfit": -99.03,
    "pips": -1611,
    "balance": 27662.19,
    "equity": 27629.7
  },
  {
    "serial": 34,
    "orderId": null,
    "positionId": 18,
    "event": "Create Position",
    "time": 1531861200000,
    "volume": 1.06,
    "quantity": 1.06,
    "type": "Buy",
    "entryPrice": 7309.97,
    "tp": null,
    "sl": null,
    "closePrice": null,
    "grossProfit": 0,
    "pips": 0,
    "balance": null,
    "equity": 27662.19
  },
  {
    "serial": 35,
    "orderId": null,
    "positionId": 18,
    "event": "Position Closed",
    "time": 1533589200000,
    "volume": 1.06,
    "quantity": 1.06,
    "type": "Buy",
    "entryPrice": 7309.97,
    "tp": null,
    "sl": null,
    "closePrice": 6908.65,
    "grossProfit": -396.22,
    "pips": -4013.2,
    "balance": 27220.64,
    "equity": 27179.27
  },
  {
    "serial": 36,
    "orderId": null,
    "positionId": 19,
    "event": "Create Position",
    "time": 1536008400000,
    "volume": 1.01,
    "quantity": 1.01,
    "type": "Buy",
    "entryPrice": 7299.67,
    "tp": null,
    "sl": null,
    "closePrice": null,
    "grossProfit": 0,
    "pips": 0,
    "balance": null,
    "equity": 27220.64
  },
  {
    "serial": 37,
    "orderId": null,
    "positionId": 19,
    "event": "Position Closed",
    "time": 1539291600000,
    "volume": 1.01,
    "quantity": 1.01,
    "type": "Buy",
    "entryPrice": 7299.67,
    "tp": null,
    "sl": null,
    "closePrice": 6270.98,
    "grossProfit": -967.71,
    "pips": -10286.9,
    "balance": 26185.27,
    "equity": 26121.37
  },
  {
    "serial": 38,
    "orderId": null,
    "positionId": 20,
    "event": "Create Position",
    "time": 1550527200000,
    "volume": 2.82,
    "quantity": 2.82,
    "type": "Buy",
    "entryPrice": 3952.54,
    "tp": null,
    "sl": null,
    "closePrice": null,
    "grossProfit": 0,
    "pips": 0,
    "balance": null,
    "equity": 26185.27
  },
  {
    "serial": 39,
    "orderId": null,
    "positionId": 20,
    "event": "Position Closed",
    "time": 1563310800000,
    "volume": 2.82,
    "quantity": 2.82,
    "type": "Buy",
    "entryPrice": 3952.54,
    "tp": null,
    "sl": null,
    "closePrice": 9587.43,
    "grossProfit": 14800.48,
    "pips": 56348.9,
    "balance": 40253.97,
    "equity": 39532.71
  },
  {
    "serial": 40,
    "orderId": null,
    "positionId": 21,
    "event": "Create Position",
    "time": 1565038800000,
    "volume": 0.54,
    "quantity": 0.54,
    "type": "Buy",
    "entryPrice": 11623.09,
    "tp": null,
    "sl": null,
    "closePrice": null,
    "grossProfit": 0,
    "pips": 0,
    "balance": null,
    "equity": 40253.97
  },
  {
    "serial": 41,
    "orderId": null,
    "positionId": 21,
    "event": "Position Closed",
    "time": 1569358800000,
    "volume": 0.54,
    "quantity": 0.54,
    "type": "Buy",
    "entryPrice": 11623.09,
    "tp": null,
    "sl": null,
    "closePrice": 8373.58,
    "grossProfit": -1634.38,
    "pips": -32495.1,
    "balance": 38546.54,
    "equity": 38475.51
  },
  {
    "serial": 42,
    "orderId": null,
    "positionId": 22,
    "event": "Create Position",
    "time": 1572296400000,
    "volume": 1.02,
    "quantity": 1.02,
    "type": "Buy",
    "entryPrice": 9399.49,
    "tp": null,
    "sl": null,
    "closePrice": null,
    "grossProfit": 0,
    "pips": 0,
    "balance": null,
    "equity": 38546.54
  },
  {
    "serial": 43,
    "orderId": null,
    "positionId": 22,
    "event": "Position Closed",
    "time": 1573423200000,
    "volume": 1.02,
    "quantity": 1.02,
    "type": "Buy",
    "entryPrice": 9399.49,
    "tp": null,
    "sl": null,
    "closePrice": 9031.5,
    "grossProfit": -349.6,
    "pips": -3679.9,
    "balance": 38162.21,
    "equity": 38131.28
  },
  {
    "serial": 44,
    "orderId": null,
    "positionId": 23,
    "event": "Create Position",
    "time": 1578434400000,
    "volume": 1.38,
    "quantity": 1.38,
    "type": "Buy",
    "entryPrice": 8057.24,
    "tp": null,
    "sl": null,
    "closePrice": null,
    "grossProfit": 0,
    "pips": 0,
    "balance": null,
    "equity": 38162.21
  },
  {
    "serial": 45,
    "orderId": null,
    "positionId": 23,
    "event": "Position Closed",
    "time": 1582754400000,
    "volume": 1.38,
    "quantity": 1.38,
    "type": "Buy",
    "entryPrice": 8057.24,
    "tp": null,
    "sl": null,
    "closePrice": 8746.5,
    "grossProfit": 885.94,
    "pips": 6892.6,
    "balance": 38880.7,
    "equity": 38718.39
  },
  {
    "serial": 46,
    "orderId": null,
    "positionId": 24,
    "event": "Create Position",
    "time": 1587675600000,
    "volume": 1.05,
    "quantity": 1.05,
    "type": "Buy",
    "entryPrice": 7547.06,
    "tp": null,
    "sl": null,
    "closePrice": null,
    "grossProfit": 0,
    "pips": 0,
    "balance": null,
    "equity": 38880.7
  },
  {
    "serial": 47,
    "orderId": null,
    "positionId": 24,
    "event": "Position Closed",
    "time": 1599166800000,
    "volume": 1.05,
    "quantity": 1.05,
    "type": "Buy",
    "entryPrice": 7547.06,
    "tp": null,
    "sl": null,
    "closePrice": 10775.5,
    "grossProfit": 3157.35,
    "pips": 32284.4,
    "balance": 41681.87,
    "equity": 41329.61
  },
  {
    "serial": 48,
    "orderId": null,
    "positionId": 25,
    "event": "Create Position",
    "time": 1602536400000,
    "volume": 1.52,
    "quantity": 1.52,
    "type": "Buy",
    "entryPrice": 11555.6,
    "tp": null,
    "sl": null,
    "closePrice": null,
    "grossProfit": 0,
    "pips": 0,
    "balance": null,
    "equity": 41681.87
  },
  {
    "serial": 49,
    "orderId": null,
    "positionId": 25,
    "event": "Position Closed",
    "time": 1616706300000,
    "volume": 1.52,
    "quantity": 1.52,
    "type": "Buy",
    "entryPrice": 11555.6,
    "tp": null,
    "sl": null,
    "closePrice": 52189.26,
    "grossProfit": 57526.88,
    "pips": 406336.6,
    "balance": 97211.84,
    "equity": 95220.61
  },
  {
    "serial": 50,
    "orderId": null,
    "positionId": 26,
    "event": "Create Position",
    "time": 1618347900000,
    "volume": 0.4,
    "quantity": 0.4,
    "type": "Buy",
    "entryPrice": 63151.06,
    "tp": null,
    "sl": null,
    "closePrice": null,
    "grossProfit": 0,
    "pips": 0,
    "balance": null,
    "equity": 97211.84
  },
  {
    "serial": 51,
    "orderId": null,
    "positionId": 26,
    "event": "Position Closed",
    "time": 1619125500000,
    "volume": 0.4,
    "quantity": 0.4,
    "type": "Buy",
    "entryPrice": 63151.06,
    "tp": null,
    "sl": null,
    "closePrice": 51151.26,
    "grossProfit": -4470.7,
    "pips": -119998,
    "balance": 92687.2,
    "equity": 92634.76
  },
  {
    "serial": 52,
    "orderId": null,
    "positionId": 27,
    "event": "Create Position",
    "time": 1627333260000,
    "volume": 0.54,
    "quantity": 0.54,
    "type": "Buy",
    "entryPrice": 37526.6,
    "tp": null,
    "sl": null,
    "closePrice": null,
    "grossProfit": 0,
    "pips": 0,
    "balance": null,
    "equity": 92687.2
  },
  {
    "serial": 53,
    "orderId": null,
    "positionId": 27,
    "event": "Position Closed",
    "time": 1632258060000,
    "volume": 0.54,
    "quantity": 0.54,
    "type": "Buy",
    "entryPrice": 37526.6,
    "tp": null,
    "sl": null,
    "closePrice": 40980,
    "grossProfit": 1736.93,
    "pips": 34534,
    "balance": 94062.57,
    "equity": 93703.03
  },
  {
    "serial": 54,
    "orderId": null,
    "positionId": 28,
    "event": "Create Position",
    "time": 1633467660000,
    "volume": 0.43,
    "quantity": 0.43,
    "type": "Buy",
    "entryPrice": 51476.1,
    "tp": null,
    "sl": null,
    "closePrice": null,
    "grossProfit": 0,
    "pips": 0,
    "balance": null,
    "equity": 94062.57
  },
  {
    "serial": 55,
    "orderId": null,
    "positionId": 28,
    "event": "Position Closed",
    "time": 1635368460000,
    "volume": 0.43,
    "quantity": 0.43,
    "type": "Buy",
    "entryPrice": 51476.1,
    "tp": null,
    "sl": null,
    "closePrice": 58993,
    "grossProfit": 3010.57,
    "pips": 75169,
    "balance": 96928.32,
    "equity": 96785.1
  },
  {
    "serial": 56,
    "orderId": null,
    "positionId": 29,
    "event": "Create Position",
    "time": 1636408860000,
    "volume": 0.41,
    "quantity": 0.41,
    "type": "Buy",
    "entryPrice": 66135.1,
    "tp": null,
    "sl": null,
    "closePrice": null,
    "grossProfit": 0,
    "pips": 0,
    "balance": null,
    "equity": 96928.32
  },
  {
    "serial": 57,
    "orderId": null,
    "positionId": 29,
    "event": "Position Closed",
    "time": 1637100060000,
    "volume": 0.41,
    "quantity": 0.41,
    "type": "Buy",
    "entryPrice": 66135.1,
    "tp": null,
    "sl": null,
    "closePrice": 60526,
    "grossProfit": -2141.99,
    "pips": -56091,
    "balance": 94731.03,
    "equity": 94677.25
  },
  {
    "serial": 58,
    "orderId": null,
    "positionId": 30,
    "event": "Create Position",
    "time": 1644098520000,
    "volume": 0.53,
    "quantity": 0.53,
    "type": "Buy",
    "entryPrice": 41669.1,
    "tp": null,
    "sl": null,
    "closePrice": null,
    "grossProfit": 0,
    "pips": 0,
    "balance": null,
    "equity": 94731.03
  },
  {
    "serial": 59,
    "orderId": null,
    "positionId": 30,
    "event": "Position Closed",
    "time": 1645135320000,
    "volume": 0.53,
    "quantity": 0.53,
    "type": "Buy",
    "entryPrice": 41669.1,
    "tp": null,
    "sl": null,
    "closePrice": 40724,
    "grossProfit": -466.55,
    "pips": -9451,
    "balance": 94192.54,
    "equity": 94122.58
  },
  {
    "serial": 60,
    "orderId": null,
    "positionId": 31,
    "event": "Create Position",
    "time": 1647982920000,
    "volume": 0.59,
    "quantity": 0.59,
    "type": "Buy",
    "entryPrice": 42600.1,
    "tp": null,
    "sl": null,
    "closePrice": null,
    "grossProfit": 0,
    "pips": 0,
    "balance": null,
    "equity": 94192.54
  },
  {
    "serial": 61,
    "orderId": null,
    "positionId": 31,
    "event": "Position Closed",
    "time": 1649278920000,
    "volume": 0.59,
    "quantity": 0.59,
    "type": "Buy",
    "entryPrice": 42600.1,
    "tp": null,
    "sl": null,
    "closePrice": 43856,
    "grossProfit": 690.16,
    "pips": 12559,
    "balance": 94777.69,
    "equity": 94674.88
  },
  {
    "serial": 62,
    "orderId": null,
    "positionId": 32,
    "event": "Create Position",
    "time": 1654030920000,
    "volume": 0.71,
    "quantity": 0.71,
    "type": "Buy",
    "entryPrice": 31766.1,
    "tp": null,
    "sl": null,
    "closePrice": null,
    "grossProfit": 0,
    "pips": 0,
    "balance": null,
    "equity": 94777.69
  },
  {
    "serial": 63,
    "orderId": null,
    "positionId": 32,
    "event": "Position Closed",
    "time": 1654894920000,
    "volume": 0.71,
    "quantity": 0.71,
    "type": "Buy",
    "entryPrice": 31766.1,
    "tp": null,
    "sl": null,
    "closePrice": 29166,
    "grossProfit": -1719.45,
    "pips": -26001,
    "balance": 92990.51,
    "equity": 92925.42
  },
  {
    "serial": 64,
    "orderId": null,
    "positionId": 33,
    "event": "Create Position",
    "time": 1658264520000,
    "volume": 0.93,
    "quantity": 0.93,
    "type": "Buy",
    "entryPrice": 23308.1,
    "tp": null,
    "sl": null,
    "closePrice": null,
    "grossProfit": 0,
    "pips": 0,
    "balance": null,
    "equity": 92990.51
  },
  {
    "serial": 65,
    "orderId": null,
    "positionId": 33,
    "event": "Position Closed",
    "time": 1660942920000,
    "volume": 0.93,
    "quantity": 0.93,
    "type": "Buy",
    "entryPrice": 23308.1,
    "tp": null,
    "sl": null,
    "closePrice": 21266,
    "grossProfit": -1768.89,
    "pips": -20421,
    "balance": 91036.95,
    "equity": 90855.76
  },
  {
    "serial": 66,
    "orderId": null,
    "positionId": 34,
    "event": "Create Position",
    "time": 1663016520000,
    "volume": 1.4,
    "quantity": 1.4,
    "type": "Buy",
    "entryPrice": 22384.1,
    "tp": null,
    "sl": null,
    "closePrice": null,
    "grossProfit": 0,
    "pips": 0,
    "balance": null,
    "equity": 91036.95
  },
  {
    "serial": 67,
    "orderId": null,
    "positionId": 34,
    "event": "Position Closed",
    "time": 1667944800000,
    "volume": 1.4,
    "quantity": 1.4,
    "type": "Buy",
    "entryPrice": 22384.1,
    "tp": null,
    "sl": null,
    "closePrice": 18686,
    "grossProfit": -4822.23,
    "pips": -36981,
    "balance": 85808.87,
    "equity": 85408.24
  },
  {
    "serial": 68,
    "orderId": null,
    "positionId": 35,
    "event": "Create Position",
    "time": 1669845720000,
    "volume": 1.77,
    "quantity": 1.77,
    "type": "Buy",
    "entryPrice": 17089.1,
    "tp": null,
    "sl": null,
    "closePrice": null,
    "grossProfit": 0,
    "pips": 0,
    "balance": null,
    "equity": 85808.87
  },
  {
    "serial": 69,
    "orderId": null,
    "positionId": 35,
    "event": "Position Closed",
    "time": 1671314520000,
    "volume": 1.77,
    "quantity": 1.77,
    "type": "Buy",
    "entryPrice": 17089.1,
    "tp": null,
    "sl": null,
    "closePrice": 16709,
    "grossProfit": -626.63,
    "pips": -3801,
    "balance": 85036.65,
    "equity": 84897.66
  },
  {
    "serial": 70,
    "orderId": null,
    "positionId": 36,
    "event": "Create Position",
    "time": 1673301720000,
    "volume": 4.81,
    "quantity": 4.81,
    "type": "Buy",
    "entryPrice": 17164.1,
    "tp": null,
    "sl": null,
    "closePrice": null,
    "grossProfit": 0,
    "pips": 0,
    "balance": null,
    "equity": 85036.65
  },
  {
    "serial": 71,
    "orderId": null,
    "positionId": 36,
    "event": "Position Closed",
    "time": 1675980120000,
    "volume": 4.81,
    "quantity": 4.81,
    "type": "Buy",
    "entryPrice": 17164.1,
    "tp": null,
    "sl": null,
    "closePrice": 21850,
    "grossProfit": 20993.24,
    "pips": 46859,
    "balance": 105178.02,
    "equity": 104344.09
  },
  {
    "serial": 72,
    "orderId": null,
    "positionId": 37,
    "event": "Create Position",
    "time": 1676584920000,
    "volume": 1.65,
    "quantity": 1.65,
    "type": "Buy",
    "entryPrice": 24534.1,
    "tp": null,
    "sl": null,
    "closePrice": null,
    "grossProfit": 0,
    "pips": 0,
    "balance": null,
    "equity": 105178.02
  },
  {
    "serial": 73,
    "orderId": null,
    "positionId": 37,
    "event": "Position Closed",
    "time": 1677880920000,
    "volume": 1.65,
    "quantity": 1.65,
    "type": "Buy",
    "entryPrice": 24534.1,
    "tp": null,
    "sl": null,
    "closePrice": 22227,
    "grossProfit": -3545.62,
    "pips": -23071,
    "balance": 101457.21,
    "equity": 101288.18
  },
  {
    "serial": 74,
    "orderId": null,
    "positionId": 38,
    "event": "Create Position",
    "time": 1678741320000,
    "volume": 1.31,
    "quantity": 1.31,
    "type": "Buy",
    "entryPrice": 24244.1,
    "tp": null,
    "sl": null,
    "closePrice": null,
    "grossProfit": 0,
    "pips": 0,
    "balance": null,
    "equity": 101457.21
  },
  {
    "serial": 75,
    "orderId": null,
    "positionId": 38,
    "event": "Position Closed",
    "time": 1682024520000,
    "volume": 1.31,
    "quantity": 1.31,
    "type": "Buy",
    "entryPrice": 24244.1,
    "tp": null,
    "sl": null,
    "closePrice": 28195,
    "grossProfit": 4820.68,
    "pips": 39509,
    "balance": 105915.76,
    "equity": 105558.51
  },
  {
    "serial": 76,
    "orderId": null,
    "positionId": 39,
    "event": "Create Position",
    "time": 1687294920000,
    "volume": 1.45,
    "quantity": 1.45,
    "type": "Buy",
    "entryPrice": 28134.1,
    "tp": null,
    "sl": null,
    "closePrice": null,
    "grossProfit": 0,
    "pips": 0,
    "balance": null,
    "equity": 105915.76
  },
  {
    "serial": 77,
    "orderId": null,
    "positionId": 39,
    "event": "Position Closed",
    "time": 1690232520000,
    "volume": 1.45,
    "quantity": 1.45,
    "type": "Buy",
    "entryPrice": 28134.1,
    "tp": null,
    "sl": null,
    "closePrice": 29134,
    "grossProfit": 1350.41,
    "pips": 9999,
    "balance": 106879.47,
    "equity": 106498.19
  },
  {
    "serial": 78,
    "orderId": null,
    "positionId": 40,
    "event": "Create Position",
    "time": 1696280520000,
    "volume": 2.21,
    "quantity": 2.21,
    "type": "Buy",
    "entryPrice": 27840.1,
    "tp": null,
    "sl": null,
    "closePrice": null,
    "grossProfit": 0,
    "pips": 0,
    "balance": null,
    "equity": 106879.47
  },
  {
    "serial": 79,
    "orderId": null,
    "positionId": 40,
    "event": "Position Closed",
    "time": 1697058120000,
    "volume": 2.21,
    "quantity": 2.21,
    "type": "Buy",
    "entryPrice": 27840.1,
    "tp": null,
    "sl": null,
    "closePrice": 26699,
    "grossProfit": -2348.86,
    "pips": -11411,
    "balance": 104382.44,
    "equity": 104242.51
  },
  {
    "serial": 80,
    "orderId": null,
    "positionId": 41,
    "event": "Create Position",
    "time": 1698094920000,
    "volume": 1.53,
    "quantity": 1.53,
    "type": "Buy",
    "entryPrice": 31603.1,
    "tp": null,
    "sl": null,
    "closePrice": null,
    "grossProfit": 0,
    "pips": 0,
    "balance": null,
    "equity": 104382.44
  },
  {
    "serial": 81,
    "orderId": null,
    "positionId": 41,
    "event": "Position Closed",
    "time": 1705615320000,
    "volume": 1.53,
    "quantity": 1.53,
    "type": "Buy",
    "entryPrice": 31603.1,
    "tp": null,
    "sl": null,
    "closePrice": 41141,
    "grossProfit": 13592.07,
    "pips": 95379,
    "balance": 116610.39,
    "equity": 115251.97
  },
  {
    "serial": 82,
    "orderId": null,
    "positionId": 42,
    "event": "Create Position",
    "time": 1707343320000,
    "volume": 1.18,
    "quantity": 1.18,
    "type": "Buy",
    "entryPrice": 44173.1,
    "tp": null,
    "sl": null,
    "closePrice": null,
    "grossProfit": 0,
    "pips": 0,
    "balance": null,
    "equity": 116610.39
  },
  {
    "serial": 83,
    "orderId": null,
    "positionId": 42,
    "event": "Position Closed",
    "time": 1710882300000,
    "volume": 1.18,
    "quantity": 1.18,
    "type": "Buy",
    "entryPrice": 44173.1,
    "tp": null,
    "sl": null,
    "closePrice": 63866.41,
    "grossProfit": 21644.23,
    "pips": 196933.1,
    "balance": 137520.15,
    "equity": 136790.08
  },
  {
    "serial": 84,
    "orderId": null,
    "positionId": 43,
    "event": "Create Position",
    "time": 1715807100000,
    "volume": 0.66,
    "quantity": 0.66,
    "type": "Buy",
    "entryPrice": 65811.54,
    "tp": null,
    "sl": null,
    "closePrice": null,
    "grossProfit": 0,
    "pips": 0,
    "balance": null,
    "equity": 137520.15
  },
  {
    "serial": 85,
    "orderId": null,
    "positionId": 43,
    "event": "Position Closed",
    "time": 1718139900000,
    "volume": 0.66,
    "quantity": 0.66,
    "type": "Buy",
    "entryPrice": 65811.54,
    "tp": null,
    "sl": null,
    "closePrice": 67260.34,
    "grossProfit": 890.62,
    "pips": 14488,
    "balance": 138096.39,
    "equity": 137784.47
  }
]