[
  {
    "serial": 0,
    "orderId": null,
    "positionId": 1,
    "event": "Create Position",
    "time": 1436562000000,
    "volume": 13.7,
    "quantity": 13.7,
    "type": "Buy",
    "entryPrice": 284.1,
    "tp": null,
    "sl": null,
    "closePrice": null,
    "grossProfit": 0,
    "pips": 0,
    "balance": null,
    "equity": 10000
  },
  {
    "serial": 1,
    "orderId": null,
    "positionId": 1,
    "event": "Position Closed",
    "time": 1437253200000,
    "volume": 13.7,
    "quantity": 13.7,
    "type": "Buy",
    "entryPrice": 284.1,
    "tp": null,
    "sl": null,
    "closePrice": 265.1,
    "grossProfit": -242.45,
    "pips": -190,
    "balance": 9697.54,
    "equity": 9688.65
  },
  {
    "serial": 2,
    "orderId": null,
    "positionId": 2,
    "event": "Create Position",
    "time": 1444770000000,
    "volume": 28.66,
    "quantity": 28.66,
    "type": "Buy",
    "entryPrice": 246.06,
    "tp": null,
    "sl": null,
    "closePrice": null,
    "grossProfit": 0,
    "pips": 0,
    "balance": null,
    "equity": 9697.54
  },
  {
    "serial": 3,
    "orderId": null,
    "positionId": 2,
    "event": "Position Closed",
    "time": 1447192800000,
    "volume": 28.66,
    "quantity": 28.66,
    "type": "Buy",
    "entryPrice": 246.06,
    "tp": null,
    "sl": null,
    "closePrice": 334.23,
    "grossProfit": 2353.63,
    "pips": 881.7,
    "balance": 11881.76,
    "equity": 11819.29
  },
  {
    "serial": 4,
    "orderId": null,
    "positionId": 3,
    "event": "Create Position",
    "time": 1449439200000,
    "volume": 10.27,
    "quantity": 10.27,
    "type": "Buy",
    "entryPrice": 388.1,
    "tp": null,
    "sl": null,
    "closePrice": null,
    "grossProfit": 0,
    "pips": 0,
    "balance": null,
    "equity": 11881.76
  },
  {
    "serial": 5,
    "orderId": null,
    "positionId": 3,
    "event": "Position Closed",
    "time": 1451167200000,
    "volume": 10.27,
    "quantity": 10.27,
    "type": "Buy",
    "entryPrice": 388.1,
    "tp": null,
    "sl": null,
    "closePrice": 412.1,
    "grossProfit": 229.57,
    "pips": 240,
    "balance": 12048.87,
    "equity": 12024.73
  },
  {
    "serial": 6,
    "orderId": null,
    "positionId": 4,
    "event": "Create Position",
    "time": 1455746400000,
    "volume": 13.58,
    "quantity": 13.58,
    "type": "Buy",
    "entryPrice": 419.23,
    "tp": null,
    "sl": null,
    "closePrice": null,
    "grossProfit": 0,
    "pips": 0,
    "balance": null,
    "equity": 12048.87
  },
  {
    "serial": 7,
    "orderId": null,
    "positionId": 4,
    "event": "Position Closed",
    "time": 1457042400000,
    "volume": 13.58,
    "quantity": 13.58,
    "type": "Buy",
    "entryPrice": 419.23,
    "tp": null,
    "sl": null,
    "closePrice": 419.99,
    "grossProfit": 9.61,
    "pips": 7.6,
    "balance": 11985.74,
    "equity": 11963.68
  },
  {
    "serial": 8,
    "orderId": null,
    "positionId": 5,
    "event": "Create Position",
    "time": 1460754000000,
    "volume": 25.51,
    "quantity": 25.51,
    "type": "Buy",
    "entryPrice": 426.4,
    "tp": null,
    "sl": null,
    "closePrice": null,
    "grossProfit": 0,
    "pips": 0,
    "balance": null,
    "equity": 11985.74
  },
  {
    "serial": 9,
    "orderId": null,
    "positionId": 5,
    "event": "Position Closed",
    "time": 1463691600000,
    "volume": 25.51,
    "quantity": 25.51,
    "type": "Buy",
    "entryPrice": 426.4,
    "tp": null,
    "sl": null,
    "closePrice": 443.43,
    "grossProfit": 404.64,
    "pips": 170.3,
    "balance": 12196.63,
    "equity": 12098.08
  },
  {
    "serial": 10,
    "orderId": null,
    "positionId": 6,
    "event": "Create Position",
    "time": 1464382800000,
    "volume": 20.4,
    "quantity": 20.4,
    "type": "Buy",
    "entryPrice": 468.1,
    "tp": null,
    "sl": null,
    "closePrice": null,
    "grossProfit": 0,
    "pips": 0,
    "balance": null,
    "equity": 12196.63
  },
  {
    "serial": 11,
    "orderId": null,
    "positionId": 6,
    "event": "Position Closed",
    "time": 1466542800000,
    "volume": 20.4,
    "quantity": 20.4,
    "type": "Buy",
    "entryPrice": 468.1,
    "tp": null,
    "sl": null,
    "closePrice": 628.1,
    "grossProfit": 3040.13,
    "pips": 1600,
    "balance": 15082.61,
    "equity": 15004.58
  },
  {
    "serial": 12,
    "orderId": null,
    "positionId": 7,
    "event": "Create Position",
    "time": 1472936400000,
    "volume": 16.91,
    "quantity": 16.91,
    "type": "Buy",
    "entryPrice": 602.08,
    "tp": null,
    "sl": null,
    "closePrice": null,
    "grossProfit": 0,
    "pips": 0,
    "balance": null,
    "equity": 15082.61
  },
  {
    "serial": 13,
    "orderId": null,
    "positionId": 7,
    "event": "Position Closed",
    "time": 1476910800000,
    "volume": 16.91,
    "quantity": 16.91,
    "type": "Buy",
    "entryPrice": 602.08,
    "tp": null,
    "sl": null,
    "closePrice": 627.98,
    "grossProfit": 407.93,
    "pips": 259,
    "balance": 15305.73,
    "equity": 15184.02
  },
  {
    "serial": 14,
    "orderId": null,
    "positionId": 8,
    "event": "Create Position",
    "time": 1477170000000,
    "volume": 21.4,
    "quantity": 21.4,
    "type": "Buy",
    "entryPrice": 650.1,
    "tp": null,
    "sl": null,
    "closePrice": null,
    "grossProfit": 0,
    "pips": 0,
    "balance": null,
    "equity": 15305.73
  },
  {
    "serial": 15,
    "orderId": null,
    "positionId": 8,
    "event": "Position Closed",
    "time": 1483740000000,
    "volume": 21.4,
    "quantity": 21.4,
    "type": "Buy",
    "entryPrice": 650.1,
    "tp": null,
    "sl": null,
    "closePrice": 855.9,
    "grossProfit": 4102.05,
    "pips": 2058,
    "balance": 18999.25,
    "equity": 18670.58
  },
  {
    "serial": 16,
    "orderId": null,
    "positionId": 9,
    "event": "Create Position",
    "time": 1485900000000,
    "volume": 7.54,
    "quantity": 7.54,
    "type": "Buy",
    "entryPrice": 936.1,
    "tp": null,
    "sl": null,
    "closePrice": null,
    "grossProfit": 0,
    "pips": 0,
    "balance": null,
    "equity": 18999.25
  },
  {
    "serial": 17,
    "orderId": null,
    "positionId": 9,
    "event": "Position Closed",
    "time": 1486677600000,
    "volume": 7.54,
    "quantity": 7.54,
    "type": "Buy",
    "entryPrice": 936.1,
    "tp": null,
    "sl": null,
    "closePrice": 940.5,
    "grossProfit": 30.9,
    "pips": 44,
    "balance": 18984.81,
    "equity": 18967.61
  },
  {
    "serial": 18,
    "orderId": null,
    "positionId": 10,
    "event": "Create Position",
    "time": 1487714400000,
    "volume": 6.99,
    "quantity": 6.99,
    "type": "Buy",
    "entryPrice": 1079.76,
    "tp": null,
    "sl": null,
    "closePrice": null,
    "grossProfit": 0,
    "pips": 0,
    "balance": null,
    "equity": 18984.81
  },
  {
    "serial": 19,
    "orderId": null,
    "positionId": 10,
    "event": "Position Closed",
    "time": 1489010400000,
    "volume": 6.99,
    "quantity": 6.99,
    "type": "Buy",
    "entryPrice": 1079.76,
    "tp": null,
    "sl": null,
    "closePrice": 1141.6,
    "grossProfit": 402.61,
    "pips": 618.4,
    "balance": 19329.54,
    "equity": 19297.74
  },
  {
    "serial": 20,
    "orderId": null,
    "positionId": 11,
    "event": "Create Position",
    "time": 1491771600000,
    "volume": 4.32,
    "quantity": 4.32,
    "type": "Buy",
    "entryPrice": 1197.2,
    "tp": null,
    "sl": null,
    "closePrice": null,
    "grossProfit": 0,
    "pips": 0,
    "balance": null,
    "equity": 19329.54
  },
  {
    "serial": 21,
    "orderId": null,
    "positionId": 11,
    "event": "Position Closed",
    "time": 1495918800000,
    "volume": 4.32,
    "quantity": 4.32,
    "type": "Buy",
    "entryPrice": 1197.2,
    "tp": null,
    "sl": null,
    "closePrice": 1930,
    "grossProfit": 2948.56,
    "pips": 7328,
    "balance": 22178.8,
    "equity": 22095.62
  },
  {
    "serial": 22,
    "orderId": null,
    "positionId": 12,
    "event": "Create Position",
    "time": 1496782800000,
    "volume": 1.19,
    "quantity": 1.19,
    "type": "Buy",
    "entryPrice": 2772.1,
    "tp": null,
    "sl": null,
    "closePrice": null,
    "grossProfit": 0,
    "pips": 0,
    "balance": null,
    "equity": 22178.8
  },
  {
    "serial": 23,
    "orderId": null,
    "positionId": 12,
    "event": "Position Closed",
    "time": 1498510800000,
    "volume": 1.19,
    "quantity": 1.19,
    "type": "Buy",
    "entryPrice": 2772.1,
    "tp": null,
    "sl": null,
    "closePrice": 2356.43,
    "grossProfit": -460.72,
    "pips": -4156.7,
    "balance": 21697.79,
    "equity": 21681.94
  },
  {
    "serial": 24,
    "orderId": null,
    "positionId": 13,
    "event": "Create Position",
    "time": 1500584400000,
    "volume": 1.82,
    "quantity": 1.82,
    "type": "Buy",
    "entryPrice": 2583.12,
    "tp": null,
    "sl": null,
    "closePrice": null,
    "grossProfit": 0,
    "pips": 0,
    "balance": null,
    "equity": 21697.79
  },
  {
    "serial": 25,
    "orderId": null,
    "positionId": 13,
    "event": "Position Closed",
    "time": 1501102800000,
    "volume": 1.82,
    "quantity": 1.82,
    "type": "Buy",
    "entryPrice": 2583.12,
    "tp": null,
    "sl": null,
    "closePrice": 2569.3,
    "grossProfit": -23.43,
    "pips": -138.2,
    "balance": 21660.37,
    "equity": 21653.18
  },
  {
    "serial": 26,
    "orderId": null,
    "positionId": 14,
    "event": "Create Position",
    "time": 1501534800000,
    "volume": 1.43,
    "quantity": 1.43,
    "type": "Buy",
    "entryPrice": 2871,
    "tp": null,
    "sl": null,
    "closePrice": null,
    "grossProfit": 0,
    "pips": 0,
    "balance": null,
    "equity": 21660.37
  },
  {
    "serial": 27,
    "orderId": null,
    "positionId": 14,
    "event": "Position Closed",
    "time": 1504558800000,
    "volume": 1.43,
    "quantity": 1.43,
    "type": "Buy",
    "entryPrice": 2871,
    "tp": null,
    "sl": null,
    "closePrice": 4250.1,
    "grossProfit": 1836.85,
    "pips": 13791,
    "balance": 23442.2,
    "equity": 23392.52
  },
  {
    "serial": 28,
    "orderId": null,
    "positionId": 15,
    "event": "Create Position",
    "time": 1506978000000,
    "volume": 0.93,
    "quantity": 0.93,
    "type": "Buy",
    "entryPrice": 4395.2,
    "tp": null,
    "sl": null,
    "closePrice": null,
    "grossProfit": 0,
    "pips": 0,
    "balance": null,
    "equity": 23442.2
  },
  {
    "serial": 29,
    "orderId": null,
    "positionId": 15,
    "event": "Position Closed",
    "time": 1510351200000,
    "volume": 0.93,
    "quantity": 0.93,
    "type": "Buy",
    "entryPrice": 4395.2,
    "tp": null,
    "sl": null,
    "closePrice": 6549,
    "grossProfit": 1865.65,
    "pips": 21538,
    "balance": 25247.71,
    "equity": 25191.05
  },
  {
    "serial": 30,
    "orderId": null,
    "positionId": 16,
    "event": "Create Position",
    "time": 1510869600000,
    "volume": 0.53,
    "quantity": 0.53,
    "type": "Buy",
    "entryPrice": 7896.2,
    "tp": null,
    "sl": null,
    "closePrice": null,
    "grossProfit": 0,
    "pips": 0,
    "balance": null,
    "equity": 25247.71
  },
  {
    "serial": 31,
    "orderId": null,
    "positionId": 16,
    "event": "Position Closed",
    "time": 1513807200000,
    "volume": 0.53,
    "quantity": 0.53,
    "type": "Buy",
    "entryPrice": 7896.2,
    "tp": null,
    "sl": null,
    "closePrice": 16151,
    "grossProfit": 4074.96,
    "pips": 82548,
    "balance": 29263.53,
    "equity": 29206.37
  },
  {
    "serial": 32,
    "orderId": null,
    "positionId": 17,
    "event": "Create Position",
    "time": 1556053200000,
    "volume": 1.33,
    "quantity": 1.33,
    "type": "Buy",
    "entryPrice": 5566.86,
    "tp": null,
    "sl": null,
    "closePrice": null,
    "grossProfit": 0,
    "pips": 0,
    "balance": null,
    "equity": 29263.53
  },
  {
    "serial": 33,
    "orderId": null,
    "positionId": 17,
    "event": "Position Closed",
    "time": 1556485200000,
    "volume": 1.33,
    "quantity": 1.33,
    "type": "Buy",
    "entryPrice": 5566.86,
    "tp": null,
    "sl": null,
    "closePrice": 5106.76,
    "grossProfit": -569.96,
    "pips": -4601,
    "balance": 28679.69,
    "equity": 28670.77
  },
  {
    "serial": 34,
    "orderId": null,
    "positionId": 18,
    "event": "Create Position",
    "time": 1557090000000,
    "volume": 1.51,
    "quantity": 1.51,
    "type": "Buy",
    "entryPrice": 5769.86,
    "tp": null,
    "sl": null,
    "closePrice": null,
    "grossProfit": 0,
    "pips": 0,
    "balance": null,
    "equity": 28679.69
  },
  {
    "serial": 35,
    "orderId": null,
    "positionId": 18,
    "event": "Position Closed",
    "time": 1559682000000,
    "volume": 1.51,
    "quantity": 1.51,
    "type": "Buy",
    "entryPrice": 5769.86,
    "tp": null,
    "sl": null,
    "closePrice": 7591.48,
    "grossProfit": 2561.98,
    "pips": 18216.2,
    "balance": 31145.74,
    "equity": 31055.45
  },
  {
    "serial": 36,
    "orderId": null,
    "positionId": 19,
    "event": "Create Position",
    "time": 1560805200000,
    "volume": 0.75,
    "quantity": 0.75,
    "type": "Buy",
    "entryPrice": 9243.84,
    "tp": null,
    "sl": null,
    "closePrice": null,
    "grossProfit": 0,
    "pips": 0,
    "balance": null,
    "equity": 31145.74
  },
  {
    "serial": 37,
    "orderId": null,
    "positionId": 19,
    "event": "Position Closed",
    "time": 1563224400000,
    "volume": 0.75,
    "quantity": 0.75,
    "type": "Buy",
    "entryPrice": 9243.84,
    "tp": null,
    "sl": null,
    "closePrice": 10788.71,
    "grossProfit": 1079.18,
    "pips": 15448.7,
    "balance": 32163.2,
    "equity": 32104.28
  },
  {
    "serial": 38,
    "orderId": null,
    "positionId": 20,
    "event": "Create Position",
    "time": 1572296400000,
    "volume": 0.85,
    "quantity": 0.85,
    "type": "Buy",
    "entryPrice": 9399.49,
    "tp": null,
    "sl": null,
    "closePrice": null,
    "grossProfit": 0,
    "pips": 0,
    "balance": null,
    "equity": 32163.2
  },
  {
    "serial": 39,
    "orderId": null,
    "positionId": 20,
    "event": "Position Closed",
    "time": 1573423200000,
    "volume": 0.85,
    "quantity": 0.85,
    "type": "Buy",
    "entryPrice": 9399.49,
    "tp": null,
    "sl": null,
    "closePrice": 9031.5,
    "grossProfit": -291.34,
    "pips": -3679.9,
    "balance": 31842.91,
    "equity": 31817.14
  },
  {
    "serial": 40,
    "orderId": null,
    "positionId": 21,
    "event": "Create Position",
    "time": 1579039200000,
    "volume": 0.98,
    "quantity": 0.98,
    "type": "Buy",
    "entryPrice": 8735.84,
    "tp": null,
    "sl": null,
    "closePrice": null,
    "grossProfit": 0,
    "pips": 0,
    "balance": null,
    "equity": 31842.91
  },
  {
    "serial": 41,
    "orderId": null,
    "positionId": 21,
    "event": "Position Closed",
    "time": 1579816800000,
    "volume": 0.98,
    "quantity": 0.98,
    "type": "Buy",
    "entryPrice": 8735.84,
    "tp": null,
    "sl": null,
    "closePrice": 8386,
    "grossProfit": -319.33,
    "pips": -3498.4,
    "balance": 31500.3,
    "equity": 31480.68
  },
  {
    "serial": 42,
    "orderId": null,
    "positionId": 22,
    "event": "Create Position",
    "time": 1580248800000,
    "volume": 0.98,
    "quantity": 0.98,
    "type": "Buy",
    "entryPrice": 9013.66,
    "tp": null,
    "sl": null,
    "closePrice": null,
    "grossProfit": 0,
    "pips": 0,
    "balance": null,
    "equity": 31500.3
  },
  {
    "serial": 43,
    "orderId": null,
    "positionId": 22,
    "event": "Position Closed",
    "time": 1581976800000,
    "volume": 0.98,
    "quantity": 0.98,
    "type": "Buy",
    "entryPrice": 9013.66,
    "tp": null,
    "sl": null,
    "closePrice": 9625.5,
    "grossProfit": 558.48,
    "pips": 6118.4,
    "balance": 32006.27,
    "equity": 31957.42
  },
  {
    "serial": 44,
    "orderId": null,
    "positionId": 23,
    "event": "Create Position",
    "time": 1588194000000,
    "volume": 0.85,
    "quantity": 0.85,
    "type": "Buy",
    "entryPrice": 8783.16,
    "tp": null,
    "sl": null,
    "closePrice": null,
    "grossProfit": 0,
    "pips": 0,
    "balance": null,
    "equity": 32006.27
  },
  {
    "serial": 45,
    "orderId": null,
    "positionId": 23,
    "event": "Position Closed",
    "time": 1590094800000,
    "volume": 0.85,
    "quantity": 0.85,
    "type": "Buy",
    "entryPrice": 8783.16,
    "tp": null,
    "sl": null,
    "closePrice": 9023.05,
    "grossProfit": 189.92,
    "pips": 2398.9,
    "balance": 32149.3,
    "equity": 32105.59
  },
  {
    "serial": 46,
    "orderId": null,
    "positionId": 24,
    "event": "Create Position",
    "time": 1595883600000,
    "volume": 1.5,
    "quantity": 1.5,
    "type": "Buy",
    "entryPrice": 10882.15,
    "tp": null,
    "sl": null,
    "closePrice": null,
    "grossProfit": 0,
    "pips": 0,
    "balance": null,
    "equity": 32149.3
  },
  {
    "serial": 47,
    "orderId": null,
    "positionId": 24,
    "event": "Position Closed",
    "time": 1598389200000,
    "volume": 1.5,
    "quantity": 1.5,
    "type": "Buy",
    "entryPrice": 10882.15,
    "tp": null,
    "sl": null,
    "closePrice": 11253.04,
    "grossProfit": 518.18,
    "pips": 3708.9,
    "balance": 32533.57,
    "equity": 32405.26
  },
  {
    "serial": 48,
    "orderId": null,
    "positionId": 25,
    "event": "Create Position",
    "time": 1602536400000,
    "volume": 1.18,
    "quantity": 1.18,
    "type": "Buy",
    "entryPrice": 11555.6,
    "tp": null,
    "sl": null,
    "closePrice": null,
    "grossProfit": 0,
    "pips": 0,
    "balance": null,
    "equity": 32533.57
  },
  {
    "serial": 49,
    "orderId": null,
    "positionId": 25,
    "event": "Position Closed",
    "time": 1606428060000,
    "volume": 1.18,
    "quantity": 1.18,
    "type": "Buy",
    "entryPrice": 11555.6,
    "tp": null,
    "sl": null,
    "closePrice": 17065.5,
    "grossProfit": 6055.74,
    "pips": 55099,
    "balance": 38384.41,
    "equity": 38183.91
  },
  {
    "serial": 50,
    "orderId": null,
    "positionId": 26,
    "event": "Create Position",
    "time": 1608156060000,
    "volume": 0.39,
    "quantity": 0.39,
    "type": "Buy",
    "entryPrice": 21243.6,
    "tp": null,
    "sl": null,
    "closePrice": null,
    "grossProfit": 0,
    "pips": 0,
    "balance": null,
    "equity": 38384.41
  },
  {
    "serial": 51,
    "orderId": null,
    "positionId": 26,
    "event": "Position Closed",
    "time": 1611266460000,
    "volume": 0.39,
    "quantity": 0.39,
    "type": "Buy",
    "entryPrice": 21243.6,
    "tp": null,
    "sl": null,
    "closePrice": 31111.5,
    "grossProfit": 3584.52,
    "pips": 98679,
    "balance": 41855.85,
    "equity": 41744.23
  },
  {
    "serial": 52,
    "orderId": null,
    "positionId": 27,
    "event": "Create Position",
    "time": 1612821900000,
    "volume": 0.14,
    "quantity": 0.14,
    "type": "Buy",
    "entryPrice": 44842.39,
    "tp": null,
    "sl": null,
    "closePrice": null,
    "grossProfit": 0,
    "pips": 0,
    "balance": null,
    "equity": 41855.85
  },
  {
    "serial": 53,
    "orderId": null,
    "positionId": 27,
    "event": "Position Closed",
    "time": 1616706300000,
    "volume": 0.14,
    "quantity": 0.14,
    "type": "Buy",
    "entryPrice": 44842.39,
    "tp": null,
    "sl": null,
    "closePrice": 52189.26,
    "grossProfit": 958.01,
    "pips": 73468.7,
    "balance": 42729.86,
    "equity": 42646.38
  },
  {
    "serial": 54,
    "orderId": null,
    "positionId": 28,
    "event": "Create Position",
    "time": 1618347900000,
    "volume": 0.17,
    "quantity": 0.17,
    "type": "Buy",
    "entryPrice": 63151.06,
    "tp": null,
    "sl": null,
    "closePrice": null,
    "grossProfit": 0,
    "pips": 0,
    "balance": null,
    "equity": 42729.86
  },
  {
    "serial": 55,
    "orderId": null,
    "positionId": 28,
    "event": "Position Closed",
    "time": 1618866300000,
    "volume": 0.17,
    "quantity": 0.17,
    "type": "Buy",
    "entryPrice": 63151.06,
    "tp": null,
    "sl": null,
    "closePrice": 56282.18,
    "grossProfit": -1087.62,
    "pips": -68688.8,
    "balance": 41626.39,
    "equity": 41611.18
  },
  {
    "serial": 56,
    "orderId": null,
    "positionId": 29,
    "event": "Create Position",
    "time": 1627333260000,
    "volume": 0.24,
    "quantity": 0.24,
    "type": "Buy",
    "entryPrice": 37526.6,
    "tp": null,
    "sl": null,
    "closePrice": null,
    "grossProfit": 0,
    "pips": 0,
    "balance": null,
    "equity": 41626.39
  },
  {
    "serial": 57,
    "orderId": null,
    "positionId": 29,
    "event": "Position Closed",
    "time": 1632171660000,
    "volume": 0.24,
    "quantity": 0.24,
    "type": "Buy",
    "entryPrice": 37526.6,
    "tp": null,
    "sl": null,
    "closePrice": 43708,
    "grossProfit": 1381.78,
    "pips": 61814,
    "balance": 42850.02,
    "equity": 42692.77
  },
  {
    "serial": 58,
    "orderId": null,
    "positionId": 30,
    "event": "Create Position",
    "time": 1633467660000,
    "volume": 0.19,
    "quantity": 0.19,
    "type": "Buy",
    "entryPrice": 51476.1,
    "tp": null,
    "sl": null,
    "closePrice": null,
    "grossProfit": 0,
    "pips": 0,
    "balance": null,
    "equity": 42850.02
  },
  {
    "serial": 59,
    "orderId": null,
    "positionId": 30,
    "event": "Position Closed",
    "time": 1635368460000,
    "volume": 0.19,
    "quantity": 0.19,
    "type": "Buy",
    "entryPrice": 51476.1,
    "tp": null,
    "sl": null,
    "closePrice": 58993,
    "grossProfit": 1330.25,
    "pips": 75169,
    "balance": 44116.27,
    "equity": 44052.97
  },
  {
    "serial": 60,
    "orderId": null,
    "positionId": 31,
    "event": "Create Position",
    "time": 1636495260000,
    "volume": 0.19,
    "quantity": 0.19,
    "type": "Buy",
    "entryPrice": 67707.1,
    "tp": null,
    "sl": null,
    "closePrice": null,
    "grossProfit": 0,
    "pips": 0,
    "balance": null,
    "equity": 44116.27
  },
  {
    "serial": 61,
    "orderId": null,
    "positionId": 31,
    "event": "Position Closed",
    "time": 1637100060000,
    "volume": 0.19,
    "quantity": 0.19,
    "type": "Buy",
    "entryPrice": 67707.1,
    "tp": null,
    "sl": null,
    "closePrice": 60526,
    "grossProfit": -1270.83,
    "pips": -71811,
    "balance": 42823.08,
    "equity": 42801.42
  },
  {
    "serial": 62,
    "orderId": null,
    "positionId": 32,
    "event": "Create Position",
    "time": 1673647320000,
    "volume": 1.51,
    "quantity": 1.51,
    "type": "Buy",
    "entryPrice": 19828.1,
    "tp": null,
    "sl": null,
    "closePrice": null,
    "grossProfit": 0,
    "pips": 0,
    "balance": null,
    "equity": 42823.08
  },
  {
    "serial": 63,
    "orderId": null,
    "positionId": 32,
    "event": "Position Closed",
    "time": 1675980120000,
    "volume": 1.51,
    "quantity": 1.51,
    "type": "Buy",
    "entryPrice": 19828.1,
    "tp": null,
    "sl": null,
    "closePrice": 21850,
    "grossProfit": 2843.66,
    "pips": 20219,
    "balance": 45442.64,
    "equity": 45224.18
  },
  {
    "serial": 64,
    "orderId": null,
    "positionId": 33,
    "event": "Create Position",
    "time": 1676584920000,
    "volume": 0.71,
    "quantity": 0.71,
    "type": "Buy",
    "entryPrice": 24534.1,
    "tp": null,
    "sl": null,
    "closePrice": null,
    "grossProfit": 0,
    "pips": 0,
    "balance": null,
    "equity": 45442.64
  },
  {
    "serial": 65,
    "orderId": null,
    "positionId": 33,
    "event": "Position Closed",
    "time": 1677276120000,
    "volume": 0.71,
    "quantity": 0.71,
    "type": "Buy",
    "entryPrice": 24534.1,
    "tp": null,
    "sl": null,
    "closePrice": 23046,
    "grossProfit": -984.08,
    "pips": -14881,
    "balance": 44412.25,
    "equity": 44368.58
  },
  {
    "serial": 66,
    "orderId": null,
    "positionId": 34,
    "event": "Create Position",
    "time": 1679086920000,
    "volume": 0.48,
    "quantity": 0.48,
    "type": "Buy",
    "entryPrice": 26828.1,
    "tp": null,
    "sl": null,
    "closePrice": null,
    "grossProfit": 0,
    "pips": 0,
    "balance": null,
    "equity": 44412.25
  },
  {
    "serial": 67,
    "orderId": null,
    "positionId": 34,
    "event": "Position Closed",
    "time": 1681765320000,
    "volume": 0.48,
    "quantity": 0.48,
    "type": "Buy",
    "entryPrice": 26828.1,
    "tp": null,
    "sl": null,
    "closePrice": 29458,
    "grossProfit": 1175.77,
    "pips": 26299,
    "balance": 45484.97,
    "equity": 45383.72
  },
  {
    "serial": 68,
    "orderId": null,
    "positionId": 35,
    "event": "Create Position",
    "time": 1687381320000,
    "volume": 0.56,
    "quantity": 0.56,
    "type": "Buy",
    "entryPrice": 29912.1,
    "tp": null,
    "sl": null,
    "closePrice": null,
    "grossProfit": 0,
    "pips": 0,
    "balance": null,
    "equity": 45484.97
  },
  {
    "serial": 69,
    "orderId": null,
    "positionId": 35,
    "event": "Position Closed",
    "time": 1690232520000,
    "volume": 0.56,
    "quantity": 0.56,
    "type": "Buy",
    "entryPrice": 29912.1,
    "tp": null,
    "sl": null,
    "closePrice": 29134,
    "grossProfit": -405.85,
    "pips": -7781,
    "balance": 44934.06,
    "equity": 44791.08
  },
  {
    "serial": 70,
    "orderId": null,
    "positionId": 36,
    "event": "Create Position",
    "time": 1698094920000,
    "volume": 0.66,
    "quantity": 0.66,
    "type": "Buy",
    "entryPrice": 31603.1,
    "tp": null,
    "sl": null,
    "closePrice": null,
    "grossProfit": 0,
    "pips": 0,
    "balance": null,
    "equity": 44934.06
  },
  {
    "serial": 71,
    "orderId": null,
    "positionId": 36,
    "event": "Position Closed",
    "time": 1702332120000,
    "volume": 0.66,
    "quantity": 0.66,
    "type": "Buy",
    "entryPrice": 31603.1,
    "tp": null,
    "sl": null,
    "closePrice": 41187,
    "grossProfit": 5891.52,
    "pips": 95839,
    "balance": 50514.47,
    "equity": 50205.82
  },
  {
    "serial": 72,
    "orderId": null,
    "positionId": 37,
    "event": "Create Position",
    "time": 1704232920000,
    "volume": 0.43,
    "quantity": 0.43,
    "type": "Buy",
    "entryPrice": 45111.1,
    "tp": null,
    "sl": null,
    "closePrice": null,
    "grossProfit": 0,
    "pips": 0,
    "balance": null,
    "equity": 50514.47
  },
  {
    "serial": 73,
    "orderId": null,
    "positionId": 37,
    "event": "Position Closed",
    "time": 1705183320000,
    "volume": 0.43,
    "quantity": 0.43,
    "type": "Buy",
    "entryPrice": 45111.1,
    "tp": null,
    "sl": null,
    "closePrice": 42941,
    "grossProfit": -869.14,
    "pips": -21701,
    "balance": 49584.97,
    "equity": 49526.21
  },
  {
    "serial": 74,
    "orderId": null,
    "positionId": 38,
    "event": "Create Position",
    "time": 1707343320000,
    "volume": 0.5,
    "quantity": 0.5,
    "type": "Buy",
    "entryPrice": 44173.1,
    "tp": null,
    "sl": null,
    "closePrice": null,
    "grossProfit": 0,
    "pips": 0,
    "balance": null,
    "equity": 49584.97
  },
  {
    "serial": 75,
    "orderId": null,
    "positionId": 38,
    "event": "Position Closed",
    "time": 1710882300000,
    "volume": 0.5,
    "quantity": 0.5,
    "type": "Buy",
    "entryPrice": 44173.1,
    "tp": null,
    "sl": null,
    "closePrice": 63866.41,
    "grossProfit": 9171.28,
    "pips": 196933.1,
    "balance": 58445.03,
    "equity": 58135.67
  },
  {
    "serial": 76,
    "orderId": null,
    "positionId": 39,
    "event": "Create Position",
    "time": 1715979900000,
    "volume": 0.27,
    "quantity": 0.27,
    "type": "Buy",
    "entryPrice": 66806.04,
    "tp": null,
    "sl": null,
    "closePrice": null,
    "grossProfit": 0,
    "pips": 0,
    "balance": null,
    "equity": 58445.03
  },
  {
    "serial": 77,
    "orderId": null,
    "positionId": 39,
    "event": "Position Closed",
    "time": 1718139900000,
    "volume": 0.27,
    "quantity": 0.27,
    "type": "Buy",
    "entryPrice": 66806.04,
    "tp": null,
    "sl": null,
    "closePrice": 67260.34,
    "grossProfit": 114.25,
    "pips": 4543,
    "balance": 58448.98,
    "equity": 58339.68
  }
]