[
  {
    "serial": 0,
    "orderId": null,
    "positionId": 1,
    "event": "Create Position",
    "time": 1415829600000,
    "volume": 7.17,
    "quantity": 7.17,
    "type": "Buy",
    "entryPrice": 419.2,
    "tp": null,
    "sl": null,
    "closePrice": null,
    "grossProfit": 0,
    "pips": 0,
    "balance": null,
    "equity": 10000
  },
  {
    "serial": 1,
    "orderId": null,
    "positionId": 1,
    "event": "Position Closed",
    "time": 1416520800000,
    "volume": 7.17,
    "quantity": 7.17,
    "type": "Buy",
    "entryPrice": 419.2,
    "tp": null,
    "sl": null,
    "closePrice": 351.8,
    "grossProfit": -450.11,
    "pips": -674,
    "balance": 9517.62,
    "equity": 9512.11
  },
  {
    "serial": 2,
    "orderId": null,
    "positionId": 2,
    "event": "Create Position",
    "time": 1425160800000,
    "volume": 12.66,
    "quantity": 12.66,
    "type": "Buy",
    "entryPrice": 250.1,
    "tp": null,
    "sl": null,
    "closePrice": null,
    "grossProfit": 0,
    "pips": 0,
    "balance": null,
    "equity": 9517.62
  },
  {
    "serial": 3,
    "orderId": null,
    "positionId": 2,
    "event": "Position Closed",
    "time": 1426712400000,
    "volume": 12.66,
    "quantity": 12.66,
    "type": "Buy",
    "entryPrice": 250.1,
    "tp": null,
    "sl": null,
    "closePrice": 250.3,
    "grossProfit": 2.36,
    "pips": 2,
    "balance": 9456.74,
    "equity": 9440.74
  },
  {
    "serial": 4,
    "orderId": null,
    "positionId": 3,
    "event": "Create Position",
    "time": 1431205200000,
    "volume": 14.27,
    "quantity": 14.27,
    "type": "Buy",
    "entryPrice": 238.9,
    "tp": null,
    "sl": null,
    "closePrice": null,
    "grossProfit": 0,
    "pips": 0,
    "balance": null,
    "equity": 9456.74
  },
  {
    "serial": 5,
    "orderId": null,
    "positionId": 3,
    "event": "Position Closed",
    "time": 1431982800000,
    "volume": 14.27,
    "quantity": 14.27,
    "type": "Buy",
    "entryPrice": 238.9,
    "tp": null,
    "sl": null,
    "closePrice": 231.6,
    "grossProfit": -97.03,
    "pips": -73,
    "balance": 9298.73,
    "equity": 9290.99
  },
  {
    "serial": 6,
    "orderId": null,
    "positionId": 4,
    "event": "Create Position",
    "time": 1434402000000,
    "volume": 28.78,
    "quantity": 28.78,
    "type": "Buy",
    "entryPrice": 238.6,
    "tp": null,
    "sl": null,
    "closePrice": null,
    "grossProfit": 0,
    "pips": 0,
    "balance": null,
    "equity": 9298.73
  },
  {
    "serial": 7,
    "orderId": null,
    "positionId": 4,
    "event": "Position Closed",
    "time": 1437253200000,
    "volume": 28.78,
    "quantity": 28.78,
    "type": "Buy",
    "entryPrice": 238.6,
    "tp": null,
    "sl": null,
    "closePrice": 265.1,
    "grossProfit": 710.36,
    "pips": 265,
    "balance": 9836.78,
    "equity": 9771.87
  },
  {
    "serial": 8,
    "orderId": null,
    "positionId": 5,
    "event": "Create Position",
    "time": 1441573200000,
    "volume": 10.38,
    "quantity": 10.38,
    "type": "Buy",
    "entryPrice": 236.1,
    "tp": null,
    "sl": null,
    "closePrice": null,
    "grossProfit": 0,
    "pips": 0,
    "balance": null,
    "equity": 9836.78
  },
  {
    "serial": 9,
    "orderId": null,
    "positionId": 5,
    "event": "Position Closed",
    "time": 1442178000000,
    "volume": 10.38,
    "quantity": 10.38,
    "type": "Buy",
    "entryPrice": 236.1,
    "tp": null,
    "sl": null,
    "closePrice": 227.25,
    "grossProfit": -85.56,
    "pips": -88.5,
    "balance": 9708.08,
    "equity": 9703.68
  },
  {
    "serial": 10,
    "orderId": null,
    "positionId": 6,
    "event": "Create Position",
    "time": 1444078800000,
    "volume": 27.18,
    "quantity": 27.18,
    "type": "Buy",
    "entryPrice": 238.37,
    "tp": null,
    "sl": null,
    "closePrice": null,
    "grossProfit": 0,
    "pips": 0,
    "balance": null,
    "equity": 9708.08
  },
  {
    "serial": 11,
    "orderId": null,
    "positionId": 6,
    "event": "Position Closed",
    "time": 1447192800000,
    "volume": 27.18,
    "quantity": 27.18,
    "type": "Buy",
    "entryPrice": 238.37,
    "tp": null,
    "sl": null,
    "closePrice": 334.23,
    "grossProfit": 2426.77,
    "pips": 958.6,
    "balance": 11960.75,
    "equity": 11888.07
  },
  {
    "serial": 12,
    "orderId": null,
    "positionId": 7,
    "event": "Create Position",
    "time": 1448920800000,
    "volume": 8.79,
    "quantity": 8.79,
    "type": "Buy",
    "entryPrice": 374.65,
    "tp": null,
    "sl": null,
    "closePrice": null,
    "grossProfit": 0,
    "pips": 0,
    "balance": null,
    "equity": 11960.75
  },
  {
    "serial": 13,
    "orderId": null,
    "positionId": 7,
    "event": "Position Closed",
    "time": 1451167200000,
    "volume": 8.79,
    "quantity": 8.79,
    "type": "Buy",
    "entryPrice": 374.65,
    "tp": null,
    "sl": null,
    "closePrice": 412.1,
    "grossProfit": 306.61,
    "pips": 374.5,
    "balance": 12209.12,
    "equity": 12183.68
  },
  {
    "serial": 14,
    "orderId": null,
    "positionId": 8,
    "event": "Create Position",
    "time": 1455487200000,
    "volume": 14.66,
    "quantity": 14.66,
    "type": "Buy",
    "entryPrice": 402.9,
    "tp": null,
    "sl": null,
    "closePrice": null,
    "grossProfit": 0,
    "pips": 0,
    "balance": null,
    "equity": 12209.12
  },
  {
    "serial": 15,
    "orderId": null,
    "positionId": 8,
    "event": "Position Closed",
    "time": 1457042400000,
    "volume": 14.66,
    "quantity": 14.66,
    "type": "Buy",
    "entryPrice": 402.9,
    "tp": null,
    "sl": null,
    "closePrice": 419.99,
    "grossProfit": 233.36,
    "pips": 170.9,
    "balance": 12359.39,
    "equity": 12331
  },
  {
    "serial": 16,
    "orderId": null,
    "positionId": 9,
    "event": "Create Position",
    "time": 1459112400000,
    "volume": 21.5,
    "quantity": 21.5,
    "type": "Buy",
    "entryPrice": 422.23,
    "tp": null,
    "sl": null,
    "closePrice": null,
    "grossProfit": 0,
    "pips": 0,
    "balance": null,
    "equity": 12359.39
  },
  {
    "serial": 17,
    "orderId": null,
    "positionId": 9,
    "event": "Position Closed",
    "time": 1463691600000,
    "volume": 21.5,
    "quantity": 21.5,
    "type": "Buy",
    "entryPrice": 422.23,
    "tp": null,
    "sl": null,
    "closePrice": 443.43,
    "grossProfit": 424.54,
    "pips": 212,
    "balance": 12577.16,
    "equity": 12450.61
  },
  {
    "serial": 18,
    "orderId": null,
    "positionId": 10,
    "event": "Create Position",
    "time": 1464382800000,
    "volume": 21.04,
    "quantity": 21.04,
    "type": "Buy",
    "entryPrice": 468.1,
    "tp": null,
    "sl": null,
    "closePrice": null,
    "grossProfit": 0,
    "pips": 0,
    "balance": null,
    "equity": 12577.16
  },
  {
    "serial": 19,
    "orderId": null,
    "positionId": 10,
    "event": "Position Closed",
    "time": 1466542800000,
    "volume": 21.04,
    "quantity": 21.04,
    "type": "Buy",
    "entryPrice": 468.1,
    "tp": null,
    "sl": null,
    "closePrice": 628.1,
    "grossProfit": 3135.5,
    "pips": 1600,
    "balance": 15553.67,
    "equity": 15473.2
  },
  {
    "serial": 20,
    "orderId": null,
    "positionId": 11,
    "event": "Create Position",
    "time": 1472936400000,
    "volume": 17.44,
    "quantity": 17.44,
    "type": "Buy",
    "entryPrice": 602.08,
    "tp": null,
    "sl": null,
    "closePrice": null,
    "grossProfit": 0,
    "pips": 0,
    "balance": null,
    "equity": 15553.67
  },
  {
    "serial": 21,
    "orderId": null,
    "positionId": 11,
    "event": "Position Closed",
    "time": 1476910800000,
    "volume": 17.44,
    "quantity": 17.44,
    "type": "Buy",
    "entryPrice": 602.08,
    "tp": null,
    "sl": null,
    "closePrice": 627.98,
    "grossProfit": 420.71,
    "pips": 259,
    "balance": 15783.76,
    "equity": 15658.22
  },
  {
    "serial": 22,
    "orderId": null,
    "positionId": 12,
    "event": "Create Position",
    "time": 1477170000000,
    "volume": 22.07,
    "quantity": 22.07,
    "type": "Buy",
    "entryPrice": 650.1,
    "tp": null,
    "sl": null,
    "closePrice": null,
    "grossProfit": 0,
    "pips": 0,
    "balance": null,
    "equity": 15783.76
  },
  {
    "serial": 23,
    "orderId": null,
    "positionId": 12,
    "event": "Position Closed",
    "time": 1483740000000,
    "volume": 22.07,
    "quantity": 22.07,
    "type": "Buy",
    "entryPrice": 650.1,
    "tp": null,
    "sl": null,
    "closePrice": 855.9,
    "grossProfit": 4230.47,
    "pips": 2058,
    "balance": 19592.86,
    "equity": 19253.85
  },
  {
    "serial": 24,
    "orderId": null,
    "positionId": 13,
    "event": "Create Position",
    "time": 1485900000000,
    "volume": 7.78,
    "quantity": 7.78,
    "type": "Buy",
    "entryPrice": 936.1,
    "tp": null,
    "sl": null,
    "closePrice": null,
    "grossProfit": 0,
    "pips": 0,
    "balance": null,
    "equity": 19592.86
  },
  {
    "serial": 25,
    "orderId": null,
    "positionId": 13,
    "event": "Position Closed",
    "time": 1486677600000,
    "volume": 7.78,
    "quantity": 7.78,
    "type": "Buy",
    "entryPrice": 936.1,
    "tp": null,
    "sl": null,
    "closePrice": 940.5,
    "grossProfit": 31.88,
    "pips": 44,
    "balance": 19577.94,
    "equity": 19560.18
  },
  {
    "serial": 26,
    "orderId": null,
    "positionId": 14,
    "event": "Create Position",
    "time": 1487714400000,
    "volume": 7.2,
    "quantity": 7.2,
    "type": "Buy",
    "entryPrice": 1079.76,
    "tp": null,
    "sl": null,
    "closePrice": null,
    "grossProfit": 0,
    "pips": 0,
    "balance": null,
    "equity": 19577.94
  },
  {
    "serial": 27,
    "orderId": null,
    "positionId": 14,
    "event": "Position Closed",
    "time": 1489010400000,
    "volume": 7.2,
    "quantity": 7.2,
    "type": "Buy",
    "entryPrice": 1079.76,
    "tp": null,
    "sl": null,
    "closePrice": 1141.6,
    "grossProfit": 414.71,
    "pips": 618.4,
    "balance": 19933.04,
    "equity": 19900.29
  },
  {
    "serial": 28,
    "orderId": null,
    "positionId": 15,
    "event": "Create Position",
    "time": 1491512400000,
    "volume": 3.74,
    "quantity": 3.74,
    "type": "Buy",
    "entryPrice": 1184.1,
    "tp": null,
    "sl": null,
    "closePrice": null,
    "grossProfit": 0,
    "pips": 0,
    "balance": null,
    "equity": 19933.04
  },
  {
    "serial": 29,
    "orderId": null,
    "positionId": 15,
    "event": "Position Closed",
    "time": 1495918800000,
    "volume": 3.74,
    "quantity": 3.74,
    "type": "Buy",
    "entryPrice": 1184.1,
    "tp": null,
    "sl": null,
    "closePrice": 1930,
    "grossProfit": 2598.33,
    "pips": 7459,
    "balance": 22441.99,
    "equity": 22366.57
  },
  {
    "serial": 30,
    "orderId": null,
    "positionId": 16,
    "event": "Create Position",
    "time": 1496782800000,
    "volume": 1.21,
    "quantity": 1.21,
    "type": "Buy",
    "entryPrice": 2772.1,
    "tp": null,
    "sl": null,
    "closePrice": null,
    "grossProfit": 0,
    "pips": 0,
    "balance": null,
    "equity": 22441.99
  },
  {
    "serial": 31,
    "orderId": null,
    "positionId": 16,
    "event": "Position Closed",
    "time": 1498510800000,
    "volume": 1.21,
    "quantity": 1.21,
    "type": "Buy",
    "entryPrice": 2772.1,
    "tp": null,
    "sl": null,
    "closePrice": 2356.43,
    "grossProfit": -468.46,
    "pips": -4156.7,
    "balance": 21952.92,
    "equity": 21936.83
  },
  {
    "serial": 32,
    "orderId": null,
    "positionId": 17,
    "event": "Create Position",
    "time": 1500584400000,
    "volume": 1.84,
    "quantity": 1.84,
    "type": "Buy",
    "entryPrice": 2583.12,
    "tp": null,
    "sl": null,
    "closePrice": null,
    "grossProfit": 0,
    "pips": 0,
    "balance": null,
    "equity": 21952.92
  },
  {
    "serial": 33,
    "orderId": null,
    "positionId": 17,
    "event": "Position Closed",
    "time": 1501102800000,
    "volume": 1.84,
    "quantity": 1.84,
    "type": "Buy",
    "entryPrice": 2583.12,
    "tp": null,
    "sl": null,
    "closePrice": 2569.3,
    "grossProfit": -23.68,
    "pips": -138.2,
    "balance": 21915.11,
    "equity": 21907.84
  },
  {
    "serial": 34,
    "orderId": null,
    "positionId": 18,
    "event": "Create Position",
    "time": 1501534800000,
    "volume": 1.45,
    "quantity": 1.45,
    "type": "Buy",
    "entryPrice": 2871,
    "tp": null,
    "sl": null,
    "closePrice": null,
    "grossProfit": 0,
    "pips": 0,
    "balance": null,
    "equity": 21915.11
  },
  {
    "serial": 35,
    "orderId": null,
    "positionId": 18,
    "event": "Position Closed",
    "time": 1504558800000,
    "volume": 1.45,
    "quantity": 1.45,
    "type": "Buy",
    "entryPrice": 2871,
    "tp": null,
    "sl": null,
    "closePrice": 4250.1,
    "grossProfit": 1862.54,
    "pips": 13791,
    "balance": 23721.85,
    "equity": 23671.47
  },
  {
    "serial": 36,
    "orderId": null,
    "positionId": 19,
    "event": "Create Position",
    "time": 1506805200000,
    "volume": 0.9,
    "quantity": 0.9,
    "type": "Buy",
    "entryPrice": 4350.1,
    "tp": null,
    "sl": null,
    "closePrice": null,
    "grossProfit": 0,
    "pips": 0,
    "balance": null,
    "equity": 23721.85
  },
  {
    "serial": 37,
    "orderId": null,
    "positionId": 19,
    "event": "Position Closed",
    "time": 1510351200000,
    "volume": 0.9,
    "quantity": 0.9,
    "type": "Buy",
    "entryPrice": 4350.1,
    "tp": null,
    "sl": null,
    "closePrice": 6549,
    "grossProfit": 1843.27,
    "pips": 21989,
    "balance": 25504.93,
    "equity": 25448.1
  },
  {
    "serial": 38,
    "orderId": null,
    "positionId": 20,
    "event": "Create Position",
    "time": 1510869600000,
    "volume": 0.53,
    "quantity": 0.53,
    "type": "Buy",
    "entryPrice": 7896.2,
    "tp": null,
    "sl": null,
    "closePrice": null,
    "grossProfit": 0,
    "pips": 0,
    "balance": null,
    "equity": 25504.93
  },
  {
    "serial": 39,
    "orderId": null,
    "positionId": 20,
    "event": "Position Closed",
    "time": 1513807200000,
    "volume": 0.53,
    "quantity": 0.53,
    "type": "Buy",
    "entryPrice": 7896.2,
    "tp": null,
    "sl": null,
    "closePrice": 16151,
    "grossProfit": 4074.96,
    "pips": 82548,
    "balance": 29520.75,
    "equity": 29463.59
  },
  {
    "serial": 40,
    "orderId": null,
    "positionId": 21,
    "event": "Create Position",
    "time": 1518904800000,
    "volume": 0.33,
    "quantity": 0.33,
    "type": "Buy",
    "entryPrice": 10798.1,
    "tp": null,
    "sl": null,
    "closePrice": null,
    "grossProfit": 0,
    "pips": 0,
    "balance": null,
    "equity": 29520.75
  },
  {
    "serial": 41,
    "orderId": null,
    "positionId": 21,
    "event": "Position Closed",
    "time": 1519336800000,
    "volume": 0.33,
    "quantity": 0.33,
    "type": "Buy",
    "entryPrice": 10798.1,
    "tp": null,
    "sl": null,
    "closePrice": 9878.9,
    "grossProfit": -282.53,
    "pips": -9192,
    "balance": 29232.47,
    "equity": 29227.96
  },
  {
    "serial": 42,
    "orderId": null,
    "positionId": 22,
    "event": "Create Position",
    "time": 1524430800000,
    "volume": 0.69,
    "quantity": 0.69,
    "type": "Buy",
    "entryPrice": 8853.9,
    "tp": null,
    "sl": null,
    "closePrice": null,
    "grossProfit": 0,
    "pips": 0,
    "balance": null,
    "equity": 29232.47
  },
  {
    "serial": 43,
    "orderId": null,
    "positionId": 22,
    "event": "Position Closed",
    "time": 1526245200000,
    "volume": 0.69,
    "quantity": 0.69,
    "type": "Buy",
    "entryPrice": 8853.9,
    "tp": null,
    "sl": null,
    "closePrice": 8692.8,
    "grossProfit": -103.53,
    "pips": -1611,
    "balance": 29092.41,
    "equity": 29058.46
  },
  {
    "serial": 44,
    "orderId": null,
    "positionId": 23,
    "event": "Create Position",
    "time": 1531861200000,
    "volume": 1.11,
    "quantity": 1.11,
    "type": "Buy",
    "entryPrice": 7309.97,
    "tp": null,
    "sl": null,
    "closePrice": null,
    "grossProfit": 0,
    "pips": 0,
    "balance": null,
    "equity": 29092.41
  },
  {
    "serial": 45,
    "orderId": null,
    "positionId": 23,
    "event": "Position Closed",
    "time": 1533157200000,
    "volume": 1.11,
    "quantity": 1.11,
    "type": "Buy",
    "entryPrice": 7309.97,
    "tp": null,
    "sl": null,
    "closePrice": 7495.3,
    "grossProfit": 191.61,
    "pips": 1853.3,
    "balance": 29246.66,
    "equity": 29213.44
  },
  {
    "serial": 46,
    "orderId": null,
    "positionId": 24,
    "event": "Create Position",
    "time": 1536008400000,
    "volume": 1.08,
    "quantity": 1.08,
    "type": "Buy",
    "entryPrice": 7299.67,
    "tp": null,
    "sl": null,
    "closePrice": null,
    "grossProfit": 0,
    "pips": 0,
    "balance": null,
    "equity": 29246.66
  },
  {
    "serial": 47,
    "orderId": null,
    "positionId": 24,
    "event": "Position Closed",
    "time": 1536267600000,
    "volume": 1.08,
    "quantity": 1.08,
    "type": "Buy",
    "entryPrice": 7299.67,
    "tp": null,
    "sl": null,
    "closePrice": 6443.78,
    "grossProfit": -860.96,
    "pips": -8558.9,
    "balance": 28375.94,
    "equity": 28370.22
  },
  {
    "serial": 48,
    "orderId": null,
    "positionId": 25,
    "event": "Create Position",
    "time": 1550527200000,
    "volume": 3.06,
    "quantity": 3.06,
    "type": "Buy",
    "entryPrice": 3952.54,
    "tp": null,
    "sl": null,
    "closePrice": null,
    "grossProfit": 0,
    "pips": 0,
    "balance": null,
    "equity": 28375.94
  },
  {
    "serial": 49,
    "orderId": null,
    "positionId": 25,
    "event": "Position Closed",
    "time": 1553547600000,
    "volume": 3.06,
    "quantity": 3.06,
    "type": "Buy",
    "entryPrice": 3952.54,
    "tp": null,
    "sl": null,
    "closePrice": 3876.75,
    "grossProfit": -216.01,
    "pips": -757.9,
    "balance": 28041.54,
    "equity": 27934.57
  },
  {
    "serial": 50,
    "orderId": null,
    "positionId": 26,
    "event": "Create Position",
    "time": 1554066000000,
    "volume": 3.68,
    "quantity": 3.68,
    "type": "Buy",
    "entryPrice": 4085.86,
    "tp": null,
    "sl": null,
    "closePrice": null,
    "grossProfit": 0,
    "pips": 0,
    "balance": null,
    "equity": 28041.54
  },
  {
    "serial": 51,
    "orderId": null,
    "positionId": 26,
    "event": "Position Closed",
    "time": 1556485200000,
    "volume": 3.68,
    "quantity": 3.68,
    "type": "Buy",
    "entryPrice": 4085.86,
    "tp": null,
    "sl": null,
    "closePrice": 5106.76,
    "grossProfit": 3499.23,
    "pips": 10209,
    "balance": 31391.69,
    "equity": 31256.35
  },
  {
    "serial": 52,
    "orderId": null,
    "positionId": 27,
    "event": "Create Position",
    "time": 1557090000000,
    "volume": 1.65,
    "quantity": 1.65,
    "type": "Buy",
    "entryPrice": 5769.86,
    "tp": null,
    "sl": null,
    "closePrice": null,
    "grossProfit": 0,
    "pips": 0,
    "balance": null,
    "equity": 31391.69
  },
  {
    "serial": 53,
    "orderId": null,
    "positionId": 27,
    "event": "Position Closed",
    "time": 1559682000000,
    "volume": 1.65,
    "quantity": 1.65,
    "type": "Buy",
    "entryPrice": 5769.86,
    "tp": null,
    "sl": null,
    "closePrice": 7591.48,
    "grossProfit": 2799.52,
    "pips": 18216.2,
    "balance": 34086.37,
    "equity": 33987.69
  },
  {
    "serial": 54,
    "orderId": null,
    "positionId": 28,
    "event": "Create Position",
    "time": 1560805200000,
    "volume": 0.82,
    "quantity": 0.82,
    "type": "Buy",
    "entryPrice": 9243.84,
    "tp": null,
    "sl": null,
    "closePrice": null,
    "grossProfit": 0,
    "pips": 0,
    "balance": null,
    "equity": 34086.37
  },
  {
    "serial": 55,
    "orderId": null,
    "positionId": 28,
    "event": "Position Closed",
    "time": 1563224400000,
    "volume": 0.82,
    "quantity": 0.82,
    "type": "Buy",
    "entryPrice": 9243.84,
    "tp": null,
    "sl": null,
    "closePrice": 10788.71,
    "grossProfit": 1179.91,
    "pips": 15448.7,
    "balance": 35198.78,
    "equity": 35134.34
  },
  {
    "serial": 56,
    "orderId": null,
    "positionId": 29,
    "event": "Create Position",
    "time": 1572296400000,
    "volume": 0.93,
    "quantity": 0.93,
    "type": "Buy",
    "entryPrice": 9399.49,
    "tp": null,
    "sl": null,
    "closePrice": null,
    "grossProfit": 0,
    "pips": 0,
    "balance": null,
    "equity": 35198.78
  },
  {
    "serial": 57,
    "orderId": null,
    "positionId": 29,
    "event": "Position Closed",
    "time": 1573423200000,
    "volume": 0.93,
    "quantity": 0.93,
    "type": "Buy",
    "entryPrice": 9399.49,
    "tp": null,
    "sl": null,
    "closePrice": 9031.5,
    "grossProfit": -318.76,
    "pips": -3679.9,
    "balance": 34848.34,
    "equity": 34820.14
  },
  {
    "serial": 58,
    "orderId": null,
    "positionId": 30,
    "event": "Create Position",
    "time": 1578434400000,
    "volume": 1.26,
    "quantity": 1.26,
    "type": "Buy",
    "entryPrice": 8057.24,
    "tp": null,
    "sl": null,
    "closePrice": null,
    "grossProfit": 0,
    "pips": 0,
    "balance": null,
    "equity": 34848.34
  },
  {
    "serial": 59,
    "orderId": null,
    "positionId": 30,
    "event": "Position Closed",
    "time": 1579816800000,
    "volume": 1.26,
    "quantity": 1.26,
    "type": "Buy",
    "entryPrice": 8057.24,
    "tp": null,
    "sl": null,
    "closePrice": 8386,
    "grossProfit": 385.83,
    "pips": 3287.6,
    "balance": 35185.96,
    "equity": 35142.45
  },
  {
    "serial": 60,
    "orderId": null,
    "positionId": 31,
    "event": "Create Position",
    "time": 1580248800000,
    "volume": 1.09,
    "quantity": 1.09,
    "type": "Buy",
    "entryPrice": 9013.66,
    "tp": null,
    "sl": null,
    "closePrice": null,
    "grossProfit": 0,
    "pips": 0,
    "balance": null,
    "equity": 35185.96
  },
  {
    "serial": 61,
    "orderId": null,
    "positionId": 31,
    "event": "Position Closed",
    "time": 1581976800000,
    "volume": 1.09,
    "quantity": 1.09,
    "type": "Buy",
    "entryPrice": 9013.66,
    "tp": null,
    "sl": null,
    "closePrice": 9625.5,
    "grossProfit": 621.16,
    "pips": 6118.4,
    "balance": 35748.72,
    "equity": 35694.38
  },
  {
    "serial": 62,
    "orderId": null,
    "positionId": 32,
    "event": "Create Position",
    "time": 1587675600000,
    "volume": 0.96,
    "quantity": 0.96,
    "type": "Buy",
    "entryPrice": 7547.06,
    "tp": null,
    "sl": null,
    "closePrice": null,
    "grossProfit": 0,
    "pips": 0,
    "balance": null,
    "equity": 35748.72
  },
  {
    "serial": 63,
    "orderId": null,
    "positionId": 32,
    "event": "Position Closed",
    "time": 1590094800000,
    "volume": 0.96,
    "quantity": 0.96,
    "type": "Buy",
    "entryPrice": 7547.06,
    "tp": null,
    "sl": null,
    "closePrice": 9023.05,
    "grossProfit": 1319.76,
    "pips": 14759.9,
    "balance": 37004,
    "equity": 36943.1
  },
  {
    "serial": 64,
    "orderId": null,
    "positionId": 33,
    "event": "Create Position",
    "time": 1595538000000,
    "volume": 2.11,
    "quantity": 2.11,
    "type": "Buy",
    "entryPrice": 9579.15,
    "tp": null,
    "sl": null,
    "closePrice": null,
    "grossProfit": 0,
    "pips": 0,
    "balance": null,
    "equity": 37004
  },
  {
    "serial": 65,
    "orderId": null,
    "positionId": 33,
    "event": "Position Closed",
    "time": 1598389200000,
    "volume": 2.11,
    "quantity": 2.11,
    "type": "Buy",
    "entryPrice": 9579.15,
    "tp": null,
    "sl": null,
    "closePrice": 11253.04,
    "grossProfit": 3289.66,
    "pips": 16738.9,
    "balance": 40083.49,
    "equity": 39881.2
  },
  {
    "serial": 66,
    "orderId": null,
    "positionId": 34,
    "event": "Create Position",
    "time": 1602536400000,
    "volume": 1.46,
    "quantity": 1.46,
    "type": "Buy",
    "entryPrice": 11555.6,
    "tp": null,
    "sl": null,
    "closePrice": null,
    "grossProfit": 0,
    "pips": 0,
    "balance": null,
    "equity": 40083.49
  },
  {
    "serial": 67,
    "orderId": null,
    "positionId": 34,
    "event": "Position Closed",
    "time": 1606428060000,
    "volume": 1.46,
    "quantity": 1.46,
    "type": "Buy",
    "entryPrice": 11555.6,
    "tp": null,
    "sl": null,
    "closePrice": 17065.5,
    "grossProfit": 7492.69,
    "pips": 55099,
    "balance": 47322.66,
    "equity": 47074.58
  },
  {
    "serial": 68,
    "orderId": null,
    "positionId": 35,
    "event": "Create Position",
    "time": 1608156060000,
    "volume": 0.49,
    "quantity": 0.49,
    "type": "Buy",
    "entryPrice": 21243.6,
    "tp": null,
    "sl": null,
    "closePrice": null,
    "grossProfit": 0,
    "pips": 0,
    "balance": null,
    "equity": 47322.66
  },
  {
    "serial": 69,
    "orderId": null,
    "positionId": 35,
    "event": "Position Closed",
    "time": 1611266460000,
    "volume": 0.49,
    "quantity": 0.49,
    "type": "Buy",
    "entryPrice": 21243.6,
    "tp": null,
    "sl": null,
    "closePrice": 31111.5,
    "grossProfit": 4503.62,
    "pips": 98679,
    "balance": 51684.18,
    "equity": 51543.9
  },
  {
    "serial": 70,
    "orderId": null,
    "positionId": 36,
    "event": "Create Position",
    "time": 1612821900000,
    "volume": 0.17,
    "quantity": 0.17,
    "type": "Buy",
    "entryPrice": 44842.39,
    "tp": null,
    "sl": null,
    "closePrice": null,
    "grossProfit": 0,
    "pips": 0,
    "balance": null,
    "equity": 51684.18
  },
  {
    "serial": 71,
    "orderId": null,
    "positionId": 36,
    "event": "Position Closed",
    "time": 1616706300000,
    "volume": 0.17,
    "quantity": 0.17,
    "type": "Buy",
    "entryPrice": 44842.39,
    "tp": null,
    "sl": null,
    "closePrice": 52189.26,
    "grossProfit": 1163.3,
    "pips": 73468.7,
    "balance": 52745.45,
    "equity": 52644.06
  },
  {
    "serial": 72,
    "orderId": null,
    "positionId": 37,
    "event": "Create Position",
    "time": 1618347900000,
    "volume": 0.21,
    "quantity": 0.21,
    "type": "Buy",
    "entryPrice": 63151.06,
    "tp": null,
    "sl": null,
    "closePrice": null,
    "grossProfit": 0,
    "pips": 0,
    "balance": null,
    "equity": 52745.45
  },
  {
    "serial": 73,
    "orderId": null,
    "positionId": 37,
    "event": "Position Closed",
    "time": 1618866300000,
    "volume": 0.21,
    "quantity": 0.21,
    "type": "Buy",
    "entryPrice": 63151.06,
    "tp": null,
    "sl": null,
    "closePrice": 56282.18,
    "grossProfit": -1343.53,
    "pips": -68688.8,
    "balance": 51382.33,
    "equity": 51363.52
  },
  {
    "serial": 74,
    "orderId": null,
    "positionId": 38,
    "event": "Create Position",
    "time": 1627333260000,
    "volume": 0.29,
    "quantity": 0.29,
    "type": "Buy",
    "entryPrice": 37526.6,
    "tp": null,
    "sl": null,
    "closePrice": null,
    "grossProfit": 0,
    "pips": 0,
    "balance": null,
    "equity": 51382.33
  },
  {
    "serial": 75,
    "orderId": null,
    "positionId": 38,
    "event": "Position Closed",
    "time": 1632171660000,
    "volume": 0.29,
    "quantity": 0.29,
    "type": "Buy",
    "entryPrice": 37526.6,
    "tp": null,
    "sl": null,
    "closePrice": 43708,
    "grossProfit": 1669.65,
    "pips": 61814,
    "balance": 52860.87,
    "equity": 52670.84
  },
  {
    "serial": 76,
    "orderId": null,
    "positionId": 39,
    "event": "Create Position",
    "time": 1633467660000,
    "volume": 0.24,
    "quantity": 0.24,
    "type": "Buy",
    "entryPrice": 51476.1,
    "tp": null,
    "sl": null,
    "closePrice": null,
    "grossProfit": 0,
    "pips": 0,
    "balance": null,
    "equity": 52860.87
  },
  {
    "serial": 77,
    "orderId": null,
    "positionId": 39,
    "event": "Position Closed",
    "time": 1635368460000,
    "volume": 0.24,
    "quantity": 0.24,
    "type": "Buy",
    "entryPrice": 51476.1,
    "tp": null,
    "sl": null,
    "closePrice": 58993,
    "grossProfit": 1680.32,
    "pips": 75169,
    "balance": 54460.35,
    "equity": 54380.41
  },
  {
    "serial": 78,
    "orderId": null,
    "positionId": 40,
    "event": "Create Position",
    "time": 1636408860000,
    "volume": 0.23,
    "quantity": 0.23,
    "type": "Buy",
    "entryPrice": 66135.1,
    "tp": null,
    "sl": null,
    "closePrice": null,
    "grossProfit": 0,
    "pips": 0,
    "balance": null,
    "equity": 54460.35
  },
  {
    "serial": 79,
    "orderId": null,
    "positionId": 40,
    "event": "Position Closed",
    "time": 1637100060000,
    "volume": 0.23,
    "quantity": 0.23,
    "type": "Buy",
    "entryPrice": 66135.1,
    "tp": null,
    "sl": null,
    "closePrice": 60526,
    "grossProfit": -1201.61,
    "pips": -56091,
    "balance": 53227.72,
    "equity": 53197.56
  },
  {
    "serial": 80,
    "orderId": null,
    "positionId": 41,
    "event": "Create Position",
    "time": 1644271320000,
    "volume": 0.29,
    "quantity": 0.29,
    "type": "Buy",
    "entryPrice": 44082.1,
    "tp": null,
    "sl": null,
    "closePrice": null,
    "grossProfit": 0,
    "pips": 0,
    "balance": null,
    "equity": 53227.72
  },
  {
    "serial": 81,
    "orderId": null,
    "positionId": 41,
    "event": "Position Closed",
    "time": 1645135320000,
    "volume": 0.29,
    "quantity": 0.29,
    "type": "Buy",
    "entryPrice": 44082.1,
    "tp": null,
    "sl": null,
    "closePrice": 40724,
    "grossProfit": -907.05,
    "pips": -33581,
    "balance": 52287.66,
    "equity": 52255.73
  },
  {
    "serial": 82,
    "orderId": null,
    "positionId": 42,
    "event": "Create Position",
    "time": 1647982920000,
    "volume": 0.32,
    "quantity": 0.32,
    "type": "Buy",
    "entryPrice": 42600.1,
    "tp": null,
    "sl": null,
    "closePrice": null,
    "grossProfit": 0,
    "pips": 0,
    "balance": null,
    "equity": 52287.66
  },
  {
    "serial": 83,
    "orderId": null,
    "positionId": 42,
    "event": "Position Closed",
    "time": 1649278920000,
    "volume": 0.32,
    "quantity": 0.32,
    "type": "Buy",
    "entryPrice": 42600.1,
    "tp": null,
    "sl": null,
    "closePrice": 43856,
    "grossProfit": 374.32,
    "pips": 12559,
    "balance": 52605.02,
    "equity": 52549.26
  },
  {
    "serial": 84,
    "orderId": null,
    "positionId": 43,
    "event": "Create Position",
    "time": 1654030920000,
    "volume": 0.39,
    "quantity": 0.39,
    "type": "Buy",
    "entryPrice": 31766.1,
    "tp": null,
    "sl": null,
    "closePrice": null,
    "grossProfit": 0,
    "pips": 0,
    "balance": null,
    "equity": 52605.02
  },
  {
    "serial": 85,
    "orderId": null,
    "positionId": 43,
    "event": "Position Closed",
    "time": 1654894920000,
    "volume": 0.39,
    "quantity": 0.39,
    "type": "Buy",
    "entryPrice": 31766.1,
    "tp": null,
    "sl": null,
    "closePrice": 29166,
    "grossProfit": -944.49,
    "pips": -26001,
    "balance": 51623.31,
    "equity": 51587.55
  },
  {
    "serial": 86,
    "orderId": null,
    "positionId": 44,
    "event": "Create Position",
    "time": 1658264520000,
    "volume": 0.51,
    "quantity": 0.51,
    "type": "Buy",
    "entryPrice": 23308.1,
    "tp": null,
    "sl": null,
    "closePrice": null,
    "grossProfit": 0,
    "pips": 0,
    "balance": null,
    "equity": 51623.31
  },
  {
    "serial": 87,
    "orderId": null,
    "positionId": 44,
    "event": "Position Closed",
    "time": 1658869320000,
    "volume": 0.51,
    "quantity": 0.51,
    "type": "Buy",
    "entryPrice": 23308.1,
    "tp": null,
    "sl": null,
    "closePrice": 20990,
    "grossProfit": -1101.14,
    "pips": -23181,
    "balance": 50499.79,
    "equity": 50479.31
  },
  {
    "serial": 88,
    "orderId": null,
    "positionId": 45,
    "event": "Create Position",
    "time": 1663016520000,
    "volume": 0.77,
    "quantity": 0.77,
    "type": "Buy",
    "entryPrice": 22384.1,
    "tp": null,
    "sl": null,
    "closePrice": null,
    "grossProfit": 0,
    "pips": 0,
    "balance": null,
    "equity": 50499.79
  },
  {
    "serial": 89,
    "orderId": null,
    "positionId": 45,
    "event": "Position Closed",
    "time": 1665435720000,
    "volume": 0.77,
    "quantity": 0.77,
    "type": "Buy",
    "entryPrice": 22384.1,
    "tp": null,
    "sl": null,
    "closePrice": 19248,
    "grossProfit": -2249.17,
    "pips": -31361,
    "balance": 48140.52,
    "equity": 48033.3
  },
  {
    "serial": 90,
    "orderId": null,
    "positionId": 46,
    "event": "Create Position",
    "time": 1666731720000,
    "volume": 1.14,
    "quantity": 1.14,
    "type": "Buy",
    "entryPrice": 20172.1,
    "tp": null,
    "sl": null,
    "closePrice": null,
    "grossProfit": 0,
    "pips": 0,
    "balance": null,
    "equity": 48140.52
  },
  {
    "serial": 91,
    "orderId": null,
    "positionId": 46,
    "event": "Position Closed",
    "time": 1667944800000,
    "volume": 1.14,
    "quantity": 1.14,
    "type": "Buy",
    "entryPrice": 20172.1,
    "tp": null,
    "sl": null,
    "closePrice": 18686,
    "grossProfit": -1577.95,
    "pips": -14861,
    "balance": 46474.95,
    "equity": 46391.59
  },
  {
    "serial": 92,
    "orderId": null,
    "positionId": 47,
    "event": "Create Position",
    "time": 1670968920000,
    "volume": 1.5,
    "quantity": 1.5,
    "type": "Buy",
    "entryPrice": 17730.1,
    "tp": null,
    "sl": null,
    "closePrice": null,
    "grossProfit": 0,
    "pips": 0,
    "balance": null,
    "equity": 46474.95
  },
  {
    "serial": 93,
    "orderId": null,
    "positionId": 47,
    "event": "Position Closed",
    "time": 1671228120000,
    "volume": 1.5,
    "quantity": 1.5,
    "type": "Buy",
    "entryPrice": 17730.1,
    "tp": null,
    "sl": null,
    "closePrice": 16830,
    "grossProfit": -1257.54,
    "pips": -9001,
    "balance": 45178.99,
    "equity": 45146.17
  },
  {
    "serial": 94,
    "orderId": null,
    "positionId": 48,
    "event": "Create Position",
    "time": 1673301720000,
    "volume": 2.55,
    "quantity": 2.55,
    "type": "Buy",
    "entryPrice": 17164.1,
    "tp": null,
    "sl": null,
    "closePrice": null,
    "grossProfit": 0,
    "pips": 0,
    "balance": null,
    "equity": 45178.99
  },
  {
    "serial": 95,
    "orderId": null,
    "positionId": 48,
    "event": "Position Closed",
    "time": 1675980120000,
    "volume": 2.55,
    "quantity": 2.55,
    "type": "Buy",
    "entryPrice": 17164.1,
    "tp": null,
    "sl": null,
    "closePrice": 21850,
    "grossProfit": 11129.47,
    "pips": 46859,
    "balance": 55856.81,
    "equity": 55414.68
  },
  {
    "serial": 96,
    "orderId": null,
    "positionId": 49,
    "event": "Create Position",
    "time": 1676584920000,
    "volume": 0.88,
    "quantity": 0.88,
    "type": "Buy",
    "entryPrice": 24534.1,
    "tp": null,
    "sl": null,
    "closePrice": null,
    "grossProfit": 0,
    "pips": 0,
    "balance": null,
    "equity": 55856.81
  },
  {
    "serial": 97,
    "orderId": null,
    "positionId": 49,
    "event": "Position Closed",
    "time": 1677276120000,
    "volume": 0.88,
    "quantity": 0.88,
    "type": "Buy",
    "entryPrice": 24534.1,
    "tp": null,
    "sl": null,
    "closePrice": 23046,
    "grossProfit": -1219.71,
    "pips": -14881,
    "balance": 54579.69,
    "equity": 54525.56
  },
  {
    "serial": 98,
    "orderId": null,
    "positionId": 50,
    "event": "Create Position",
    "time": 1678741320000,
    "volume": 0.7,
    "quantity": 0.7,
    "type": "Buy",
    "entryPrice": 24244.1,
    "tp": null,
    "sl": null,
    "closePrice": null,
    "grossProfit": 0,
    "pips": 0,
    "balance": null,
    "equity": 54579.69
  },
  {
    "serial": 99,
    "orderId": null,
    "positionId": 50,
    "event": "Position Closed",
    "time": 1681765320000,
    "volume": 0.7,
    "quantity": 0.7,
    "type": "Buy",
    "entryPrice": 24244.1,
    "tp": null,
    "sl": null,
    "closePrice": 29458,
    "grossProfit": 3399.4,
    "pips": 52139,
    "balance": 57801.26,
    "equity": 57626.05
  },
  {
    "serial": 100,
    "orderId": null,
    "positionId": 51,
    "event": "Create Position",
    "time": 1687294920000,
    "volume": 0.79,
    "quantity": 0.79,
    "type": "Buy",
    "entryPrice": 28134.1,
    "tp": null,
    "sl": null,
    "closePrice": null,
    "grossProfit": 0,
    "pips": 0,
    "balance": null,
    "equity": 57801.26
  },
  {
    "serial": 101,
    "orderId": null,
    "positionId": 51,
    "event": "Position Closed",
    "time": 1690232520000,
    "volume": 0.79,
    "quantity": 0.79,
    "type": "Buy",
    "entryPrice": 28134.1,
    "tp": null,
    "sl": null,
    "closePrice": 29134,
    "grossProfit": 735.74,
    "pips": 9999,
    "balance": 58326.33,
    "equity": 58118.6
  },
  {
    "serial": 102,
    "orderId": null,
    "positionId": 52,
    "event": "Create Position",
    "time": 1696280520000,
    "volume": 1.21,
    "quantity": 1.21,
    "type": "Buy",
    "entryPrice": 27840.1,
    "tp": null,
    "sl": null,
    "closePrice": null,
    "grossProfit": 0,
    "pips": 0,
    "balance": null,
    "equity": 58326.33
  },
  {
    "serial": 103,
    "orderId": null,
    "positionId": 52,
    "event": "Position Closed",
    "time": 1697058120000,
    "volume": 1.21,
    "quantity": 1.21,
    "type": "Buy",
    "entryPrice": 27840.1,
    "tp": null,
    "sl": null,
    "closePrice": 26699,
    "grossProfit": -1286.03,
    "pips": -11411,
    "balance": 56959.17,
    "equity": 56882.56
  },
  {
    "serial": 104,
    "orderId": null,
    "positionId": 53,
    "event": "Create Position",
    "time": 1698094920000,
    "volume": 0.83,
    "quantity": 0.83,
    "type": "Buy",
    "entryPrice": 31603.1,
    "tp": null,
    "sl": null,
    "closePrice": null,
    "grossProfit": 0,
    "pips": 0,
    "balance": null,
    "equity": 56959.17
  },
  {
    "serial": 105,
    "orderId": null,
    "positionId": 53,
    "event": "Position Closed",
    "time": 1702332120000,
    "volume": 0.83,
    "quantity": 0.83,
    "type": "Buy",
    "entryPrice": 31603.1,
    "tp": null,
    "sl": null,
    "closePrice": 41187,
    "grossProfit": 7409.04,
    "pips": 95839,
    "balance": 63976.99,
    "equity": 63588.87
  },
  {
    "serial": 106,
    "orderId": null,
    "positionId": 54,
    "event": "Create Position",
    "time": 1704232920000,
    "volume": 0.54,
    "quantity": 0.54,
    "type": "Buy",
    "entryPrice": 45111.1,
    "tp": null,
    "sl": null,
    "closePrice": null,
    "grossProfit": 0,
    "pips": 0,
    "balance": null,
    "equity": 63976.99
  },
  {
    "serial": 107,
    "orderId": null,
    "positionId": 54,
    "event": "Position Closed",
    "time": 1705183320000,
    "volume": 0.54,
    "quantity": 0.54,
    "type": "Buy",
    "entryPrice": 45111.1,
    "tp": null,
    "sl": null,
    "closePrice": 42941,
    "grossProfit": -1091.48,
    "pips": -21701,
    "balance": 62809.7,
    "equity": 62735.91
  },
  {
    "serial": 108,
    "orderId": null,
    "positionId": 55,
    "event": "Create Position",
    "time": 1707343320000,
    "volume": 0.63,
    "quantity": 0.63,
    "type": "Buy",
    "entryPrice": 44173.1,
    "tp": null,
    "sl": null,
    "closePrice": null,
    "grossProfit": 0,
    "pips": 0,
    "balance": null,
    "equity": 62809.7
  },
  {
    "serial": 109,
    "orderId": null,
    "positionId": 55,
    "event": "Position Closed",
    "time": 1710882300000,
    "volume": 0.63,
    "quantity": 0.63,
    "type": "Buy",
    "entryPrice": 44173.1,
    "tp": null,
    "sl": null,
    "closePrice": 63866.41,
    "grossProfit": 11555.82,
    "pips": 196933.1,
    "balance": 73973.37,
    "equity": 73583.58
  },
  {
    "serial": 110,
    "orderId": null,
    "positionId": 56,
    "event": "Create Position",
    "time": 1715807100000,
    "volume": 0.35,
    "quantity": 0.35,
    "type": "Buy",
    "entryPrice": 65811.54,
    "tp": null,
    "sl": null,
    "closePrice": null,
    "grossProfit": 0,
    "pips": 0,
    "balance": null,
    "equity": 73973.37
  },
  {
    "serial": 111,
    "orderId": null,
    "positionId": 56,
    "event": "Position Closed",
    "time": 1718139900000,
    "volume": 0.35,
    "quantity": 0.35,
    "type": "Buy",
    "entryPrice": 65811.54,
    "tp": null,
    "sl": null,
    "closePrice": 67260.34,
    "grossProfit": 472.3,
    "pips": 14488,
    "balance": 74278.96,
    "equity": 74113.55
  }
]