[
  {
    "serial": 0,
    "orderId": null,
    "positionId": 1,
    "event": "Create Position",
    "time": 1415829600000,
    "volume": 7.17,
    "quantity": 7.17,
    "type": "Buy",
    "entryPrice": 419.2,
    "tp": null,
    "sl": null,
    "closePrice": null,
    "grossProfit": 0,
    "pips": 0,
    "balance": null,
    "equity": 10000
  },
  {
    "serial": 1,
    "orderId": null,
    "positionId": 1,
    "event": "Position Closed",
    "time": 1418162400000,
    "volume": 7.17,
    "quantity": 7.17,
    "type": "Buy",
    "entryPrice": 419.2,
    "tp": null,
    "sl": null,
    "closePrice": 342.9,
    "grossProfit": -509.55,
    "pips": -763,
    "balance": 9445.51,
    "equity": 9427.33
  },
  {
    "serial": 2,
    "orderId": null,
    "positionId": 2,
    "event": "Create Position",
    "time": 1425160800000,
    "volume": 12.56,
    "quantity": 12.56,
    "type": "Buy",
    "entryPrice": 250.1,
    "tp": null,
    "sl": null,
    "closePrice": null,
    "grossProfit": 0,
    "pips": 0,
    "balance": null,
    "equity": 9445.51
  },
  {
    "serial": 3,
    "orderId": null,
    "positionId": 2,
    "event": "Position Closed",
    "time": 1426712400000,
    "volume": 12.56,
    "quantity": 12.56,
    "type": "Buy",
    "entryPrice": 250.1,
    "tp": null,
    "sl": null,
    "closePrice": 250.3,
    "grossProfit": 2.34,
    "pips": 2,
    "balance": 9385.1,
    "equity": 9369.21
  },
  {
    "serial": 4,
    "orderId": null,
    "positionId": 3,
    "event": "Create Position",
    "time": 1434488400000,
    "volume": 24.6,
    "quantity": 24.6,
    "type": "Buy",
    "entryPrice": 246.12,
    "tp": null,
    "sl": null,
    "closePrice": null,
    "grossProfit": 0,
    "pips": 0,
    "balance": null,
    "equity": 9385.1
  },
  {
    "serial": 5,
    "orderId": null,
    "positionId": 3,
    "event": "Position Closed",
    "time": 1438981200000,
    "volume": 24.6,
    "quantity": 24.6,
    "type": "Buy",
    "entryPrice": 246.12,
    "tp": null,
    "sl": null,
    "closePrice": 270.75,
    "grossProfit": 564.34,
    "pips": 246.3,
    "balance": 9766.95,
    "equity": 9676.26
  },
  {
    "serial": 6,
    "orderId": null,
    "positionId": 4,
    "event": "Create Position",
    "time": 1444165200000,
    "volume": 26.34,
    "quantity": 26.34,
    "type": "Buy",
    "entryPrice": 243.01,
    "tp": null,
    "sl": null,
    "closePrice": null,
    "grossProfit": 0,
    "pips": 0,
    "balance": null,
    "equity": 9766.95
  },
  {
    "serial": 7,
    "orderId": null,
    "positionId": 4,
    "event": "Position Closed",
    "time": 1451167200000,
    "volume": 26.34,
    "quantity": 26.34,
    "type": "Buy",
    "entryPrice": 243.01,
    "tp": null,
    "sl": null,
    "closePrice": 412.1,
    "grossProfit": 4148.35,
    "pips": 1690.9,
    "balance": 13627.38,
    "equity": 13437.74
  },
  {
    "serial": 8,
    "orderId": null,
    "positionId": 5,
    "event": "Create Position",
    "time": 1455746400000,
    "volume": 15.36,
    "quantity": 15.36,
    "type": "Buy",
    "entryPrice": 419.23,
    "tp": null,
    "sl": null,
    "closePrice": null,
    "grossProfit": 0,
    "pips": 0,
    "balance": null,
    "equity": 13627.38
  },
  {
    "serial": 9,
    "orderId": null,
    "positionId": 5,
    "event": "Position Closed",
    "time": 1457128800000,
    "volume": 15.36,
    "quantity": 15.36,
    "type": "Buy",
    "entryPrice": 419.23,
    "tp": null,
    "sl": null,
    "closePrice": 411.6,
    "grossProfit": -109.16,
    "pips": -76.3,
    "balance": 13431.09,
    "equity": 13401.28
  },
  {
    "serial": 10,
    "orderId": null,
    "positionId": 6,
    "event": "Create Position",
    "time": 1460754000000,
    "volume": 28.58,
    "quantity": 28.58,
    "type": "Buy",
    "entryPrice": 426.4,
    "tp": null,
    "sl": null,
    "closePrice": null,
    "grossProfit": 0,
    "pips": 0,
    "balance": null,
    "equity": 13431.09
  },
  {
    "serial": 11,
    "orderId": null,
    "positionId": 6,
    "event": "Position Closed",
    "time": 1463778000000,
    "volume": 28.58,
    "quantity": 28.58,
    "type": "Buy",
    "entryPrice": 426.4,
    "tp": null,
    "sl": null,
    "closePrice": 439.02,
    "grossProfit": 335.94,
    "pips": 126.2,
    "balance": 13540.4,
    "equity": 13420.41
  },
  {
    "serial": 12,
    "orderId": null,
    "positionId": 7,
    "event": "Create Position",
    "time": 1464382800000,
    "volume": 22.65,
    "quantity": 22.65,
    "type": "Buy",
    "entryPrice": 468.1,
    "tp": null,
    "sl": null,
    "closePrice": null,
    "grossProfit": 0,
    "pips": 0,
    "balance": null,
    "equity": 13540.4
  },
  {
    "serial": 13,
    "orderId": null,
    "positionId": 7,
    "event": "Position Closed",
    "time": 1469998800000,
    "volume": 22.65,
    "quantity": 22.65,
    "type": "Buy",
    "entryPrice": 468.1,
    "tp": null,
    "sl": null,
    "closePrice": 627.3,
    "grossProfit": 3358.56,
    "pips": 1592,
    "balance": 16579.06,
    "equity": 16343.68
  },
  {
    "serial": 14,
    "orderId": null,
    "positionId": 8,
    "event": "Create Position",
    "time": 1472936400000,
    "volume": 18.59,
    "quantity": 18.59,
    "type": "Buy",
    "entryPrice": 602.08,
    "tp": null,
    "sl": null,
    "closePrice": null,
    "grossProfit": 0,
    "pips": 0,
    "balance": null,
    "equity": 16579.06
  },
  {
    "serial": 15,
    "orderId": null,
    "positionId": 8,
    "event": "Position Closed",
    "time": 1489870800000,
    "volume": 18.59,
    "quantity": 18.59,
    "type": "Buy",
    "entryPrice": 602.08,
    "tp": null,
    "sl": null,
    "closePrice": 972.53,
    "grossProfit": 6414.32,
    "pips": 3704.5,
    "balance": 22155.5,
    "equity": 21386.98
  },
  {
    "serial": 16,
    "orderId": null,
    "positionId": 9,
    "event": "Create Position",
    "time": 1491944400000,
    "volume": 5.69,
    "quantity": 5.69,
    "type": "Buy",
    "entryPrice": 1211.4,
    "tp": null,
    "sl": null,
    "closePrice": null,
    "grossProfit": 0,
    "pips": 0,
    "balance": null,
    "equity": 22155.5
  },
  {
    "serial": 17,
    "orderId": null,
    "positionId": 9,
    "event": "Position Closed",
    "time": 1499806800000,
    "volume": 5.69,
    "quantity": 5.69,
    "type": "Buy",
    "entryPrice": 1211.4,
    "tp": null,
    "sl": null,
    "closePrice": 2291.44,
    "grossProfit": 5723.92,
    "pips": 10800.4,
    "balance": 27591.52,
    "equity": 27324.86
  },
  {
    "serial": 18,
    "orderId": null,
    "positionId": 10,
    "event": "Create Position",
    "time": 1500584400000,
    "volume": 2.31,
    "quantity": 2.31,
    "type": "Buy",
    "entryPrice": 2583.12,
    "tp": null,
    "sl": null,
    "closePrice": null,
    "grossProfit": 0,
    "pips": 0,
    "balance": null,
    "equity": 27591.52
  },
  {
    "serial": 19,
    "orderId": null,
    "positionId": 10,
    "event": "Position Closed",
    "time": 1505336400000,
    "volume": 2.31,
    "quantity": 2.31,
    "type": "Buy",
    "entryPrice": 2583.12,
    "tp": null,
    "sl": null,
    "closePrice": 3892.2,
    "grossProfit": 2816.56,
    "pips": 13090.8,
    "balance": 30279.37,
    "equity": 30159.28
  },
  {
    "serial": 20,
    "orderId": null,
    "positionId": 11,
    "event": "Create Position",
    "time": 1507496400000,
    "volume": 1.73,
    "quantity": 1.73,
    "type": "Buy",
    "entryPrice": 4576.3,
    "tp": null,
    "sl": null,
    "closePrice": null,
    "grossProfit": 0,
    "pips": 0,
    "balance": null,
    "equity": 30279.37
  },
  {
    "serial": 21,
    "orderId": null,
    "positionId": 11,
    "event": "Position Closed",
    "time": 1510524000000,
    "volume": 1.73,
    "quantity": 1.73,
    "type": "Buy",
    "entryPrice": 4576.3,
    "tp": null,
    "sl": null,
    "closePrice": 5864.8,
    "grossProfit": 2076.21,
    "pips": 12885,
    "balance": 32255.08,
    "equity": 32161.04
  },
  {
    "serial": 22,
    "orderId": null,
    "positionId": 12,
    "event": "Create Position",
    "time": 1510869600000,
    "volume": 0.68,
    "quantity": 0.68,
    "type": "Buy",
    "entryPrice": 7896.2,
    "tp": null,
    "sl": null,
    "closePrice": null,
    "grossProfit": 0,
    "pips": 0,
    "balance": null,
    "equity": 32255.08
  },
  {
    "serial": 23,
    "orderId": null,
    "positionId": 12,
    "event": "Position Closed",
    "time": 1516140000000,
    "volume": 0.68,
    "quantity": 0.68,
    "type": "Buy",
    "entryPrice": 7896.2,
    "tp": null,
    "sl": null,
    "closePrice": 10531,
    "grossProfit": 1668.78,
    "pips": 26348,
    "balance": 33780.7,
    "equity": 33640.08
  },
  {
    "serial": 24,
    "orderId": null,
    "positionId": 13,
    "event": "Create Position",
    "time": 1524603600000,
    "volume": 0.83,
    "quantity": 0.83,
    "type": "Buy",
    "entryPrice": 9417.5,
    "tp": null,
    "sl": null,
    "closePrice": null,
    "grossProfit": 0,
    "pips": 0,
    "balance": null,
    "equity": 33780.7
  },
  {
    "serial": 25,
    "orderId": null,
    "positionId": 13,
    "event": "Position Closed",
    "time": 1526245200000,
    "volume": 0.83,
    "quantity": 0.83,
    "type": "Buy",
    "entryPrice": 9417.5,
    "tp": null,
    "sl": null,
    "closePrice": 8692.8,
    "grossProfit": -560.24,
    "pips": -7247,
    "balance": 33180.39,
    "equity": 33143.42
  },
  {
    "serial": 26,
    "orderId": null,
    "positionId": 14,
    "event": "Create Position",
    "time": 1531861200000,
    "volume": 1.27,
    "quantity": 1.27,
    "type": "Buy",
    "entryPrice": 7309.97,
    "tp": null,
    "sl": null,
    "closePrice": null,
    "grossProfit": 0,
    "pips": 0,
    "balance": null,
    "equity": 33180.39
  },
  {
    "serial": 27,
    "orderId": null,
    "positionId": 14,
    "event": "Position Closed",
    "time": 1533589200000,
    "volume": 1.27,
    "quantity": 1.27,
    "type": "Buy",
    "entryPrice": 7309.97,
    "tp": null,
    "sl": null,
    "closePrice": 6908.65,
    "grossProfit": -474.72,
    "pips": -4013.2,
    "balance": 32651.38,
    "equity": 32601.83
  },
  {
    "serial": 28,
    "orderId": null,
    "positionId": 15,
    "event": "Create Position",
    "time": 1550527200000,
    "volume": 3.52,
    "quantity": 3.52,
    "type": "Buy",
    "entryPrice": 3952.54,
    "tp": null,
    "sl": null,
    "closePrice": null,
    "grossProfit": 0,
    "pips": 0,
    "balance": null,
    "equity": 32651.38
  },
  {
    "serial": 29,
    "orderId": null,
    "positionId": 15,
    "event": "Position Closed",
    "time": 1563310800000,
    "volume": 3.52,
    "quantity": 3.52,
    "type": "Buy",
    "entryPrice": 3952.54,
    "tp": null,
    "sl": null,
    "closePrice": 9587.43,
    "grossProfit": 18474.36,
    "pips": 56348.9,
    "balance": 50212.29,
    "equity": 49311.98
  },
  {
    "serial": 30,
    "orderId": null,
    "positionId": 16,
    "event": "Create Position",
    "time": 1578434400000,
    "volume": 1.82,
    "quantity": 1.82,
    "type": "Buy",
    "entryPrice": 8057.24,
    "tp": null,
    "sl": null,
    "closePrice": null,
    "grossProfit": 0,
    "pips": 0,
    "balance": null,
    "equity": 50212.29
  },
  {
    "serial": 31,
    "orderId": null,
    "positionId": 16,
    "event": "Position Closed",
    "time": 1582754400000,
    "volume": 1.82,
    "quantity": 1.82,
    "type": "Buy",
    "entryPrice": 8057.24,
    "tp": null,
    "sl": null,
    "closePrice": 8746.5,
    "grossProfit": 1168.41,
    "pips": 6892.6,
    "balance": 51159.87,
    "equity": 50945.84
  },
  {
    "serial": 32,
    "orderId": null,
    "positionId": 17,
    "event": "Create Position",
    "time": 1587675600000,
    "volume": 1.38,
    "quantity": 1.38,
    "type": "Buy",
    "entryPrice": 7547.06,
    "tp": null,
    "sl": null,
    "closePrice": null,
    "grossProfit": 0,
    "pips": 0,
    "balance": null,
    "equity": 51159.87
  },
  {
    "serial": 33,
    "orderId": null,
    "positionId": 17,
    "event": "Position Closed",
    "time": 1599166800000,
    "volume": 1.38,
    "quantity": 1.38,
    "type": "Buy",
    "entryPrice": 7547.06,
    "tp": null,
    "sl": null,
    "closePrice": 10775.5,
    "grossProfit": 4149.67,
    "pips": 32284.4,
    "balance": 54841.5,
    "equity": 54378.6
  },
  {
    "serial": 34,
    "orderId": null,
    "positionId": 18,
    "event": "Create Position",
    "time": 1602536400000,
    "volume": 2,
    "quantity": 2,
    "type": "Buy",
    "entryPrice": 11555.6,
    "tp": null,
    "sl": null,
    "closePrice": null,
    "grossProfit": 0,
    "pips": 0,
    "balance": null,
    "equity": 54841.5
  },
  {
    "serial": 35,
    "orderId": null,
    "positionId": 18,
    "event": "Position Closed",
    "time": 1619125500000,
    "volume": 2,
    "quantity": 2,
    "type": "Buy",
    "entryPrice": 11555.6,
    "tp": null,
    "sl": null,
    "closePrice": 51151.26,
    "grossProfit": 73759.66,
    "pips": 395956.6,
    "balance": 125147.39,
    "equity": 121701.08
  },
  {
    "serial": 36,
    "orderId": null,
    "positionId": 19,
    "event": "Create Position",
    "time": 1627333260000,
    "volume": 0.72,
    "quantity": 0.72,
    "type": "Buy",
    "entryPrice": 37526.6,
    "tp": null,
    "sl": null,
    "closePrice": null,
    "grossProfit": 0,
    "pips": 0,
    "balance": null,
    "equity": 125147.39
  },
  {
    "serial": 37,
    "orderId": null,
    "positionId": 19,
    "event": "Position Closed",
    "time": 1632258060000,
    "volume": 0.72,
    "quantity": 0.72,
    "type": "Buy",
    "entryPrice": 37526.6,
    "tp": null,
    "sl": null,
    "closePrice": 40980,
    "grossProfit": 2315.9,
    "pips": 34534,
    "balance": 126981.26,
    "equity": 126501.91
  },
  {
    "serial": 38,
    "orderId": null,
    "positionId": 20,
    "event": "Create Position",
    "time": 1633467660000,
    "volume": 0.59,
    "quantity": 0.59,
    "type": "Buy",
    "entryPrice": 51476.1,
    "tp": null,
    "sl": null,
    "closePrice": null,
    "grossProfit": 0,
    "pips": 0,
    "balance": null,
    "equity": 126981.26
  },
  {
    "serial": 39,
    "orderId": null,
    "positionId": 20,
    "event": "Position Closed",
    "time": 1637272860000,
    "volume": 0.59,
    "quantity": 0.59,
    "type": "Buy",
    "entryPrice": 51476.1,
    "tp": null,
    "sl": null,
    "closePrice": 57590,
    "grossProfit": 3359.79,
    "pips": 61139,
    "balance": 129934.88,
    "equity": 129530.91
  },
  {
    "serial": 40,
    "orderId": null,
    "positionId": 21,
    "event": "Create Position",
    "time": 1644271320000,
    "volume": 0.7,
    "quantity": 0.7,
    "type": "Buy",
    "entryPrice": 44082.1,
    "tp": null,
    "sl": null,
    "closePrice": null,
    "grossProfit": 0,
    "pips": 0,
    "balance": null,
    "equity": 129934.88
  },
  {
    "serial": 41,
    "orderId": null,
    "positionId": 21,
    "event": "Position Closed",
    "time": 1645221720000,
    "volume": 0.7,
    "quantity": 0.7,
    "type": "Buy",
    "entryPrice": 44082.1,
    "tp": null,
    "sl": null,
    "closePrice": 40045,
    "grossProfit": -2632.14,
    "pips": -40371,
    "balance": 127201.59,
    "equity": 127103.06
  },
  {
    "serial": 42,
    "orderId": null,
    "positionId": 22,
    "event": "Create Position",
    "time": 1648414920000,
    "volume": 0.87,
    "quantity": 0.87,
    "type": "Buy",
    "entryPrice": 46048.1,
    "tp": null,
    "sl": null,
    "closePrice": null,
    "grossProfit": 0,
    "pips": 0,
    "balance": null,
    "equity": 127201.59
  },
  {
    "serial": 43,
    "orderId": null,
    "positionId": 22,
    "event": "Position Closed",
    "time": 1649710920000,
    "volume": 0.87,
    "quantity": 0.87,
    "type": "Buy",
    "entryPrice": 46048.1,
    "tp": null,
    "sl": null,
    "closePrice": 39887,
    "grossProfit": -4992.51,
    "pips": -61611,
    "balance": 122055.98,
    "equity": 121906.12
  },
  {
    "serial": 44,
    "orderId": null,
    "positionId": 23,
    "event": "Create Position",
    "time": 1658264520000,
    "volume": 1.22,
    "quantity": 1.22,
    "type": "Buy",
    "entryPrice": 23308.1,
    "tp": null,
    "sl": null,
    "closePrice": null,
    "grossProfit": 0,
    "pips": 0,
    "balance": null,
    "equity": 122055.98
  },
  {
    "serial": 45,
    "orderId": null,
    "positionId": 23,
    "event": "Position Closed",
    "time": 1660942920000,
    "volume": 1.22,
    "quantity": 1.22,
    "type": "Buy",
    "entryPrice": 23308.1,
    "tp": null,
    "sl": null,
    "closePrice": 21266,
    "grossProfit": -2320.48,
    "pips": -20421,
    "balance": 119493.26,
    "equity": 119255.58
  },
  {
    "serial": 46,
    "orderId": null,
    "positionId": 24,
    "event": "Create Position",
    "time": 1666818120000,
    "volume": 2.73,
    "quantity": 2.73,
    "type": "Buy",
    "entryPrice": 20739.1,
    "tp": null,
    "sl": null,
    "closePrice": null,
    "grossProfit": 0,
    "pips": 0,
    "balance": null,
    "equity": 119493.26
  },
  {
    "serial": 47,
    "orderId": null,
    "positionId": 24,
    "event": "Position Closed",
    "time": 1667944800000,
    "volume": 2.73,
    "quantity": 2.73,
    "type": "Buy",
    "entryPrice": 20739.1,
    "tp": null,
    "sl": null,
    "closePrice": 18686,
    "grossProfit": -5220.52,
    "pips": -20531,
    "balance": 114077.37,
    "equity": 113892.18
  },
  {
    "serial": 48,
    "orderId": null,
    "positionId": 25,
    "event": "Create Position",
    "time": 1670968920000,
    "volume": 3.68,
    "quantity": 3.68,
    "type": "Buy",
    "entryPrice": 17730.1,
    "tp": null,
    "sl": null,
    "closePrice": null,
    "grossProfit": 0,
    "pips": 0,
    "balance": null,
    "equity": 114077.37
  },
  {
    "serial": 49,
    "orderId": null,
    "positionId": 25,
    "event": "Position Closed",
    "time": 1675980120000,
    "volume": 3.68,
    "quantity": 3.68,
    "type": "Buy",
    "entryPrice": 17730.1,
    "tp": null,
    "sl": null,
    "closePrice": 21850,
    "grossProfit": 14121.34,
    "pips": 41199,
    "balance": 127120.32,
    "equity": 126055.67
  },
  {
    "serial": 50,
    "orderId": null,
    "positionId": 26,
    "event": "Create Position",
    "time": 1676584920000,
    "volume": 2,
    "quantity": 2,
    "type": "Buy",
    "entryPrice": 24534.1,
    "tp": null,
    "sl": null,
    "closePrice": null,
    "grossProfit": 0,
    "pips": 0,
    "balance": null,
    "equity": 127120.32
  },
  {
    "serial": 51,
    "orderId": null,
    "positionId": 26,
    "event": "Position Closed",
    "time": 1677880920000,
    "volume": 2,
    "quantity": 2,
    "type": "Buy",
    "entryPrice": 24534.1,
    "tp": null,
    "sl": null,
    "closePrice": 22227,
    "grossProfit": -4297.72,
    "pips": -23071,
    "balance": 122610.28,
    "equity": 122405.42
  },
  {
    "serial": 52,
    "orderId": null,
    "positionId": 27,
    "event": "Create Position",
    "time": 1679086920000,
    "volume": 1.33,
    "quantity": 1.33,
    "type": "Buy",
    "entryPrice": 26828.1,
    "tp": null,
    "sl": null,
    "closePrice": null,
    "grossProfit": 0,
    "pips": 0,
    "balance": null,
    "equity": 122610.28
  },
  {
    "serial": 53,
    "orderId": null,
    "positionId": 27,
    "event": "Position Closed",
    "time": 1682110920000,
    "volume": 1.33,
    "quantity": 1.33,
    "type": "Buy",
    "entryPrice": 26828.1,
    "tp": null,
    "sl": null,
    "closePrice": 27271,
    "grossProfit": 548.65,
    "pips": 4429,
    "balance": 122815.85,
    "equity": 122477.73
  },
  {
    "serial": 54,
    "orderId": null,
    "positionId": 28,
    "event": "Create Position",
    "time": 1687381320000,
    "volume": 1.52,
    "quantity": 1.52,
    "type": "Buy",
    "entryPrice": 29912.1,
    "tp": null,
    "sl": null,
    "closePrice": null,
    "grossProfit": 0,
    "pips": 0,
    "balance": null,
    "equity": 122815.85
  },
  {
    "serial": 55,
    "orderId": null,
    "positionId": 28,
    "event": "Position Closed",
    "time": 1690232520000,
    "volume": 1.52,
    "quantity": 1.52,
    "type": "Buy",
    "entryPrice": 29912.1,
    "tp": null,
    "sl": null,
    "closePrice": 29134,
    "grossProfit": -1101.59,
    "pips": -7781,
    "balance": 121320.47,
    "equity": 120932.36
  },
  {
    "serial": 56,
    "orderId": null,
    "positionId": 29,
    "event": "Create Position",
    "time": 1696280520000,
    "volume": 2.51,
    "quantity": 2.51,
    "type": "Buy",
    "entryPrice": 27840.1,
    "tp": null,
    "sl": null,
    "closePrice": null,
    "grossProfit": 0,
    "pips": 0,
    "balance": null,
    "equity": 121320.47
  },
  {
    "serial": 57,
    "orderId": null,
    "positionId": 29,
    "event": "Position Closed",
    "time": 1705615320000,
    "volume": 2.51,
    "quantity": 2.51,
    "type": "Buy",
    "entryPrice": 27840.1,
    "tp": null,
    "sl": null,
    "closePrice": 41141,
    "grossProfit": 31095.39,
    "pips": 133009,
    "balance": 149799.95,
    "equity": 147193.4
  },
  {
    "serial": 58,
    "orderId": null,
    "positionId": 30,
    "event": "Create Position",
    "time": 1707343320000,
    "volume": 1.52,
    "quantity": 1.52,
    "type": "Buy",
    "entryPrice": 44173.1,
    "tp": null,
    "sl": null,
    "closePrice": null,
    "grossProfit": 0,
    "pips": 0,
    "balance": null,
    "equity": 149799.95
  },
  {
    "serial": 59,
    "orderId": null,
    "positionId": 30,
    "event": "Position Closed",
    "time": 1713042300000,
    "volume": 1.52,
    "quantity": 1.52,
    "type": "Buy",
    "entryPrice": 44173.1,
    "tp": null,
    "sl": null,
    "closePrice": 62508.55,
    "grossProfit": 25958.31,
    "pips": 183354.5,
    "balance": 174127.26,
    "equity": 172501.94
  },
  {
    "serial": 60,
    "orderId": null,
    "positionId": 31,
    "event": "Create Position",
    "time": 1716239100000,
    "volume": 0.85,
    "quantity": 0.85,
    "type": "Buy",
    "entryPrice": 69247.41,
    "tp": null,
    "sl": null,
    "closePrice": null,
    "grossProfit": 0,
    "pips": 0,
    "balance": null,
    "equity": 174127.26
  }
]