[
  {
    "serial": 0,
    "orderId": null,
    "positionId": 1,
    "event": "Create Position",
    "time": 1436562000000,
    "volume": 13.7,
    "quantity": 13.7,
    "type": "Buy",
    "entryPrice": 284.1,
    "tp": null,
    "sl": null,
    "closePrice": null,
    "grossProfit": 0,
    "pips": 0,
    "balance": null,
    "equity": 10000
  },
  {
    "serial": 1,
    "orderId": null,
    "positionId": 1,
    "event": "Position Closed",
    "time": 1437253200000,
    "volume": 13.7,
    "quantity": 13.7,
    "type": "Buy",
    "entryPrice": 284.1,
    "tp": null,
    "sl": null,
    "closePrice": 265.1,
    "grossProfit": -242.45,
    "pips": -190,
    "balance": 9697.54,
    "equity": 9688.65
  },
  {
    "serial": 2,
    "orderId": null,
    "positionId": 2,
    "event": "Create Position",
    "time": 1444770000000,
    "volume": 28.66,
    "quantity": 28.66,
    "type": "Buy",
    "entryPrice": 246.06,
    "tp": null,
    "sl": null,
    "closePrice": null,
    "grossProfit": 0,
    "pips": 0,
    "balance": null,
    "equity": 9697.54
  },
  {
    "serial": 3,
    "orderId": null,
    "positionId": 2,
    "event": "Position Closed",
    "time": 1447279200000,
    "volume": 28.66,
    "quantity": 28.66,
    "type": "Buy",
    "entryPrice": 246.06,
    "tp": null,
    "sl": null,
    "closePrice": 306.6,
    "grossProfit": 1616.07,
    "pips": 605.4,
    "balance": 11141.96,
    "equity": 11077.25
  },
  {
    "serial": 4,
    "orderId": null,
    "positionId": 3,
    "event": "Create Position",
    "time": 1449439200000,
    "volume": 9.63,
    "quantity": 9.63,
    "type": "Buy",
    "entryPrice": 388.1,
    "tp": null,
    "sl": null,
    "closePrice": null,
    "grossProfit": 0,
    "pips": 0,
    "balance": null,
    "equity": 11141.96
  },
  {
    "serial": 5,
    "orderId": null,
    "positionId": 3,
    "event": "Position Closed",
    "time": 1451167200000,
    "volume": 9.63,
    "quantity": 9.63,
    "type": "Buy",
    "entryPrice": 388.1,
    "tp": null,
    "sl": null,
    "closePrice": 412.1,
    "grossProfit": 215.27,
    "pips": 240,
    "balance": 11298.69,
    "equity": 11276.09
  },
  {
    "serial": 6,
    "orderId": null,
    "positionId": 4,
    "event": "Create Position",
    "time": 1455746400000,
    "volume": 12.73,
    "quantity": 12.73,
    "type": "Buy",
    "entryPrice": 419.23,
    "tp": null,
    "sl": null,
    "closePrice": null,
    "grossProfit": 0,
    "pips": 0,
    "balance": null,
    "equity": 11298.69
  },
  {
    "serial": 7,
    "orderId": null,
    "positionId": 4,
    "event": "Position Closed",
    "time": 1457128800000,
    "volume": 12.73,
    "quantity": 12.73,
    "type": "Buy",
    "entryPrice": 419.23,
    "tp": null,
    "sl": null,
    "closePrice": 411.6,
    "grossProfit": -90.47,
    "pips": -76.3,
    "balance": 11136.02,
    "equity": 11111.32
  },
  {
    "serial": 8,
    "orderId": null,
    "positionId": 5,
    "event": "Create Position",
    "time": 1459112400000,
    "volume": 19.37,
    "quantity": 19.37,
    "type": "Buy",
    "entryPrice": 422.23,
    "tp": null,
    "sl": null,
    "closePrice": null,
    "grossProfit": 0,
    "pips": 0,
    "balance": null,
    "equity": 11136.02
  },
  {
    "serial": 9,
    "orderId": null,
    "positionId": 5,
    "event": "Position Closed",
    "time": 1463691600000,
    "volume": 19.37,
    "quantity": 19.37,
    "type": "Buy",
    "entryPrice": 422.23,
    "tp": null,
    "sl": null,
    "closePrice": 443.43,
    "grossProfit": 382.48,
    "pips": 212,
    "balance": 11332.2,
    "equity": 11218.18
  },
  {
    "serial": 10,
    "orderId": null,
    "positionId": 6,
    "event": "Create Position",
    "time": 1464382800000,
    "volume": 18.95,
    "quantity": 18.95,
    "type": "Buy",
    "entryPrice": 468.1,
    "tp": null,
    "sl": null,
    "closePrice": null,
    "grossProfit": 0,
    "pips": 0,
    "balance": null,
    "equity": 11332.2
  },
  {
    "serial": 11,
    "orderId": null,
    "positionId": 6,
    "event": "Position Closed",
    "time": 1466542800000,
    "volume": 18.95,
    "quantity": 18.95,
    "type": "Buy",
    "entryPrice": 468.1,
    "tp": null,
    "sl": null,
    "closePrice": 628.1,
    "grossProfit": 2824.04,
    "pips": 1600,
    "balance": 14013.03,
    "equity": 13940.54
  },
  {
    "serial": 12,
    "orderId": null,
    "positionId": 7,
    "event": "Create Position",
    "time": 1472936400000,
    "volume": 15.71,
    "quantity": 15.71,
    "type": "Buy",
    "entryPrice": 602.08,
    "tp": null,
    "sl": null,
    "closePrice": null,
    "grossProfit": 0,
    "pips": 0,
    "balance": null,
    "equity": 14013.03
  },
  {
    "serial": 13,
    "orderId": null,
    "positionId": 7,
    "event": "Position Closed",
    "time": 1476910800000,
    "volume": 15.71,
    "quantity": 15.71,
    "type": "Buy",
    "entryPrice": 602.08,
    "tp": null,
    "sl": null,
    "closePrice": 627.98,
    "grossProfit": 378.98,
    "pips": 259,
    "balance": 14220.3,
    "equity": 14107.21
  },
  {
    "serial": 14,
    "orderId": null,
    "positionId": 8,
    "event": "Create Position",
    "time": 1477170000000,
    "volume": 19.89,
    "quantity": 19.89,
    "type": "Buy",
    "entryPrice": 650.1,
    "tp": null,
    "sl": null,
    "closePrice": null,
    "grossProfit": 0,
    "pips": 0,
    "balance": null,
    "equity": 14220.3
  },
  {
    "serial": 15,
    "orderId": null,
    "positionId": 8,
    "event": "Position Closed",
    "time": 1483740000000,
    "volume": 19.89,
    "quantity": 19.89,
    "type": "Buy",
    "entryPrice": 650.1,
    "tp": null,
    "sl": null,
    "closePrice": 855.9,
    "grossProfit": 3812.6,
    "pips": 2058,
    "balance": 17653.16,
    "equity": 17347.64
  },
  {
    "serial": 16,
    "orderId": null,
    "positionId": 9,
    "event": "Create Position",
    "time": 1485900000000,
    "volume": 7.01,
    "quantity": 7.01,
    "type": "Buy",
    "entryPrice": 936.1,
    "tp": null,
    "sl": null,
    "closePrice": null,
    "grossProfit": 0,
    "pips": 0,
    "balance": null,
    "equity": 17653.16
  },
  {
    "serial": 17,
    "orderId": null,
    "positionId": 9,
    "event": "Position Closed",
    "time": 1486677600000,
    "volume": 7.01,
    "quantity": 7.01,
    "type": "Buy",
    "entryPrice": 936.1,
    "tp": null,
    "sl": null,
    "closePrice": 940.5,
    "grossProfit": 28.73,
    "pips": 44,
    "balance": 17639.74,
    "equity": 17623.75
  },
  {
    "serial": 18,
    "orderId": null,
    "positionId": 10,
    "event": "Create Position",
    "time": 1487714400000,
    "volume": 6.49,
    "quantity": 6.49,
    "type": "Buy",
    "entryPrice": 1079.76,
    "tp": null,
    "sl": null,
    "closePrice": null,
    "grossProfit": 0,
    "pips": 0,
    "balance": null,
    "equity": 17639.74
  },
  {
    "serial": 19,
    "orderId": null,
    "positionId": 10,
    "event": "Position Closed",
    "time": 1489010400000,
    "volume": 6.49,
    "quantity": 6.49,
    "type": "Buy",
    "entryPrice": 1079.76,
    "tp": null,
    "sl": null,
    "closePrice": 1141.6,
    "grossProfit": 373.81,
    "pips": 618.4,
    "balance": 17959.82,
    "equity": 17930.31
  },
  {
    "serial": 20,
    "orderId": null,
    "positionId": 11,
    "event": "Create Position",
    "time": 1491771600000,
    "volume": 4.02,
    "quantity": 4.02,
    "type": "Buy",
    "entryPrice": 1197.2,
    "tp": null,
    "sl": null,
    "closePrice": null,
    "grossProfit": 0,
    "pips": 0,
    "balance": null,
    "equity": 17959.82
  },
  {
    "serial": 21,
    "orderId": null,
    "positionId": 11,
    "event": "Position Closed",
    "time": 1498510800000,
    "volume": 4.02,
    "quantity": 4.02,
    "type": "Buy",
    "entryPrice": 1197.2,
    "tp": null,
    "sl": null,
    "closePrice": 2356.43,
    "grossProfit": 4340.47,
    "pips": 11592.3,
    "balance": 22132.34,
    "equity": 21979.39
  },
  {
    "serial": 22,
    "orderId": null,
    "positionId": 12,
    "event": "Create Position",
    "time": 1500584400000,
    "volume": 1.85,
    "quantity": 1.85,
    "type": "Buy",
    "entryPrice": 2583.12,
    "tp": null,
    "sl": null,
    "closePrice": null,
    "grossProfit": 0,
    "pips": 0,
    "balance": null,
    "equity": 22132.34
  },
  {
    "serial": 23,
    "orderId": null,
    "positionId": 12,
    "event": "Position Closed",
    "time": 1505336400000,
    "volume": 1.85,
    "quantity": 1.85,
    "type": "Buy",
    "entryPrice": 2583.12,
    "tp": null,
    "sl": null,
    "closePrice": 3892.2,
    "grossProfit": 2255.69,
    "pips": 13090.8,
    "balance": 24284.94,
    "equity": 24188.75
  },
  {
    "serial": 24,
    "orderId": null,
    "positionId": 13,
    "event": "Create Position",
    "time": 1506978000000,
    "volume": 0.96,
    "quantity": 0.96,
    "type": "Buy",
    "entryPrice": 4395.2,
    "tp": null,
    "sl": null,
    "closePrice": null,
    "grossProfit": 0,
    "pips": 0,
    "balance": null,
    "equity": 24284.94
  },
  {
    "serial": 25,
    "orderId": null,
    "positionId": 13,
    "event": "Position Closed",
    "time": 1510351200000,
    "volume": 0.96,
    "quantity": 0.96,
    "type": "Buy",
    "entryPrice": 4395.2,
    "tp": null,
    "sl": null,
    "closePrice": 6549,
    "grossProfit": 1925.83,
    "pips": 21538,
    "balance": 26148.7,
    "equity": 26090.21
  },
  {
    "serial": 26,
    "orderId": null,
    "positionId": 14,
    "event": "Create Position",
    "time": 1510869600000,
    "volume": 0.55,
    "quantity": 0.55,
    "type": "Buy",
    "entryPrice": 7896.2,
    "tp": null,
    "sl": null,
    "closePrice": null,
    "grossProfit": 0,
    "pips": 0,
    "balance": null,
    "equity": 26148.7
  },
  {
    "serial": 27,
    "orderId": null,
    "positionId": 14,
    "event": "Position Closed",
    "time": 1513893600000,
    "volume": 0.55,
    "quantity": 0.55,
    "type": "Buy",
    "entryPrice": 7896.2,
    "tp": null,
    "sl": null,
    "closePrice": 15511,
    "grossProfit": 3900.88,
    "pips": 76148,
    "balance": 29986.03,
    "equity": 29924.54
  },
  {
    "serial": 28,
    "orderId": null,
    "positionId": 15,
    "event": "Create Position",
    "time": 1519164000000,
    "volume": 0.34,
    "quantity": 0.34,
    "type": "Buy",
    "entryPrice": 11672.1,
    "tp": null,
    "sl": null,
    "closePrice": null,
    "grossProfit": 0,
    "pips": 0,
    "balance": null,
    "equity": 29986.03
  },
  {
    "serial": 29,
    "orderId": null,
    "positionId": 15,
    "event": "Position Closed",
    "time": 1519509600000,
    "volume": 0.34,
    "quantity": 0.34,
    "type": "Buy",
    "entryPrice": 11672.1,
    "tp": null,
    "sl": null,
    "closePrice": 9467.9,
    "grossProfit": -698.03,
    "pips": -22042,
    "balance": 29282.42,
    "equity": 29278.1
  },
  {
    "serial": 30,
    "orderId": null,
    "positionId": 16,
    "event": "Create Position",
    "time": 1556053200000,
    "volume": 1.33,
    "quantity": 1.33,
    "type": "Buy",
    "entryPrice": 5566.86,
    "tp": null,
    "sl": null,
    "closePrice": null,
    "grossProfit": 0,
    "pips": 0,
    "balance": null,
    "equity": 29282.42
  },
  {
    "serial": 31,
    "orderId": null,
    "positionId": 16,
    "event": "Position Closed",
    "time": 1556485200000,
    "volume": 1.33,
    "quantity": 1.33,
    "type": "Buy",
    "entryPrice": 5566.86,
    "tp": null,
    "sl": null,
    "closePrice": 5106.76,
    "grossProfit": -569.96,
    "pips": -4601,
    "balance": 28698.58,
    "equity": 28689.66
  },
  {
    "serial": 32,
    "orderId": null,
    "positionId": 17,
    "event": "Create Position",
    "time": 1557090000000,
    "volume": 1.51,
    "quantity": 1.51,
    "type": "Buy",
    "entryPrice": 5769.86,
    "tp": null,
    "sl": null,
    "closePrice": null,
    "grossProfit": 0,
    "pips": 0,
    "balance": null,
    "equity": 28698.58
  },
  {
    "serial": 33,
    "orderId": null,
    "positionId": 17,
    "event": "Position Closed",
    "time": 1559682000000,
    "volume": 1.51,
    "quantity": 1.51,
    "type": "Buy",
    "entryPrice": 5769.86,
    "tp": null,
    "sl": null,
    "closePrice": 7591.48,
    "grossProfit": 2561.98,
    "pips": 18216.2,
    "balance": 31164.63,
    "equity": 31074.34
  },
  {
    "serial": 34,
    "orderId": null,
    "positionId": 18,
    "event": "Create Position",
    "time": 1560805200000,
    "volume": 0.75,
    "quantity": 0.75,
    "type": "Buy",
    "entryPrice": 9243.84,
    "tp": null,
    "sl": null,
    "closePrice": null,
    "grossProfit": 0,
    "pips": 0,
    "balance": null,
    "equity": 31164.63
  },
  {
    "serial": 35,
    "orderId": null,
    "positionId": 18,
    "event": "Position Closed",
    "time": 1563310800000,
    "volume": 0.75,
    "quantity": 0.75,
    "type": "Buy",
    "entryPrice": 9243.84,
    "tp": null,
    "sl": null,
    "closePrice": 9587.43,
    "grossProfit": 240.02,
    "pips": 3435.9,
    "balance": 31341.1,
    "equity": 31280.35
  },
  {
    "serial": 36,
    "orderId": null,
    "positionId": 19,
    "event": "Create Position",
    "time": 1572296400000,
    "volume": 0.83,
    "quantity": 0.83,
    "type": "Buy",
    "entryPrice": 9399.49,
    "tp": null,
    "sl": null,
    "closePrice": null,
    "grossProfit": 0,
    "pips": 0,
    "balance": null,
    "equity": 31341.1
  },
  {
    "serial": 37,
    "orderId": null,
    "positionId": 19,
    "event": "Position Closed",
    "time": 1573423200000,
    "volume": 0.83,
    "quantity": 0.83,
    "type": "Buy",
    "entryPrice": 9399.49,
    "tp": null,
    "sl": null,
    "closePrice": 9031.5,
    "grossProfit": -284.48,
    "pips": -3679.9,
    "balance": 31028.36,
    "equity": 31003.2
  },
  {
    "serial": 38,
    "orderId": null,
    "positionId": 20,
    "event": "Create Position",
    "time": 1579039200000,
    "volume": 0.95,
    "quantity": 0.95,
    "type": "Buy",
    "entryPrice": 8735.84,
    "tp": null,
    "sl": null,
    "closePrice": null,
    "grossProfit": 0,
    "pips": 0,
    "balance": null,
    "equity": 31028.36
  },
  {
    "serial": 39,
    "orderId": null,
    "positionId": 20,
    "event": "Position Closed",
    "time": 1582754400000,
    "volume": 0.95,
    "quantity": 0.95,
    "type": "Buy",
    "entryPrice": 8735.84,
    "tp": null,
    "sl": null,
    "closePrice": 8746.5,
    "grossProfit": 9.43,
    "pips": 106.6,
    "balance": 30936.34,
    "equity": 30838.43
  },
  {
    "serial": 40,
    "orderId": null,
    "positionId": 21,
    "event": "Create Position",
    "time": 1588194000000,
    "volume": 0.83,
    "quantity": 0.83,
    "type": "Buy",
    "entryPrice": 8783.16,
    "tp": null,
    "sl": null,
    "closePrice": null,
    "grossProfit": 0,
    "pips": 0,
    "balance": null,
    "equity": 30936.34
  },
  {
    "serial": 41,
    "orderId": null,
    "positionId": 21,
    "event": "Position Closed",
    "time": 1598389200000,
    "volume": 0.83,
    "quantity": 0.83,
    "type": "Buy",
    "entryPrice": 8783.16,
    "tp": null,
    "sl": null,
    "closePrice": 11253.04,
    "grossProfit": 1909.39,
    "pips": 24698.8,
    "balance": 32596.06,
    "equity": 32349.49
  },
  {
    "serial": 42,
    "orderId": null,
    "positionId": 22,
    "event": "Create Position",
    "time": 1602536400000,
    "volume": 1.18,
    "quantity": 1.18,
    "type": "Buy",
    "entryPrice": 11555.6,
    "tp": null,
    "sl": null,
    "closePrice": null,
    "grossProfit": 0,
    "pips": 0,
    "balance": null,
    "equity": 32596.06
  },
  {
    "serial": 43,
    "orderId": null,
    "positionId": 22,
    "event": "Position Closed",
    "time": 1611266460000,
    "volume": 1.18,
    "quantity": 1.18,
    "type": "Buy",
    "entryPrice": 11555.6,
    "tp": null,
    "sl": null,
    "closePrice": 31111.5,
    "grossProfit": 21493.2,
    "pips": 195559,
    "balance": 53434.28,
    "equity": 52783.7
  },
  {
    "serial": 44,
    "orderId": null,
    "positionId": 23,
    "event": "Create Position",
    "time": 1612821900000,
    "volume": 0.18,
    "quantity": 0.18,
    "type": "Buy",
    "entryPrice": 44842.39,
    "tp": null,
    "sl": null,
    "closePrice": null,
    "grossProfit": 0,
    "pips": 0,
    "balance": null,
    "equity": 53434.28
  },
  {
    "serial": 45,
    "orderId": null,
    "positionId": 23,
    "event": "Position Closed",
    "time": 1616706300000,
    "volume": 0.18,
    "quantity": 0.18,
    "type": "Buy",
    "entryPrice": 44842.39,
    "tp": null,
    "sl": null,
    "closePrice": 52189.26,
    "grossProfit": 1231.73,
    "pips": 73468.7,
    "balance": 54557.95,
    "equity": 54450.57
  },
  {
    "serial": 46,
    "orderId": null,
    "positionId": 24,
    "event": "Create Position",
    "time": 1618347900000,
    "volume": 0.22,
    "quantity": 0.22,
    "type": "Buy",
    "entryPrice": 63151.06,
    "tp": null,
    "sl": null,
    "closePrice": null,
    "grossProfit": 0,
    "pips": 0,
    "balance": null,
    "equity": 54557.95
  },
  {
    "serial": 47,
    "orderId": null,
    "positionId": 24,
    "event": "Position Closed",
    "time": 1619125500000,
    "volume": 0.22,
    "quantity": 0.22,
    "type": "Buy",
    "entryPrice": 63151.06,
    "tp": null,
    "sl": null,
    "closePrice": 51151.26,
    "grossProfit": -2458.88,
    "pips": -119998,
    "balance": 52069.4,
    "equity": 52040.55
  },
  {
    "serial": 48,
    "orderId": null,
    "positionId": 25,
    "event": "Create Position",
    "time": 1627333260000,
    "volume": 0.3,
    "quantity": 0.3,
    "type": "Buy",
    "entryPrice": 37526.6,
    "tp": null,
    "sl": null,
    "closePrice": null,
    "grossProfit": 0,
    "pips": 0,
    "balance": null,
    "equity": 52069.4
  },
  {
    "serial": 49,
    "orderId": null,
    "positionId": 25,
    "event": "Position Closed",
    "time": 1632258060000,
    "volume": 0.3,
    "quantity": 0.3,
    "type": "Buy",
    "entryPrice": 37526.6,
    "tp": null,
    "sl": null,
    "closePrice": 40980,
    "grossProfit": 964.96,
    "pips": 34534,
    "balance": 52833.53,
    "equity": 52633.82
  },
  {
    "serial": 50,
    "orderId": null,
    "positionId": 26,
    "event": "Create Position",
    "time": 1633467660000,
    "volume": 0.24,
    "quantity": 0.24,
    "type": "Buy",
    "entryPrice": 51476.1,
    "tp": null,
    "sl": null,
    "closePrice": null,
    "grossProfit": 0,
    "pips": 0,
    "balance": null,
    "equity": 52833.53
  },
  {
    "serial": 51,
    "orderId": null,
    "positionId": 26,
    "event": "Position Closed",
    "time": 1635368460000,
    "volume": 0.24,
    "quantity": 0.24,
    "type": "Buy",
    "entryPrice": 51476.1,
    "tp": null,
    "sl": null,
    "closePrice": 58993,
    "grossProfit": 1680.32,
    "pips": 75169,
    "balance": 54433.01,
    "equity": 54353.07
  },
  {
    "serial": 52,
    "orderId": null,
    "positionId": 27,
    "event": "Create Position",
    "time": 1636495260000,
    "volume": 0.23,
    "quantity": 0.23,
    "type": "Buy",
    "entryPrice": 67707.1,
    "tp": null,
    "sl": null,
    "closePrice": null,
    "grossProfit": 0,
    "pips": 0,
    "balance": null,
    "equity": 54433.01
  },
  {
    "serial": 53,
    "orderId": null,
    "positionId": 27,
    "event": "Position Closed",
    "time": 1637100060000,
    "volume": 0.23,
    "quantity": 0.23,
    "type": "Buy",
    "entryPrice": 67707.1,
    "tp": null,
    "sl": null,
    "closePrice": 60526,
    "grossProfit": -1538.37,
    "pips": -71811,
    "balance": 52867.57,
    "equity": 52841.36
  },
  {
    "serial": 54,
    "orderId": null,
    "positionId": 28,
    "event": "Create Position",
    "time": 1673647320000,
    "volume": 1.86,
    "quantity": 1.86,
    "type": "Buy",
    "entryPrice": 19828.1,
    "tp": null,
    "sl": null,
    "closePrice": null,
    "grossProfit": 0,
    "pips": 0,
    "balance": null,
    "equity": 52867.57
  },
  {
    "serial": 55,
    "orderId": null,
    "positionId": 28,
    "event": "Position Closed",
    "time": 1675980120000,
    "volume": 1.86,
    "quantity": 1.86,
    "type": "Buy",
    "entryPrice": 19828.1,
    "tp": null,
    "sl": null,
    "closePrice": 21850,
    "grossProfit": 3502.79,
    "pips": 20219,
    "balance": 56094.31,
    "equity": 55825.2
  },
  {
    "serial": 56,
    "orderId": null,
    "positionId": 29,
    "event": "Create Position",
    "time": 1676584920000,
    "volume": 0.88,
    "quantity": 0.88,
    "type": "Buy",
    "entryPrice": 24534.1,
    "tp": null,
    "sl": null,
    "closePrice": null,
    "grossProfit": 0,
    "pips": 0,
    "balance": null,
    "equity": 56094.31
  },
  {
    "serial": 57,
    "orderId": null,
    "positionId": 29,
    "event": "Position Closed",
    "time": 1677276120000,
    "volume": 0.88,
    "quantity": 0.88,
    "type": "Buy",
    "entryPrice": 24534.1,
    "tp": null,
    "sl": null,
    "closePrice": 23046,
    "grossProfit": -1219.71,
    "pips": -14881,
    "balance": 54817.19,
    "equity": 54763.06
  },
  {
    "serial": 58,
    "orderId": null,
    "positionId": 30,
    "event": "Create Position",
    "time": 1679086920000,
    "volume": 0.59,
    "quantity": 0.59,
    "type": "Buy",
    "entryPrice": 26828.1,
    "tp": null,
    "sl": null,
    "closePrice": null,
    "grossProfit": 0,
    "pips": 0,
    "balance": null,
    "equity": 54817.19
  },
  {
    "serial": 59,
    "orderId": null,
    "positionId": 30,
    "event": "Position Closed",
    "time": 1682024520000,
    "volume": 0.59,
    "quantity": 0.59,
    "type": "Buy",
    "entryPrice": 26828.1,
    "tp": null,
    "sl": null,
    "closePrice": 28195,
    "grossProfit": 751.16,
    "pips": 13669,
    "balance": 55428.48,
    "equity": 55290.81
  },
  {
    "serial": 60,
    "orderId": null,
    "positionId": 31,
    "event": "Create Position",
    "time": 1687294920000,
    "volume": 0.76,
    "quantity": 0.76,
    "type": "Buy",
    "entryPrice": 28134.1,
    "tp": null,
    "sl": null,
    "closePrice": null,
    "grossProfit": 0,
    "pips": 0,
    "balance": null,
    "equity": 55428.48
  },
  {
    "serial": 61,
    "orderId": null,
    "positionId": 31,
    "event": "Position Closed",
    "time": 1690232520000,
    "volume": 0.76,
    "quantity": 0.76,
    "type": "Buy",
    "entryPrice": 28134.1,
    "tp": null,
    "sl": null,
    "closePrice": 29134,
    "grossProfit": 707.8,
    "pips": 9999,
    "balance": 55933.59,
    "equity": 55733.74
  },
  {
    "serial": 62,
    "orderId": null,
    "positionId": 32,
    "event": "Create Position",
    "time": 1698094920000,
    "volume": 0.82,
    "quantity": 0.82,
    "type": "Buy",
    "entryPrice": 31603.1,
    "tp": null,
    "sl": null,
    "closePrice": null,
    "grossProfit": 0,
    "pips": 0,
    "balance": null,
    "equity": 55933.59
  },
  {
    "serial": 63,
    "orderId": null,
    "positionId": 32,
    "event": "Position Closed",
    "time": 1705183320000,
    "volume": 0.82,
    "quantity": 0.82,
    "type": "Buy",
    "entryPrice": 31603.1,
    "tp": null,
    "sl": null,
    "closePrice": 42941,
    "grossProfit": 8659.4,
    "pips": 113379,
    "balance": 63897.34,
    "equity": 63204.75
  },
  {
    "serial": 64,
    "orderId": null,
    "positionId": 33,
    "event": "Create Position",
    "time": 1707343320000,
    "volume": 0.65,
    "quantity": 0.65,
    "type": "Buy",
    "entryPrice": 44173.1,
    "tp": null,
    "sl": null,
    "closePrice": null,
    "grossProfit": 0,
    "pips": 0,
    "balance": null,
    "equity": 63897.34
  },
  {
    "serial": 65,
    "orderId": null,
    "positionId": 33,
    "event": "Position Closed",
    "time": 1710882300000,
    "volume": 0.65,
    "quantity": 0.65,
    "type": "Buy",
    "entryPrice": 44173.1,
    "tp": null,
    "sl": null,
    "closePrice": 63866.41,
    "grossProfit": 11922.67,
    "pips": 196933.1,
    "balance": 75415.43,
    "equity": 75013.27
  },
  {
    "serial": 66,
    "orderId": null,
    "positionId": 34,
    "event": "Create Position",
    "time": 1715979900000,
    "volume": 0.35,
    "quantity": 0.35,
    "type": "Buy",
    "entryPrice": 66806.04,
    "tp": null,
    "sl": null,
    "closePrice": null,
    "grossProfit": 0,
    "pips": 0,
    "balance": null,
    "equity": 75415.43
  },
  {
    "serial": 67,
    "orderId": null,
    "positionId": 34,
    "event": "Position Closed",
    "time": 1718139900000,
    "volume": 0.35,
    "quantity": 0.35,
    "type": "Buy",
    "entryPrice": 66806.04,
    "tp": null,
    "sl": null,
    "closePrice": 67260.34,
    "grossProfit": 148.1,
    "pips": 4543,
    "balance": 75420.55,
    "equity": 75278.87
  }
]