[
  {
    "serial": 0,
    "orderId": null,
    "positionId": 1,
    "event": "Create Position",
    "time": 1415829600000,
    "volume": 7.17,
    "quantity": 7.17,
    "type": "Buy",
    "entryPrice": 419.2,
    "tp": null,
    "sl": null,
    "closePrice": null,
    "grossProfit": 0,
    "pips": 0,
    "balance": null,
    "equity": 10000
  },
  {
    "serial": 1,
    "orderId": null,
    "positionId": 1,
    "event": "Position Closed",
    "time": 1416520800000,
    "volume": 7.17,
    "quantity": 7.17,
    "type": "Buy",
    "entryPrice": 419.2,
    "tp": null,
    "sl": null,
    "closePrice": 351.8,
    "grossProfit": -450.11,
    "pips": -674,
    "balance": 9517.62,
    "equity": 9512.11
  },
  {
    "serial": 2,
    "orderId": null,
    "positionId": 2,
    "event": "Create Position",
    "time": 1425160800000,
    "volume": 12.66,
    "quantity": 12.66,
    "type": "Buy",
    "entryPrice": 250.1,
    "tp": null,
    "sl": null,
    "closePrice": null,
    "grossProfit": 0,
    "pips": 0,
    "balance": null,
    "equity": 9517.62
  },
  {
    "serial": 3,
    "orderId": null,
    "positionId": 2,
    "event": "Position Closed",
    "time": 1426712400000,
    "volume": 12.66,
    "quantity": 12.66,
    "type": "Buy",
    "entryPrice": 250.1,
    "tp": null,
    "sl": null,
    "closePrice": 250.3,
    "grossProfit": 2.36,
    "pips": 2,
    "balance": 9456.74,
    "equity": 9440.74
  },
  {
    "serial": 4,
    "orderId": null,
    "positionId": 3,
    "event": "Create Position",
    "time": 1431205200000,
    "volume": 14.27,
    "quantity": 14.27,
    "type": "Buy",
    "entryPrice": 238.9,
    "tp": null,
    "sl": null,
    "closePrice": null,
    "grossProfit": 0,
    "pips": 0,
    "balance": null,
    "equity": 9456.74
  },
  {
    "serial": 5,
    "orderId": null,
    "positionId": 3,
    "event": "Position Closed",
    "time": 1431982800000,
    "volume": 14.27,
    "quantity": 14.27,
    "type": "Buy",
    "entryPrice": 238.9,
    "tp": null,
    "sl": null,
    "closePrice": 231.6,
    "grossProfit": -97.03,
    "pips": -73,
    "balance": 9298.73,
    "equity": 9290.99
  },
  {
    "serial": 6,
    "orderId": null,
    "positionId": 4,
    "event": "Create Position",
    "time": 1434488400000,
    "volume": 24.37,
    "quantity": 24.37,
    "type": "Buy",
    "entryPrice": 246.12,
    "tp": null,
    "sl": null,
    "closePrice": null,
    "grossProfit": 0,
    "pips": 0,
    "balance": null,
    "equity": 9298.73
  },
  {
    "serial": 7,
    "orderId": null,
    "positionId": 4,
    "event": "Position Closed",
    "time": 1438894800000,
    "volume": 24.37,
    "quantity": 24.37,
    "type": "Buy",
    "entryPrice": 246.12,
    "tp": null,
    "sl": null,
    "closePrice": 273.58,
    "grossProfit": 623.3,
    "pips": 274.6,
    "balance": 9746.35,
    "equity": 9661.61
  },
  {
    "serial": 8,
    "orderId": null,
    "positionId": 5,
    "event": "Create Position",
    "time": 1441746000000,
    "volume": 11.69,
    "quantity": 11.69,
    "type": "Buy",
    "entryPrice": 243.08,
    "tp": null,
    "sl": null,
    "closePrice": null,
    "grossProfit": 0,
    "pips": 0,
    "balance": null,
    "equity": 9746.35
  },
  {
    "serial": 9,
    "orderId": null,
    "positionId": 5,
    "event": "Position Closed",
    "time": 1447279200000,
    "volume": 11.69,
    "quantity": 11.69,
    "type": "Buy",
    "entryPrice": 243.08,
    "tp": null,
    "sl": null,
    "closePrice": 306.6,
    "grossProfit": 691.62,
    "pips": 635.2,
    "balance": 10343.43,
    "equity": 10292.51
  },
  {
    "serial": 10,
    "orderId": null,
    "positionId": 6,
    "event": "Create Position",
    "time": 1448920800000,
    "volume": 7.6,
    "quantity": 7.6,
    "type": "Buy",
    "entryPrice": 374.65,
    "tp": null,
    "sl": null,
    "closePrice": null,
    "grossProfit": 0,
    "pips": 0,
    "balance": null,
    "equity": 10343.43
  },
  {
    "serial": 11,
    "orderId": null,
    "positionId": 6,
    "event": "Position Closed",
    "time": 1451167200000,
    "volume": 7.6,
    "quantity": 7.6,
    "type": "Buy",
    "entryPrice": 374.65,
    "tp": null,
    "sl": null,
    "closePrice": 412.1,
    "grossProfit": 265.1,
    "pips": 374.5,
    "balance": 10558.2,
    "equity": 10536.23
  },
  {
    "serial": 12,
    "orderId": null,
    "positionId": 7,
    "event": "Create Position",
    "time": 1455487200000,
    "volume": 12.67,
    "quantity": 12.67,
    "type": "Buy",
    "entryPrice": 402.9,
    "tp": null,
    "sl": null,
    "closePrice": null,
    "grossProfit": 0,
    "pips": 0,
    "balance": null,
    "equity": 10558.2
  },
  {
    "serial": 13,
    "orderId": null,
    "positionId": 7,
    "event": "Position Closed",
    "time": 1457128800000,
    "volume": 12.67,
    "quantity": 12.67,
    "type": "Buy",
    "entryPrice": 402.9,
    "tp": null,
    "sl": null,
    "closePrice": 411.6,
    "grossProfit": 102.67,
    "pips": 87,
    "balance": 10585.06,
    "equity": 10556.53
  },
  {
    "serial": 14,
    "orderId": null,
    "positionId": 8,
    "event": "Create Position",
    "time": 1459112400000,
    "volume": 18.41,
    "quantity": 18.41,
    "type": "Buy",
    "entryPrice": 422.23,
    "tp": null,
    "sl": null,
    "closePrice": null,
    "grossProfit": 0,
    "pips": 0,
    "balance": null,
    "equity": 10585.06
  },
  {
    "serial": 15,
    "orderId": null,
    "positionId": 8,
    "event": "Position Closed",
    "time": 1463691600000,
    "volume": 18.41,
    "quantity": 18.41,
    "type": "Buy",
    "entryPrice": 422.23,
    "tp": null,
    "sl": null,
    "closePrice": 443.43,
    "grossProfit": 363.52,
    "pips": 212,
    "balance": 10771.53,
    "equity": 10663.18
  },
  {
    "serial": 16,
    "orderId": null,
    "positionId": 9,
    "event": "Create Position",
    "time": 1464382800000,
    "volume": 18.02,
    "quantity": 18.02,
    "type": "Buy",
    "entryPrice": 468.1,
    "tp": null,
    "sl": null,
    "closePrice": null,
    "grossProfit": 0,
    "pips": 0,
    "balance": null,
    "equity": 10771.53
  },
  {
    "serial": 17,
    "orderId": null,
    "positionId": 9,
    "event": "Position Closed",
    "time": 1466629200000,
    "volume": 18.02,
    "quantity": 18.02,
    "type": "Buy",
    "entryPrice": 468.1,
    "tp": null,
    "sl": null,
    "closePrice": 590.11,
    "grossProfit": 2047.82,
    "pips": 1220.1,
    "balance": 12680.49,
    "equity": 12608.87
  },
  {
    "serial": 18,
    "orderId": null,
    "positionId": 10,
    "event": "Create Position",
    "time": 1472936400000,
    "volume": 14.22,
    "quantity": 14.22,
    "type": "Buy",
    "entryPrice": 602.08,
    "tp": null,
    "sl": null,
    "closePrice": null,
    "grossProfit": 0,
    "pips": 0,
    "balance": null,
    "equity": 12680.49
  },
  {
    "serial": 19,
    "orderId": null,
    "positionId": 10,
    "event": "Position Closed",
    "time": 1483740000000,
    "volume": 14.22,
    "quantity": 14.22,
    "type": "Buy",
    "entryPrice": 602.08,
    "tp": null,
    "sl": null,
    "closePrice": 855.9,
    "grossProfit": 3361.76,
    "pips": 2538.2,
    "balance": 15661.59,
    "equity": 15333.99
  },
  {
    "serial": 20,
    "orderId": null,
    "positionId": 11,
    "event": "Create Position",
    "time": 1485900000000,
    "volume": 6.22,
    "quantity": 6.22,
    "type": "Buy",
    "entryPrice": 936.1,
    "tp": null,
    "sl": null,
    "closePrice": null,
    "grossProfit": 0,
    "pips": 0,
    "balance": null,
    "equity": 15661.59
  },
  {
    "serial": 21,
    "orderId": null,
    "positionId": 11,
    "event": "Position Closed",
    "time": 1489010400000,
    "volume": 6.22,
    "quantity": 6.22,
    "type": "Buy",
    "entryPrice": 936.1,
    "tp": null,
    "sl": null,
    "closePrice": 1141.6,
    "grossProfit": 1190.54,
    "pips": 2055,
    "balance": 16767.13,
    "equity": 16705.33
  },
  {
    "serial": 22,
    "orderId": null,
    "positionId": 12,
    "event": "Create Position",
    "time": 1491512400000,
    "volume": 3.14,
    "quantity": 3.14,
    "type": "Buy",
    "entryPrice": 1184.1,
    "tp": null,
    "sl": null,
    "closePrice": null,
    "grossProfit": 0,
    "pips": 0,
    "balance": null,
    "equity": 16767.13
  },
  {
    "serial": 23,
    "orderId": null,
    "positionId": 12,
    "event": "Position Closed",
    "time": 1498510800000,
    "volume": 3.14,
    "quantity": 3.14,
    "type": "Buy",
    "entryPrice": 1184.1,
    "tp": null,
    "sl": null,
    "closePrice": 2356.43,
    "grossProfit": 3428.63,
    "pips": 11723.3,
    "balance": 20061.69,
    "equity": 19939.34
  },
  {
    "serial": 24,
    "orderId": null,
    "positionId": 13,
    "event": "Create Position",
    "time": 1500584400000,
    "volume": 1.68,
    "quantity": 1.68,
    "type": "Buy",
    "entryPrice": 2583.12,
    "tp": null,
    "sl": null,
    "closePrice": null,
    "grossProfit": 0,
    "pips": 0,
    "balance": null,
    "equity": 20061.69
  },
  {
    "serial": 25,
    "orderId": null,
    "positionId": 13,
    "event": "Position Closed",
    "time": 1505336400000,
    "volume": 1.68,
    "quantity": 1.68,
    "type": "Buy",
    "entryPrice": 2583.12,
    "tp": null,
    "sl": null,
    "closePrice": 3892.2,
    "grossProfit": 2048.41,
    "pips": 13090.8,
    "balance": 22016.52,
    "equity": 21929.2
  },
  {
    "serial": 26,
    "orderId": null,
    "positionId": 14,
    "event": "Create Position",
    "time": 1506978000000,
    "volume": 0.87,
    "quantity": 0.87,
    "type": "Buy",
    "entryPrice": 4395.2,
    "tp": null,
    "sl": null,
    "closePrice": null,
    "grossProfit": 0,
    "pips": 0,
    "balance": null,
    "equity": 22016.52
  },
  {
    "serial": 27,
    "orderId": null,
    "positionId": 14,
    "event": "Position Closed",
    "time": 1510524000000,
    "volume": 0.87,
    "quantity": 0.87,
    "type": "Buy",
    "entryPrice": 4395.2,
    "tp": null,
    "sl": null,
    "closePrice": 5864.8,
    "grossProfit": 1190.86,
    "pips": 14696,
    "balance": 23151.16,
    "equity": 23098.18
  },
  {
    "serial": 28,
    "orderId": null,
    "positionId": 15,
    "event": "Create Position",
    "time": 1510869600000,
    "volume": 0.49,
    "quantity": 0.49,
    "type": "Buy",
    "entryPrice": 7896.2,
    "tp": null,
    "sl": null,
    "closePrice": null,
    "grossProfit": 0,
    "pips": 0,
    "balance": null,
    "equity": 23151.16
  },
  {
    "serial": 29,
    "orderId": null,
    "positionId": 15,
    "event": "Position Closed",
    "time": 1513893600000,
    "volume": 0.49,
    "quantity": 0.49,
    "type": "Buy",
    "entryPrice": 7896.2,
    "tp": null,
    "sl": null,
    "closePrice": 15511,
    "grossProfit": 3475.33,
    "pips": 76148,
    "balance": 26569.9,
    "equity": 26515.13
  },
  {
    "serial": 30,
    "orderId": null,
    "positionId": 16,
    "event": "Create Position",
    "time": 1519164000000,
    "volume": 0.3,
    "quantity": 0.3,
    "type": "Buy",
    "entryPrice": 11672.1,
    "tp": null,
    "sl": null,
    "closePrice": null,
    "grossProfit": 0,
    "pips": 0,
    "balance": null,
    "equity": 26569.9
  },
  {
    "serial": 31,
    "orderId": null,
    "positionId": 16,
    "event": "Position Closed",
    "time": 1519509600000,
    "volume": 0.3,
    "quantity": 0.3,
    "type": "Buy",
    "entryPrice": 11672.1,
    "tp": null,
    "sl": null,
    "closePrice": 9467.9,
    "grossProfit": -615.9,
    "pips": -22042,
    "balance": 25949.07,
    "equity": 25945.26
  },
  {
    "serial": 32,
    "orderId": null,
    "positionId": 17,
    "event": "Create Position",
    "time": 1524517200000,
    "volume": 0.64,
    "quantity": 0.64,
    "type": "Buy",
    "entryPrice": 8888.15,
    "tp": null,
    "sl": null,
    "closePrice": null,
    "grossProfit": 0,
    "pips": 0,
    "balance": null,
    "equity": 25949.07
  },
  {
    "serial": 33,
    "orderId": null,
    "positionId": 17,
    "event": "Position Closed",
    "time": 1526245200000,
    "volume": 0.64,
    "quantity": 0.64,
    "type": "Buy",
    "entryPrice": 8888.15,
    "tp": null,
    "sl": null,
    "closePrice": 8692.8,
    "grossProfit": -116.45,
    "pips": -1953.5,
    "balance": 25800.19,
    "equity": 25770.14
  },
  {
    "serial": 34,
    "orderId": null,
    "positionId": 18,
    "event": "Create Position",
    "time": 1531861200000,
    "volume": 0.99,
    "quantity": 0.99,
    "type": "Buy",
    "entryPrice": 7309.97,
    "tp": null,
    "sl": null,
    "closePrice": null,
    "grossProfit": 0,
    "pips": 0,
    "balance": null,
    "equity": 25800.19
  },
  {
    "serial": 35,
    "orderId": null,
    "positionId": 18,
    "event": "Position Closed",
    "time": 1533502800000,
    "volume": 0.99,
    "quantity": 0.99,
    "type": "Buy",
    "entryPrice": 7309.97,
    "tp": null,
    "sl": null,
    "closePrice": 7045.65,
    "grossProfit": -243.73,
    "pips": -2643.2,
    "balance": 25515.88,
    "equity": 25479
  },
  {
    "serial": 36,
    "orderId": null,
    "positionId": 19,
    "event": "Create Position",
    "time": 1536008400000,
    "volume": 0.94,
    "quantity": 0.94,
    "type": "Buy",
    "entryPrice": 7299.67,
    "tp": null,
    "sl": null,
    "closePrice": null,
    "grossProfit": 0,
    "pips": 0,
    "balance": null,
    "equity": 25515.88
  },
  {
    "serial": 37,
    "orderId": null,
    "positionId": 19,
    "event": "Position Closed",
    "time": 1536267600000,
    "volume": 0.94,
    "quantity": 0.94,
    "type": "Buy",
    "entryPrice": 7299.67,
    "tp": null,
    "sl": null,
    "closePrice": 6443.78,
    "grossProfit": -749.35,
    "pips": -8558.9,
    "balance": 24758.05,
    "equity": 24753.07
  },
  {
    "serial": 38,
    "orderId": null,
    "positionId": 20,
    "event": "Create Position",
    "time": 1550527200000,
    "volume": 2.67,
    "quantity": 2.67,
    "type": "Buy",
    "entryPrice": 3952.54,
    "tp": null,
    "sl": null,
    "closePrice": null,
    "grossProfit": 0,
    "pips": 0,
    "balance": null,
    "equity": 24758.05
  },
  {
    "serial": 39,
    "orderId": null,
    "positionId": 20,
    "event": "Position Closed",
    "time": 1563310800000,
    "volume": 2.67,
    "quantity": 2.67,
    "type": "Buy",
    "entryPrice": 3952.54,
    "tp": null,
    "sl": null,
    "closePrice": 9587.43,
    "grossProfit": 14013.22,
    "pips": 56348.9,
    "balance": 38078.4,
    "equity": 37395.49
  },
  {
    "serial": 40,
    "orderId": null,
    "positionId": 21,
    "event": "Create Position",
    "time": 1572296400000,
    "volume": 1,
    "quantity": 1,
    "type": "Buy",
    "entryPrice": 9399.49,
    "tp": null,
    "sl": null,
    "closePrice": null,
    "grossProfit": 0,
    "pips": 0,
    "balance": null,
    "equity": 38078.4
  },
  {
    "serial": 41,
    "orderId": null,
    "positionId": 21,
    "event": "Position Closed",
    "time": 1573423200000,
    "volume": 1,
    "quantity": 1,
    "type": "Buy",
    "entryPrice": 9399.49,
    "tp": null,
    "sl": null,
    "closePrice": 9031.5,
    "grossProfit": -342.75,
    "pips": -3679.9,
    "balance": 37701.59,
    "equity": 37671.27
  },
  {
    "serial": 42,
    "orderId": null,
    "positionId": 22,
    "event": "Create Position",
    "time": 1578434400000,
    "volume": 1.36,
    "quantity": 1.36,
    "type": "Buy",
    "entryPrice": 8057.24,
    "tp": null,
    "sl": null,
    "closePrice": null,
    "grossProfit": 0,
    "pips": 0,
    "balance": null,
    "equity": 37701.59
  },
  {
    "serial": 43,
    "orderId": null,
    "positionId": 22,
    "event": "Position Closed",
    "time": 1582754400000,
    "volume": 1.36,
    "quantity": 1.36,
    "type": "Buy",
    "entryPrice": 8057.24,
    "tp": null,
    "sl": null,
    "closePrice": 8746.5,
    "grossProfit": 873.1,
    "pips": 6892.6,
    "balance": 38409.66,
    "equity": 38249.71
  },
  {
    "serial": 44,
    "orderId": null,
    "positionId": 23,
    "event": "Create Position",
    "time": 1587675600000,
    "volume": 1.03,
    "quantity": 1.03,
    "type": "Buy",
    "entryPrice": 7547.06,
    "tp": null,
    "sl": null,
    "closePrice": null,
    "grossProfit": 0,
    "pips": 0,
    "balance": null,
    "equity": 38409.66
  },
  {
    "serial": 45,
    "orderId": null,
    "positionId": 23,
    "event": "Position Closed",
    "time": 1598389200000,
    "volume": 1.03,
    "quantity": 1.03,
    "type": "Buy",
    "entryPrice": 7547.06,
    "tp": null,
    "sl": null,
    "closePrice": 11253.04,
    "grossProfit": 3555.34,
    "pips": 37059.8,
    "balance": 41642.78,
    "equity": 41324.4
  },
  {
    "serial": 46,
    "orderId": null,
    "positionId": 24,
    "event": "Create Position",
    "time": 1602536400000,
    "volume": 1.52,
    "quantity": 1.52,
    "type": "Buy",
    "entryPrice": 11555.6,
    "tp": null,
    "sl": null,
    "closePrice": null,
    "grossProfit": 0,
    "pips": 0,
    "balance": null,
    "equity": 41642.78
  },
  {
    "serial": 47,
    "orderId": null,
    "positionId": 24,
    "event": "Position Closed",
    "time": 1616706300000,
    "volume": 1.52,
    "quantity": 1.52,
    "type": "Buy",
    "entryPrice": 11555.6,
    "tp": null,
    "sl": null,
    "closePrice": 52189.26,
    "grossProfit": 57526.88,
    "pips": 406336.6,
    "balance": 97172.75,
    "equity": 95181.52
  },
  {
    "serial": 48,
    "orderId": null,
    "positionId": 25,
    "event": "Create Position",
    "time": 1618347900000,
    "volume": 0.4,
    "quantity": 0.4,
    "type": "Buy",
    "entryPrice": 63151.06,
    "tp": null,
    "sl": null,
    "closePrice": null,
    "grossProfit": 0,
    "pips": 0,
    "balance": null,
    "equity": 97172.75
  },
  {
    "serial": 49,
    "orderId": null,
    "positionId": 25,
    "event": "Position Closed",
    "time": 1619125500000,
    "volume": 0.4,
    "quantity": 0.4,
    "type": "Buy",
    "entryPrice": 63151.06,
    "tp": null,
    "sl": null,
    "closePrice": 51151.26,
    "grossProfit": -4470.7,
    "pips": -119998,
    "balance": 92648.11,
    "equity": 92595.67
  },
  {
    "serial": 50,
    "orderId": null,
    "positionId": 26,
    "event": "Create Position",
    "time": 1627333260000,
    "volume": 0.53,
    "quantity": 0.53,
    "type": "Buy",
    "entryPrice": 37526.6,
    "tp": null,
    "sl": null,
    "closePrice": null,
    "grossProfit": 0,
    "pips": 0,
    "balance": null,
    "equity": 92648.11
  },
  {
    "serial": 51,
    "orderId": null,
    "positionId": 26,
    "event": "Position Closed",
    "time": 1632258060000,
    "volume": 0.53,
    "quantity": 0.53,
    "type": "Buy",
    "entryPrice": 37526.6,
    "tp": null,
    "sl": null,
    "closePrice": 40980,
    "grossProfit": 1704.76,
    "pips": 34534,
    "balance": 93998.06,
    "equity": 93645.23
  },
  {
    "serial": 52,
    "orderId": null,
    "positionId": 27,
    "event": "Create Position",
    "time": 1633467660000,
    "volume": 0.43,
    "quantity": 0.43,
    "type": "Buy",
    "entryPrice": 51476.1,
    "tp": null,
    "sl": null,
    "closePrice": null,
    "grossProfit": 0,
    "pips": 0,
    "balance": null,
    "equity": 93998.06
  },
  {
    "serial": 53,
    "orderId": null,
    "positionId": 27,
    "event": "Position Closed",
    "time": 1635368460000,
    "volume": 0.43,
    "quantity": 0.43,
    "type": "Buy",
    "entryPrice": 51476.1,
    "tp": null,
    "sl": null,
    "closePrice": 58993,
    "grossProfit": 3010.57,
    "pips": 75169,
    "balance": 96863.81,
    "equity": 96720.59
  },
  {
    "serial": 54,
    "orderId": null,
    "positionId": 28,
    "event": "Create Position",
    "time": 1636495260000,
    "volume": 0.42,
    "quantity": 0.42,
    "type": "Buy",
    "entryPrice": 67707.1,
    "tp": null,
    "sl": null,
    "closePrice": null,
    "grossProfit": 0,
    "pips": 0,
    "balance": null,
    "equity": 96863.81
  },
  {
    "serial": 55,
    "orderId": null,
    "positionId": 28,
    "event": "Position Closed",
    "time": 1637100060000,
    "volume": 0.42,
    "quantity": 0.42,
    "type": "Buy",
    "entryPrice": 67707.1,
    "tp": null,
    "sl": null,
    "closePrice": 60526,
    "grossProfit": -2809.19,
    "pips": -71811,
    "balance": 94005.19,
    "equity": 93957.32
  },
  {
    "serial": 56,
    "orderId": null,
    "positionId": 29,
    "event": "Create Position",
    "time": 1644271320000,
    "volume": 0.51,
    "quantity": 0.51,
    "type": "Buy",
    "entryPrice": 44082.1,
    "tp": null,
    "sl": null,
    "closePrice": null,
    "grossProfit": 0,
    "pips": 0,
    "balance": null,
    "equity": 94005.19
  },
  {
    "serial": 57,
    "orderId": null,
    "positionId": 29,
    "event": "Position Closed",
    "time": 1645135320000,
    "volume": 0.51,
    "quantity": 0.51,
    "type": "Buy",
    "entryPrice": 44082.1,
    "tp": null,
    "sl": null,
    "closePrice": 40724,
    "grossProfit": -1595.16,
    "pips": -33581,
    "balance": 92351.98,
    "equity": 92295.83
  },
  {
    "serial": 58,
    "orderId": null,
    "positionId": 30,
    "event": "Create Position",
    "time": 1648155720000,
    "volume": 0.62,
    "quantity": 0.62,
    "type": "Buy",
    "entryPrice": 43898.1,
    "tp": null,
    "sl": null,
    "closePrice": null,
    "grossProfit": 0,
    "pips": 0,
    "balance": null,
    "equity": 92351.98
  },
  {
    "serial": 59,
    "orderId": null,
    "positionId": 30,
    "event": "Position Closed",
    "time": 1649278920000,
    "volume": 0.62,
    "quantity": 0.62,
    "type": "Buy",
    "entryPrice": 43898.1,
    "tp": null,
    "sl": null,
    "closePrice": 43856,
    "grossProfit": -24.31,
    "pips": -421,
    "balance": 92230.96,
    "equity": 92136.57
  },
  {
    "serial": 60,
    "orderId": null,
    "positionId": 31,
    "event": "Create Position",
    "time": 1654030920000,
    "volume": 0.69,
    "quantity": 0.69,
    "type": "Buy",
    "entryPrice": 31766.1,
    "tp": null,
    "sl": null,
    "closePrice": null,
    "grossProfit": 0,
    "pips": 0,
    "balance": null,
    "equity": 92230.96
  },
  {
    "serial": 61,
    "orderId": null,
    "positionId": 31,
    "event": "Position Closed",
    "time": 1654894920000,
    "volume": 0.69,
    "quantity": 0.69,
    "type": "Buy",
    "entryPrice": 31766.1,
    "tp": null,
    "sl": null,
    "closePrice": 29166,
    "grossProfit": -1671.02,
    "pips": -26001,
    "balance": 90494.09,
    "equity": 90430.82
  },
  {
    "serial": 62,
    "orderId": null,
    "positionId": 32,
    "event": "Create Position",
    "time": 1658264520000,
    "volume": 0.9,
    "quantity": 0.9,
    "type": "Buy",
    "entryPrice": 23308.1,
    "tp": null,
    "sl": null,
    "closePrice": null,
    "grossProfit": 0,
    "pips": 0,
    "balance": null,
    "equity": 90494.09
  },
  {
    "serial": 63,
    "orderId": null,
    "positionId": 32,
    "event": "Position Closed",
    "time": 1660942920000,
    "volume": 0.9,
    "quantity": 0.9,
    "type": "Buy",
    "entryPrice": 23308.1,
    "tp": null,
    "sl": null,
    "closePrice": 21266,
    "grossProfit": -1711.83,
    "pips": -20421,
    "balance": 88603.57,
    "equity": 88428.24
  },
  {
    "serial": 64,
    "orderId": null,
    "positionId": 33,
    "event": "Create Position",
    "time": 1663016520000,
    "volume": 1.36,
    "quantity": 1.36,
    "type": "Buy",
    "entryPrice": 22384.1,
    "tp": null,
    "sl": null,
    "closePrice": null,
    "grossProfit": 0,
    "pips": 0,
    "balance": null,
    "equity": 88603.57
  },
  {
    "serial": 65,
    "orderId": null,
    "positionId": 33,
    "event": "Position Closed",
    "time": 1667944800000,
    "volume": 1.36,
    "quantity": 1.36,
    "type": "Buy",
    "entryPrice": 22384.1,
    "tp": null,
    "sl": null,
    "closePrice": 18686,
    "grossProfit": -4684.45,
    "pips": -36981,
    "balance": 83524.86,
    "equity": 83135.68
  },
  {
    "serial": 66,
    "orderId": null,
    "positionId": 34,
    "event": "Create Position",
    "time": 1670968920000,
    "volume": 2.69,
    "quantity": 2.69,
    "type": "Buy",
    "entryPrice": 17730.1,
    "tp": null,
    "sl": null,
    "closePrice": null,
    "grossProfit": 0,
    "pips": 0,
    "balance": null,
    "equity": 83524.86
  },
  {
    "serial": 67,
    "orderId": null,
    "positionId": 34,
    "event": "Position Closed",
    "time": 1671314520000,
    "volume": 2.69,
    "quantity": 2.69,
    "type": "Buy",
    "entryPrice": 17730.1,
    "tp": null,
    "sl": null,
    "closePrice": 16709,
    "grossProfit": -2558.36,
    "pips": -10211,
    "balance": 80897.6,
    "equity": 80838.74
  },
  {
    "serial": 68,
    "orderId": null,
    "positionId": 35,
    "event": "Create Position",
    "time": 1673301720000,
    "volume": 4.58,
    "quantity": 4.58,
    "type": "Buy",
    "entryPrice": 17164.1,
    "tp": null,
    "sl": null,
    "closePrice": null,
    "grossProfit": 0,
    "pips": 0,
    "balance": null,
    "equity": 80897.6
  },
  {
    "serial": 69,
    "orderId": null,
    "positionId": 35,
    "event": "Position Closed",
    "time": 1675980120000,
    "volume": 4.58,
    "quantity": 4.58,
    "type": "Buy",
    "entryPrice": 17164.1,
    "tp": null,
    "sl": null,
    "closePrice": 21850,
    "grossProfit": 19989.4,
    "pips": 46859,
    "balance": 100075.82,
    "equity": 99281.74
  },
  {
    "serial": 70,
    "orderId": null,
    "positionId": 36,
    "event": "Create Position",
    "time": 1676584920000,
    "volume": 1.57,
    "quantity": 1.57,
    "type": "Buy",
    "entryPrice": 24534.1,
    "tp": null,
    "sl": null,
    "closePrice": null,
    "grossProfit": 0,
    "pips": 0,
    "balance": null,
    "equity": 100075.82
  },
  {
    "serial": 71,
    "orderId": null,
    "positionId": 36,
    "event": "Position Closed",
    "time": 1677276120000,
    "volume": 1.57,
    "quantity": 1.57,
    "type": "Buy",
    "entryPrice": 24534.1,
    "tp": null,
    "sl": null,
    "closePrice": 23046,
    "grossProfit": -2176.07,
    "pips": -14881,
    "balance": 97797.32,
    "equity": 97700.75
  },
  {
    "serial": 72,
    "orderId": null,
    "positionId": 37,
    "event": "Create Position",
    "time": 1678827720000,
    "volume": 1.16,
    "quantity": 1.16,
    "type": "Buy",
    "entryPrice": 24612.1,
    "tp": null,
    "sl": null,
    "closePrice": null,
    "grossProfit": 0,
    "pips": 0,
    "balance": null,
    "equity": 97797.32
  },
  {
    "serial": 73,
    "orderId": null,
    "positionId": 37,
    "event": "Position Closed",
    "time": 1682024520000,
    "volume": 1.16,
    "quantity": 1.16,
    "type": "Buy",
    "entryPrice": 24612.1,
    "tp": null,
    "sl": null,
    "closePrice": 28195,
    "grossProfit": 3871.1,
    "pips": 35829,
    "balance": 101355.05,
    "equity": 101046
  },
  {
    "serial": 74,
    "orderId": null,
    "positionId": 38,
    "event": "Create Position",
    "time": 1687294920000,
    "volume": 1.39,
    "quantity": 1.39,
    "type": "Buy",
    "entryPrice": 28134.1,
    "tp": null,
    "sl": null,
    "closePrice": null,
    "grossProfit": 0,
    "pips": 0,
    "balance": null,
    "equity": 101355.05
  },
  {
    "serial": 75,
    "orderId": null,
    "positionId": 38,
    "event": "Position Closed",
    "time": 1690232520000,
    "volume": 1.39,
    "quantity": 1.39,
    "type": "Buy",
    "entryPrice": 28134.1,
    "tp": null,
    "sl": null,
    "closePrice": 29134,
    "grossProfit": 1294.53,
    "pips": 9999,
    "balance": 102278.9,
    "equity": 101913.4
  },
  {
    "serial": 76,
    "orderId": null,
    "positionId": 39,
    "event": "Create Position",
    "time": 1696280520000,
    "volume": 2.12,
    "quantity": 2.12,
    "type": "Buy",
    "entryPrice": 27840.1,
    "tp": null,
    "sl": null,
    "closePrice": null,
    "grossProfit": 0,
    "pips": 0,
    "balance": null,
    "equity": 102278.9
  },
  {
    "serial": 77,
    "orderId": null,
    "positionId": 39,
    "event": "Position Closed",
    "time": 1697058120000,
    "volume": 2.12,
    "quantity": 2.12,
    "type": "Buy",
    "entryPrice": 27840.1,
    "tp": null,
    "sl": null,
    "closePrice": 26699,
    "grossProfit": -2253.21,
    "pips": -11411,
    "balance": 99883.55,
    "equity": 99749.33
  },
  {
    "serial": 78,
    "orderId": null,
    "positionId": 40,
    "event": "Create Position",
    "time": 1698094920000,
    "volume": 1.46,
    "quantity": 1.46,
    "type": "Buy",
    "entryPrice": 31603.1,
    "tp": null,
    "sl": null,
    "closePrice": null,
    "grossProfit": 0,
    "pips": 0,
    "balance": null,
    "equity": 99883.55
  },
  {
    "serial": 79,
    "orderId": null,
    "positionId": 40,
    "event": "Position Closed",
    "time": 1705615320000,
    "volume": 1.46,
    "quantity": 1.46,
    "type": "Buy",
    "entryPrice": 31603.1,
    "tp": null,
    "sl": null,
    "closePrice": 41141,
    "grossProfit": 12970.21,
    "pips": 95379,
    "balance": 111552.04,
    "equity": 110255.76
  },
  {
    "serial": 80,
    "orderId": null,
    "positionId": 41,
    "event": "Create Position",
    "time": 1707343320000,
    "volume": 1.13,
    "quantity": 1.13,
    "type": "Buy",
    "entryPrice": 44173.1,
    "tp": null,
    "sl": null,
    "closePrice": null,
    "grossProfit": 0,
    "pips": 0,
    "balance": null,
    "equity": 111552.04
  },
  {
    "serial": 81,
    "orderId": null,
    "positionId": 41,
    "event": "Position Closed",
    "time": 1710882300000,
    "volume": 1.13,
    "quantity": 1.13,
    "type": "Buy",
    "entryPrice": 44173.1,
    "tp": null,
    "sl": null,
    "closePrice": 63866.41,
    "grossProfit": 20727.1,
    "pips": 196933.1,
    "balance": 131575.77,
    "equity": 130876.62
  },
  {
    "serial": 82,
    "orderId": null,
    "positionId": 42,
    "event": "Create Position",
    "time": 1715807100000,
    "volume": 0.63,
    "quantity": 0.63,
    "type": "Buy",
    "entryPrice": 65811.54,
    "tp": null,
    "sl": null,
    "closePrice": null,
    "grossProfit": 0,
    "pips": 0,
    "balance": null,
    "equity": 131575.77
  },
  {
    "serial": 83,
    "orderId": null,
    "positionId": 42,
    "event": "Position Closed",
    "time": 1718139900000,
    "volume": 0.63,
    "quantity": 0.63,
    "type": "Buy",
    "entryPrice": 65811.54,
    "tp": null,
    "sl": null,
    "closePrice": 67260.34,
    "grossProfit": 850.14,
    "pips": 14488,
    "balance": 132125.8,
    "equity": 131828.05
  }
]