[
  {
    "serial": 0,
    "orderId": null,
    "positionId": 1,
    "event": "Create Position",
    "time": 1404162000000,
    "volume": 5.17,
    "quantity": 5.17,
    "type": "Buy",
    "entryPrice": 634.7,
    "tp": null,
    "sl": null,
    "closePrice": null,
    "grossProfit": 0,
    "pips": 0,
    "balance": null,
    "equity": 10000
  },
  {
    "serial": 1,
    "orderId": null,
    "positionId": 1,
    "event": "Position Closed",
    "time": 1405026000000,
    "volume": 5.17,
    "quantity": 5.17,
    "type": "Buy",
    "entryPrice": 634.7,
    "tp": null,
    "sl": null,
    "closePrice": 606.5,
    "grossProfit": -135.79,
    "pips": -282,
    "balance": 9836.71,
    "equity": 9828.51
  },
  {
    "serial": 2,
    "orderId": null,
    "positionId": 2,
    "event": "Create Position",
    "time": 1415829600000,
    "volume": 7.05,
    "quantity": 7.05,
    "type": "Buy",
    "entryPrice": 419.2,
    "tp": null,
    "sl": null,
    "closePrice": null,
    "grossProfit": 0,
    "pips": 0,
    "balance": null,
    "equity": 9836.71
  },
  {
    "serial": 3,
    "orderId": null,
    "positionId": 2,
    "event": "Position Closed",
    "time": 1416520800000,
    "volume": 7.05,
    "quantity": 7.05,
    "type": "Buy",
    "entryPrice": 419.2,
    "tp": null,
    "sl": null,
    "closePrice": 351.8,
    "grossProfit": -442.58,
    "pips": -674,
    "balance": 9362.41,
    "equity": 9356.99
  },
  {
    "serial": 4,
    "orderId": null,
    "positionId": 3,
    "event": "Create Position",
    "time": 1425160800000,
    "volume": 12.45,
    "quantity": 12.45,
    "type": "Buy",
    "entryPrice": 250.1,
    "tp": null,
    "sl": null,
    "closePrice": null,
    "grossProfit": 0,
    "pips": 0,
    "balance": null,
    "equity": 9362.41
  },
  {
    "serial": 5,
    "orderId": null,
    "positionId": 3,
    "event": "Position Closed",
    "time": 1426712400000,
    "volume": 12.45,
    "quantity": 12.45,
    "type": "Buy",
    "entryPrice": 250.1,
    "tp": null,
    "sl": null,
    "closePrice": 250.3,
    "grossProfit": 2.32,
    "pips": 2,
    "balance": 9302.53,
    "equity": 9286.79
  },
  {
    "serial": 6,
    "orderId": null,
    "positionId": 4,
    "event": "Create Position",
    "time": 1431205200000,
    "volume": 14.04,
    "quantity": 14.04,
    "type": "Buy",
    "entryPrice": 238.9,
    "tp": null,
    "sl": null,
    "closePrice": null,
    "grossProfit": 0,
    "pips": 0,
    "balance": null,
    "equity": 9302.53
  },
  {
    "serial": 7,
    "orderId": null,
    "positionId": 4,
    "event": "Position Closed",
    "time": 1431982800000,
    "volume": 14.04,
    "quantity": 14.04,
    "type": "Buy",
    "entryPrice": 238.9,
    "tp": null,
    "sl": null,
    "closePrice": 231.6,
    "grossProfit": -95.46,
    "pips": -73,
    "balance": 9147.05,
    "equity": 9139.43
  },
  {
    "serial": 8,
    "orderId": null,
    "positionId": 5,
    "event": "Create Position",
    "time": 1434402000000,
    "volume": 28.31,
    "quantity": 28.31,
    "type": "Buy",
    "entryPrice": 238.6,
    "tp": null,
    "sl": null,
    "closePrice": null,
    "grossProfit": 0,
    "pips": 0,
    "balance": null,
    "equity": 9147.05
  },
  {
    "serial": 9,
    "orderId": null,
    "positionId": 5,
    "event": "Position Closed",
    "time": 1438894800000,
    "volume": 28.31,
    "quantity": 28.31,
    "type": "Buy",
    "entryPrice": 238.6,
    "tp": null,
    "sl": null,
    "closePrice": 273.58,
    "grossProfit": 922.36,
    "pips": 349.8,
    "balance": 9863.53,
    "equity": 9763.29
  },
  {
    "serial": 10,
    "orderId": null,
    "positionId": 6,
    "event": "Create Position",
    "time": 1441573200000,
    "volume": 10.41,
    "quantity": 10.41,
    "type": "Buy",
    "entryPrice": 236.1,
    "tp": null,
    "sl": null,
    "closePrice": null,
    "grossProfit": 0,
    "pips": 0,
    "balance": null,
    "equity": 9863.53
  },
  {
    "serial": 11,
    "orderId": null,
    "positionId": 6,
    "event": "Position Closed",
    "time": 1447279200000,
    "volume": 10.41,
    "quantity": 10.41,
    "type": "Buy",
    "entryPrice": 236.1,
    "tp": null,
    "sl": null,
    "closePrice": 306.6,
    "grossProfit": 683.57,
    "pips": 705,
    "balance": 10461.65,
    "equity": 10415.04
  },
  {
    "serial": 12,
    "orderId": null,
    "positionId": 7,
    "event": "Create Position",
    "time": 1448920800000,
    "volume": 7.69,
    "quantity": 7.69,
    "type": "Buy",
    "entryPrice": 374.65,
    "tp": null,
    "sl": null,
    "closePrice": null,
    "grossProfit": 0,
    "pips": 0,
    "balance": null,
    "equity": 10461.65
  },
  {
    "serial": 13,
    "orderId": null,
    "positionId": 7,
    "event": "Position Closed",
    "time": 1451167200000,
    "volume": 7.69,
    "quantity": 7.69,
    "type": "Buy",
    "entryPrice": 374.65,
    "tp": null,
    "sl": null,
    "closePrice": 412.1,
    "grossProfit": 268.24,
    "pips": 374.5,
    "balance": 10678.94,
    "equity": 10656.69
  },
  {
    "serial": 14,
    "orderId": null,
    "positionId": 8,
    "event": "Create Position",
    "time": 1455487200000,
    "volume": 12.82,
    "quantity": 12.82,
    "type": "Buy",
    "entryPrice": 402.9,
    "tp": null,
    "sl": null,
    "closePrice": null,
    "grossProfit": 0,
    "pips": 0,
    "balance": null,
    "equity": 10678.94
  },
  {
    "serial": 15,
    "orderId": null,
    "positionId": 8,
    "event": "Position Closed",
    "time": 1457128800000,
    "volume": 12.82,
    "quantity": 12.82,
    "type": "Buy",
    "entryPrice": 402.9,
    "tp": null,
    "sl": null,
    "closePrice": 411.6,
    "grossProfit": 103.88,
    "pips": 87,
    "balance": 10706.1,
    "equity": 10677.22
  },
  {
    "serial": 16,
    "orderId": null,
    "positionId": 9,
    "event": "Create Position",
    "time": 1459112400000,
    "volume": 18.62,
    "quantity": 18.62,
    "type": "Buy",
    "entryPrice": 422.23,
    "tp": null,
    "sl": null,
    "closePrice": null,
    "grossProfit": 0,
    "pips": 0,
    "balance": null,
    "equity": 10706.1
  },
  {
    "serial": 17,
    "orderId": null,
    "positionId": 9,
    "event": "Position Closed",
    "time": 1463691600000,
    "volume": 18.62,
    "quantity": 18.62,
    "type": "Buy",
    "entryPrice": 422.23,
    "tp": null,
    "sl": null,
    "closePrice": 443.43,
    "grossProfit": 367.67,
    "pips": 212,
    "balance": 10894.69,
    "equity": 10785.09
  },
  {
    "serial": 18,
    "orderId": null,
    "positionId": 10,
    "event": "Create Position",
    "time": 1464382800000,
    "volume": 18.22,
    "quantity": 18.22,
    "type": "Buy",
    "entryPrice": 468.1,
    "tp": null,
    "sl": null,
    "closePrice": null,
    "grossProfit": 0,
    "pips": 0,
    "balance": null,
    "equity": 10894.69
  },
  {
    "serial": 19,
    "orderId": null,
    "positionId": 10,
    "event": "Position Closed",
    "time": 1466629200000,
    "volume": 18.22,
    "quantity": 18.22,
    "type": "Buy",
    "entryPrice": 468.1,
    "tp": null,
    "sl": null,
    "closePrice": 590.11,
    "grossProfit": 2070.55,
    "pips": 1220.1,
    "balance": 12824.83,
    "equity": 12752.4
  },
  {
    "serial": 20,
    "orderId": null,
    "positionId": 11,
    "event": "Create Position",
    "time": 1472936400000,
    "volume": 14.38,
    "quantity": 14.38,
    "type": "Buy",
    "entryPrice": 602.08,
    "tp": null,
    "sl": null,
    "closePrice": null,
    "grossProfit": 0,
    "pips": 0,
    "balance": null,
    "equity": 12824.83
  },
  {
    "serial": 21,
    "orderId": null,
    "positionId": 11,
    "event": "Position Closed",
    "time": 1483740000000,
    "volume": 14.38,
    "quantity": 14.38,
    "type": "Buy",
    "entryPrice": 602.08,
    "tp": null,
    "sl": null,
    "closePrice": 855.9,
    "grossProfit": 3399.59,
    "pips": 2538.2,
    "balance": 15839.56,
    "equity": 15508.36
  },
  {
    "serial": 22,
    "orderId": null,
    "positionId": 12,
    "event": "Create Position",
    "time": 1485900000000,
    "volume": 6.29,
    "quantity": 6.29,
    "type": "Buy",
    "entryPrice": 936.1,
    "tp": null,
    "sl": null,
    "closePrice": null,
    "grossProfit": 0,
    "pips": 0,
    "balance": null,
    "equity": 15839.56
  },
  {
    "serial": 23,
    "orderId": null,
    "positionId": 12,
    "event": "Position Closed",
    "time": 1489010400000,
    "volume": 6.29,
    "quantity": 6.29,
    "type": "Buy",
    "entryPrice": 936.1,
    "tp": null,
    "sl": null,
    "closePrice": 1141.6,
    "grossProfit": 1203.94,
    "pips": 2055,
    "balance": 16957.52,
    "equity": 16895.02
  },
  {
    "serial": 24,
    "orderId": null,
    "positionId": 13,
    "event": "Create Position",
    "time": 1491512400000,
    "volume": 3.18,
    "quantity": 3.18,
    "type": "Buy",
    "entryPrice": 1184.1,
    "tp": null,
    "sl": null,
    "closePrice": null,
    "grossProfit": 0,
    "pips": 0,
    "balance": null,
    "equity": 16957.52
  },
  {
    "serial": 25,
    "orderId": null,
    "positionId": 13,
    "event": "Position Closed",
    "time": 1498510800000,
    "volume": 3.18,
    "quantity": 3.18,
    "type": "Buy",
    "entryPrice": 1184.1,
    "tp": null,
    "sl": null,
    "closePrice": 2356.43,
    "grossProfit": 3472.31,
    "pips": 11723.3,
    "balance": 20294.15,
    "equity": 20170.33
  },
  {
    "serial": 26,
    "orderId": null,
    "positionId": 14,
    "event": "Create Position",
    "time": 1500584400000,
    "volume": 1.7,
    "quantity": 1.7,
    "type": "Buy",
    "entryPrice": 2583.12,
    "tp": null,
    "sl": null,
    "closePrice": null,
    "grossProfit": 0,
    "pips": 0,
    "balance": null,
    "equity": 20294.15
  },
  {
    "serial": 27,
    "orderId": null,
    "positionId": 14,
    "event": "Position Closed",
    "time": 1505336400000,
    "volume": 1.7,
    "quantity": 1.7,
    "type": "Buy",
    "entryPrice": 2583.12,
    "tp": null,
    "sl": null,
    "closePrice": 3892.2,
    "grossProfit": 2072.8,
    "pips": 13090.8,
    "balance": 22272.21,
    "equity": 22183.81
  },
  {
    "serial": 28,
    "orderId": null,
    "positionId": 15,
    "event": "Create Position",
    "time": 1506805200000,
    "volume": 0.84,
    "quantity": 0.84,
    "type": "Buy",
    "entryPrice": 4350.1,
    "tp": null,
    "sl": null,
    "closePrice": null,
    "grossProfit": 0,
    "pips": 0,
    "balance": null,
    "equity": 22272.21
  },
  {
    "serial": 29,
    "orderId": null,
    "positionId": 15,
    "event": "Position Closed",
    "time": 1510524000000,
    "volume": 0.84,
    "quantity": 0.84,
    "type": "Buy",
    "entryPrice": 4350.1,
    "tp": null,
    "sl": null,
    "closePrice": 5864.8,
    "grossProfit": 1185.08,
    "pips": 15147,
    "balance": 23401.1,
    "equity": 23348.05
  },
  {
    "serial": 30,
    "orderId": null,
    "positionId": 16,
    "event": "Create Position",
    "time": 1510869600000,
    "volume": 0.49,
    "quantity": 0.49,
    "type": "Buy",
    "entryPrice": 7896.2,
    "tp": null,
    "sl": null,
    "closePrice": null,
    "grossProfit": 0,
    "pips": 0,
    "balance": null,
    "equity": 23401.1
  },
  {
    "serial": 31,
    "orderId": null,
    "positionId": 16,
    "event": "Position Closed",
    "time": 1513893600000,
    "volume": 0.49,
    "quantity": 0.49,
    "type": "Buy",
    "entryPrice": 7896.2,
    "tp": null,
    "sl": null,
    "closePrice": 15511,
    "grossProfit": 3475.33,
    "pips": 76148,
    "balance": 26819.84,
    "equity": 26765.07
  },
  {
    "serial": 32,
    "orderId": null,
    "positionId": 17,
    "event": "Create Position",
    "time": 1518904800000,
    "volume": 0.3,
    "quantity": 0.3,
    "type": "Buy",
    "entryPrice": 10798.1,
    "tp": null,
    "sl": null,
    "closePrice": null,
    "grossProfit": 0,
    "pips": 0,
    "balance": null,
    "equity": 26819.84
  },
  {
    "serial": 33,
    "orderId": null,
    "positionId": 17,
    "event": "Position Closed",
    "time": 1519509600000,
    "volume": 0.3,
    "quantity": 0.3,
    "type": "Buy",
    "entryPrice": 10798.1,
    "tp": null,
    "sl": null,
    "closePrice": 9467.9,
    "grossProfit": -371.69,
    "pips": -13302,
    "balance": 26440.66,
    "equity": 26434.29
  },
  {
    "serial": 34,
    "orderId": null,
    "positionId": 18,
    "event": "Create Position",
    "time": 1524430800000,
    "volume": 0.63,
    "quantity": 0.63,
    "type": "Buy",
    "entryPrice": 8853.9,
    "tp": null,
    "sl": null,
    "closePrice": null,
    "grossProfit": 0,
    "pips": 0,
    "balance": null,
    "equity": 26440.66
  },
  {
    "serial": 35,
    "orderId": null,
    "positionId": 18,
    "event": "Position Closed",
    "time": 1526245200000,
    "volume": 0.63,
    "quantity": 0.63,
    "type": "Buy",
    "entryPrice": 8853.9,
    "tp": null,
    "sl": null,
    "closePrice": 8692.8,
    "grossProfit": -94.53,
    "pips": -1611,
    "balance": 26312.77,
    "equity": 26281.77
  },
  {
    "serial": 36,
    "orderId": null,
    "positionId": 19,
    "event": "Create Position",
    "time": 1531861200000,
    "volume": 1.01,
    "quantity": 1.01,
    "type": "Buy",
    "entryPrice": 7309.97,
    "tp": null,
    "sl": null,
    "closePrice": null,
    "grossProfit": 0,
    "pips": 0,
    "balance": null,
    "equity": 26312.77
  },
  {
    "serial": 37,
    "orderId": null,
    "positionId": 19,
    "event": "Position Closed",
    "time": 1533502800000,
    "volume": 1.01,
    "quantity": 1.01,
    "type": "Buy",
    "entryPrice": 7309.97,
    "tp": null,
    "sl": null,
    "closePrice": 7045.65,
    "grossProfit": -248.65,
    "pips": -2643.2,
    "balance": 26022.74,
    "equity": 25985.12
  },
  {
    "serial": 38,
    "orderId": null,
    "positionId": 20,
    "event": "Create Position",
    "time": 1536008400000,
    "volume": 0.96,
    "quantity": 0.96,
    "type": "Buy",
    "entryPrice": 7299.67,
    "tp": null,
    "sl": null,
    "closePrice": null,
    "grossProfit": 0,
    "pips": 0,
    "balance": null,
    "equity": 26022.74
  },
  {
    "serial": 39,
    "orderId": null,
    "positionId": 20,
    "event": "Position Closed",
    "time": 1536267600000,
    "volume": 0.96,
    "quantity": 0.96,
    "type": "Buy",
    "entryPrice": 7299.67,
    "tp": null,
    "sl": null,
    "closePrice": 6443.78,
    "grossProfit": -765.3,
    "pips": -8558.9,
    "balance": 25248.78,
    "equity": 25243.7
  },
  {
    "serial": 40,
    "orderId": null,
    "positionId": 21,
    "event": "Create Position",
    "time": 1550527200000,
    "volume": 2.72,
    "quantity": 2.72,
    "type": "Buy",
    "entryPrice": 3952.54,
    "tp": null,
    "sl": null,
    "closePrice": null,
    "grossProfit": 0,
    "pips": 0,
    "balance": null,
    "equity": 25248.78
  },
  {
    "serial": 41,
    "orderId": null,
    "positionId": 21,
    "event": "Position Closed",
    "time": 1563310800000,
    "volume": 2.72,
    "quantity": 2.72,
    "type": "Buy",
    "entryPrice": 3952.54,
    "tp": null,
    "sl": null,
    "closePrice": 9587.43,
    "grossProfit": 14275.64,
    "pips": 56348.9,
    "balance": 38818.65,
    "equity": 38123.02
  },
  {
    "serial": 42,
    "orderId": null,
    "positionId": 22,
    "event": "Create Position",
    "time": 1565038800000,
    "volume": 0.52,
    "quantity": 0.52,
    "type": "Buy",
    "entryPrice": 11623.09,
    "tp": null,
    "sl": null,
    "closePrice": null,
    "grossProfit": 0,
    "pips": 0,
    "balance": null,
    "equity": 38818.65
  },
  {
    "serial": 43,
    "orderId": null,
    "positionId": 22,
    "event": "Position Closed",
    "time": 1565816400000,
    "volume": 0.52,
    "quantity": 0.52,
    "type": "Buy",
    "entryPrice": 11623.09,
    "tp": null,
    "sl": null,
    "closePrice": 10178.38,
    "grossProfit": -699.72,
    "pips": -14447.1,
    "balance": 38103.51,
    "equity": 38090.03
  },
  {
    "serial": 44,
    "orderId": null,
    "positionId": 23,
    "event": "Create Position",
    "time": 1572296400000,
    "volume": 1,
    "quantity": 1,
    "type": "Buy",
    "entryPrice": 9399.49,
    "tp": null,
    "sl": null,
    "closePrice": null,
    "grossProfit": 0,
    "pips": 0,
    "balance": null,
    "equity": 38103.51
  },
  {
    "serial": 45,
    "orderId": null,
    "positionId": 23,
    "event": "Position Closed",
    "time": 1573423200000,
    "volume": 1,
    "quantity": 1,
    "type": "Buy",
    "entryPrice": 9399.49,
    "tp": null,
    "sl": null,
    "closePrice": 9031.5,
    "grossProfit": -342.75,
    "pips": -3679.9,
    "balance": 37726.7,
    "equity": 37696.38
  },
  {
    "serial": 46,
    "orderId": null,
    "positionId": 24,
    "event": "Create Position",
    "time": 1578434400000,
    "volume": 1.36,
    "quantity": 1.36,
    "type": "Buy",
    "entryPrice": 8057.24,
    "tp": null,
    "sl": null,
    "closePrice": null,
    "grossProfit": 0,
    "pips": 0,
    "balance": null,
    "equity": 37726.7
  },
  {
    "serial": 47,
    "orderId": null,
    "positionId": 24,
    "event": "Position Closed",
    "time": 1582754400000,
    "volume": 1.36,
    "quantity": 1.36,
    "type": "Buy",
    "entryPrice": 8057.24,
    "tp": null,
    "sl": null,
    "closePrice": 8746.5,
    "grossProfit": 873.1,
    "pips": 6892.6,
    "balance": 38434.77,
    "equity": 38274.82
  },
  {
    "serial": 48,
    "orderId": null,
    "positionId": 25,
    "event": "Create Position",
    "time": 1587675600000,
    "volume": 1.03,
    "quantity": 1.03,
    "type": "Buy",
    "entryPrice": 7547.06,
    "tp": null,
    "sl": null,
    "closePrice": null,
    "grossProfit": 0,
    "pips": 0,
    "balance": null,
    "equity": 38434.77
  },
  {
    "serial": 49,
    "orderId": null,
    "positionId": 25,
    "event": "Position Closed",
    "time": 1598389200000,
    "volume": 1.03,
    "quantity": 1.03,
    "type": "Buy",
    "entryPrice": 7547.06,
    "tp": null,
    "sl": null,
    "closePrice": 11253.04,
    "grossProfit": 3555.34,
    "pips": 37059.8,
    "balance": 41667.89,
    "equity": 41349.51
  },
  {
    "serial": 50,
    "orderId": null,
    "positionId": 26,
    "event": "Create Position",
    "time": 1602536400000,
    "volume": 1.52,
    "quantity": 1.52,
    "type": "Buy",
    "entryPrice": 11555.6,
    "tp": null,
    "sl": null,
    "closePrice": null,
    "grossProfit": 0,
    "pips": 0,
    "balance": null,
    "equity": 41667.89
  },
  {
    "serial": 51,
    "orderId": null,
    "positionId": 26,
    "event": "Position Closed",
    "time": 1616706300000,
    "volume": 1.52,
    "quantity": 1.52,
    "type": "Buy",
    "entryPrice": 11555.6,
    "tp": null,
    "sl": null,
    "closePrice": 52189.26,
    "grossProfit": 57526.88,
    "pips": 406336.6,
    "balance": 97197.86,
    "equity": 95206.63
  },
  {
    "serial": 52,
    "orderId": null,
    "positionId": 27,
    "event": "Create Position",
    "time": 1618347900000,
    "volume": 0.4,
    "quantity": 0.4,
    "type": "Buy",
    "entryPrice": 63151.06,
    "tp": null,
    "sl": null,
    "closePrice": null,
    "grossProfit": 0,
    "pips": 0,
    "balance": null,
    "equity": 97197.86
  },
  {
    "serial": 53,
    "orderId": null,
    "positionId": 27,
    "event": "Position Closed",
    "time": 1619125500000,
    "volume": 0.4,
    "quantity": 0.4,
    "type": "Buy",
    "entryPrice": 63151.06,
    "tp": null,
    "sl": null,
    "closePrice": 51151.26,
    "grossProfit": -4470.7,
    "pips": -119998,
    "balance": 92673.22,
    "equity": 92620.78
  },
  {
    "serial": 54,
    "orderId": null,
    "positionId": 28,
    "event": "Create Position",
    "time": 1627333260000,
    "volume": 0.54,
    "quantity": 0.54,
    "type": "Buy",
    "entryPrice": 37526.6,
    "tp": null,
    "sl": null,
    "closePrice": null,
    "grossProfit": 0,
    "pips": 0,
    "balance": null,
    "equity": 92673.22
  },
  {
    "serial": 55,
    "orderId": null,
    "positionId": 28,
    "event": "Position Closed",
    "time": 1632258060000,
    "volume": 0.54,
    "quantity": 0.54,
    "type": "Buy",
    "entryPrice": 37526.6,
    "tp": null,
    "sl": null,
    "closePrice": 40980,
    "grossProfit": 1736.93,
    "pips": 34534,
    "balance": 94048.59,
    "equity": 93689.05
  },
  {
    "serial": 56,
    "orderId": null,
    "positionId": 29,
    "event": "Create Position",
    "time": 1633467660000,
    "volume": 0.43,
    "quantity": 0.43,
    "type": "Buy",
    "entryPrice": 51476.1,
    "tp": null,
    "sl": null,
    "closePrice": null,
    "grossProfit": 0,
    "pips": 0,
    "balance": null,
    "equity": 94048.59
  },
  {
    "serial": 57,
    "orderId": null,
    "positionId": 29,
    "event": "Position Closed",
    "time": 1635368460000,
    "volume": 0.43,
    "quantity": 0.43,
    "type": "Buy",
    "entryPrice": 51476.1,
    "tp": null,
    "sl": null,
    "closePrice": 58993,
    "grossProfit": 3010.57,
    "pips": 75169,
    "balance": 96914.34,
    "equity": 96771.12
  },
  {
    "serial": 58,
    "orderId": null,
    "positionId": 30,
    "event": "Create Position",
    "time": 1636408860000,
    "volume": 0.41,
    "quantity": 0.41,
    "type": "Buy",
    "entryPrice": 66135.1,
    "tp": null,
    "sl": null,
    "closePrice": null,
    "grossProfit": 0,
    "pips": 0,
    "balance": null,
    "equity": 96914.34
  },
  {
    "serial": 59,
    "orderId": null,
    "positionId": 30,
    "event": "Position Closed",
    "time": 1637100060000,
    "volume": 0.41,
    "quantity": 0.41,
    "type": "Buy",
    "entryPrice": 66135.1,
    "tp": null,
    "sl": null,
    "closePrice": 60526,
    "grossProfit": -2141.99,
    "pips": -56091,
    "balance": 94717.05,
    "equity": 94663.27
  },
  {
    "serial": 60,
    "orderId": null,
    "positionId": 31,
    "event": "Create Position",
    "time": 1644098520000,
    "volume": 0.53,
    "quantity": 0.53,
    "type": "Buy",
    "entryPrice": 41669.1,
    "tp": null,
    "sl": null,
    "closePrice": null,
    "grossProfit": 0,
    "pips": 0,
    "balance": null,
    "equity": 94717.05
  },
  {
    "serial": 61,
    "orderId": null,
    "positionId": 31,
    "event": "Position Closed",
    "time": 1645135320000,
    "volume": 0.53,
    "quantity": 0.53,
    "type": "Buy",
    "entryPrice": 41669.1,
    "tp": null,
    "sl": null,
    "closePrice": 40724,
    "grossProfit": -466.55,
    "pips": -9451,
    "balance": 94178.56,
    "equity": 94108.6
  },
  {
    "serial": 62,
    "orderId": null,
    "positionId": 32,
    "event": "Create Position",
    "time": 1647982920000,
    "volume": 0.59,
    "quantity": 0.59,
    "type": "Buy",
    "entryPrice": 42600.1,
    "tp": null,
    "sl": null,
    "closePrice": null,
    "grossProfit": 0,
    "pips": 0,
    "balance": null,
    "equity": 94178.56
  },
  {
    "serial": 63,
    "orderId": null,
    "positionId": 32,
    "event": "Position Closed",
    "time": 1649278920000,
    "volume": 0.59,
    "quantity": 0.59,
    "type": "Buy",
    "entryPrice": 42600.1,
    "tp": null,
    "sl": null,
    "closePrice": 43856,
    "grossProfit": 690.16,
    "pips": 12559,
    "balance": 94763.71,
    "equity": 94660.9
  },
  {
    "serial": 64,
    "orderId": null,
    "positionId": 33,
    "event": "Create Position",
    "time": 1654030920000,
    "volume": 0.71,
    "quantity": 0.71,
    "type": "Buy",
    "entryPrice": 31766.1,
    "tp": null,
    "sl": null,
    "closePrice": null,
    "grossProfit": 0,
    "pips": 0,
    "balance": null,
    "equity": 94763.71
  },
  {
    "serial": 65,
    "orderId": null,
    "positionId": 33,
    "event": "Position Closed",
    "time": 1654894920000,
    "volume": 0.71,
    "quantity": 0.71,
    "type": "Buy",
    "entryPrice": 31766.1,
    "tp": null,
    "sl": null,
    "closePrice": 29166,
    "grossProfit": -1719.45,
    "pips": -26001,
    "balance": 92976.53,
    "equity": 92911.44
  },
  {
    "serial": 66,
    "orderId": null,
    "positionId": 34,
    "event": "Create Position",
    "time": 1658264520000,
    "volume": 0.93,
    "quantity": 0.93,
    "type": "Buy",
    "entryPrice": 23308.1,
    "tp": null,
    "sl": null,
    "closePrice": null,
    "grossProfit": 0,
    "pips": 0,
    "balance": null,
    "equity": 92976.53
  },
  {
    "serial": 67,
    "orderId": null,
    "positionId": 34,
    "event": "Position Closed",
    "time": 1660942920000,
    "volume": 0.93,
    "quantity": 0.93,
    "type": "Buy",
    "entryPrice": 23308.1,
    "tp": null,
    "sl": null,
    "closePrice": 21266,
    "grossProfit": -1768.89,
    "pips": -20421,
    "balance": 91022.97,
    "equity": 90841.78
  },
  {
    "serial": 68,
    "orderId": null,
    "positionId": 35,
    "event": "Create Position",
    "time": 1663016520000,
    "volume": 1.4,
    "quantity": 1.4,
    "type": "Buy",
    "entryPrice": 22384.1,
    "tp": null,
    "sl": null,
    "closePrice": null,
    "grossProfit": 0,
    "pips": 0,
    "balance": null,
    "equity": 91022.97
  },
  {
    "serial": 69,
    "orderId": null,
    "positionId": 35,
    "event": "Position Closed",
    "time": 1667944800000,
    "volume": 1.4,
    "quantity": 1.4,
    "type": "Buy",
    "entryPrice": 22384.1,
    "tp": null,
    "sl": null,
    "closePrice": 18686,
    "grossProfit": -4822.23,
    "pips": -36981,
    "balance": 85794.89,
    "equity": 85394.26
  },
  {
    "serial": 70,
    "orderId": null,
    "positionId": 36,
    "event": "Create Position",
    "time": 1669845720000,
    "volume": 1.77,
    "quantity": 1.77,
    "type": "Buy",
    "entryPrice": 17089.1,
    "tp": null,
    "sl": null,
    "closePrice": null,
    "grossProfit": 0,
    "pips": 0,
    "balance": null,
    "equity": 85794.89
  },
  {
    "serial": 71,
    "orderId": null,
    "positionId": 36,
    "event": "Position Closed",
    "time": 1671314520000,
    "volume": 1.77,
    "quantity": 1.77,
    "type": "Buy",
    "entryPrice": 17089.1,
    "tp": null,
    "sl": null,
    "closePrice": 16709,
    "grossProfit": -626.63,
    "pips": -3801,
    "balance": 85022.67,
    "equity": 84883.68
  },
  {
    "serial": 72,
    "orderId": null,
    "positionId": 37,
    "event": "Create Position",
    "time": 1673301720000,
    "volume": 4.81,
    "quantity": 4.81,
    "type": "Buy",
    "entryPrice": 17164.1,
    "tp": null,
    "sl": null,
    "closePrice": null,
    "grossProfit": 0,
    "pips": 0,
    "balance": null,
    "equity": 85022.67
  },
  {
    "serial": 73,
    "orderId": null,
    "positionId": 37,
    "event": "Position Closed",
    "time": 1675980120000,
    "volume": 4.81,
    "quantity": 4.81,
    "type": "Buy",
    "entryPrice": 17164.1,
    "tp": null,
    "sl": null,
    "closePrice": 21850,
    "grossProfit": 20993.24,
    "pips": 46859,
    "balance": 105164.04,
    "equity": 104330.11
  },
  {
    "serial": 74,
    "orderId": null,
    "positionId": 38,
    "event": "Create Position",
    "time": 1676584920000,
    "volume": 1.65,
    "quantity": 1.65,
    "type": "Buy",
    "entryPrice": 24534.1,
    "tp": null,
    "sl": null,
    "closePrice": null,
    "grossProfit": 0,
    "pips": 0,
    "balance": null,
    "equity": 105164.04
  },
  {
    "serial": 75,
    "orderId": null,
    "positionId": 38,
    "event": "Position Closed",
    "time": 1677276120000,
    "volume": 1.65,
    "quantity": 1.65,
    "type": "Buy",
    "entryPrice": 24534.1,
    "tp": null,
    "sl": null,
    "closePrice": 23046,
    "grossProfit": -2286.95,
    "pips": -14881,
    "balance": 102769.43,
    "equity": 102667.93
  },
  {
    "serial": 76,
    "orderId": null,
    "positionId": 39,
    "event": "Create Position",
    "time": 1678741320000,
    "volume": 1.33,
    "quantity": 1.33,
    "type": "Buy",
    "entryPrice": 24244.1,
    "tp": null,
    "sl": null,
    "closePrice": null,
    "grossProfit": 0,
    "pips": 0,
    "balance": null,
    "equity": 102769.43
  },
  {
    "serial": 77,
    "orderId": null,
    "positionId": 39,
    "event": "Position Closed",
    "time": 1682024520000,
    "volume": 1.33,
    "quantity": 1.33,
    "type": "Buy",
    "entryPrice": 24244.1,
    "tp": null,
    "sl": null,
    "closePrice": 28195,
    "grossProfit": 4894.28,
    "pips": 39509,
    "balance": 107296.04,
    "equity": 106933.33
  },
  {
    "serial": 78,
    "orderId": null,
    "positionId": 40,
    "event": "Create Position",
    "time": 1687294920000,
    "volume": 1.47,
    "quantity": 1.47,
    "type": "Buy",
    "entryPrice": 28134.1,
    "tp": null,
    "sl": null,
    "closePrice": null,
    "grossProfit": 0,
    "pips": 0,
    "balance": null,
    "equity": 107296.04
  },
  {
    "serial": 79,
    "orderId": null,
    "positionId": 40,
    "event": "Position Closed",
    "time": 1690232520000,
    "volume": 1.47,
    "quantity": 1.47,
    "type": "Buy",
    "entryPrice": 28134.1,
    "tp": null,
    "sl": null,
    "closePrice": 29134,
    "grossProfit": 1369.04,
    "pips": 9999,
    "balance": 108273.02,
    "equity": 107886.44
  },
  {
    "serial": 80,
    "orderId": null,
    "positionId": 41,
    "event": "Create Position",
    "time": 1696280520000,
    "volume": 2.24,
    "quantity": 2.24,
    "type": "Buy",
    "entryPrice": 27840.1,
    "tp": null,
    "sl": null,
    "closePrice": null,
    "grossProfit": 0,
    "pips": 0,
    "balance": null,
    "equity": 108273.02
  },
  {
    "serial": 81,
    "orderId": null,
    "positionId": 41,
    "event": "Position Closed",
    "time": 1697058120000,
    "volume": 2.24,
    "quantity": 2.24,
    "type": "Buy",
    "entryPrice": 27840.1,
    "tp": null,
    "sl": null,
    "closePrice": 26699,
    "grossProfit": -2380.75,
    "pips": -11411,
    "balance": 105742.09,
    "equity": 105600.27
  },
  {
    "serial": 82,
    "orderId": null,
    "positionId": 42,
    "event": "Create Position",
    "time": 1698094920000,
    "volume": 1.55,
    "quantity": 1.55,
    "type": "Buy",
    "entryPrice": 31603.1,
    "tp": null,
    "sl": null,
    "closePrice": null,
    "grossProfit": 0,
    "pips": 0,
    "balance": null,
    "equity": 105742.09
  },
  {
    "serial": 83,
    "orderId": null,
    "positionId": 42,
    "event": "Position Closed",
    "time": 1705615320000,
    "volume": 1.55,
    "quantity": 1.55,
    "type": "Buy",
    "entryPrice": 31603.1,
    "tp": null,
    "sl": null,
    "closePrice": 41141,
    "grossProfit": 13769.74,
    "pips": 95379,
    "balance": 118129.88,
    "equity": 116753.71
  },
  {
    "serial": 84,
    "orderId": null,
    "positionId": 43,
    "event": "Create Position",
    "time": 1707343320000,
    "volume": 1.2,
    "quantity": 1.2,
    "type": "Buy",
    "entryPrice": 44173.1,
    "tp": null,
    "sl": null,
    "closePrice": null,
    "grossProfit": 0,
    "pips": 0,
    "balance": null,
    "equity": 118129.88
  },
  {
    "serial": 85,
    "orderId": null,
    "positionId": 43,
    "event": "Position Closed",
    "time": 1710882300000,
    "volume": 1.2,
    "quantity": 1.2,
    "type": "Buy",
    "entryPrice": 44173.1,
    "tp": null,
    "sl": null,
    "closePrice": 63866.41,
    "grossProfit": 22011.08,
    "pips": 196933.1,
    "balance": 139394.01,
    "equity": 138651.54
  },
  {
    "serial": 86,
    "orderId": null,
    "positionId": 44,
    "event": "Create Position",
    "time": 1715807100000,
    "volume": 0.67,
    "quantity": 0.67,
    "type": "Buy",
    "entryPrice": 65811.54,
    "tp": null,
    "sl": null,
    "closePrice": null,
    "grossProfit": 0,
    "pips": 0,
    "balance": null,
    "equity": 139394.01
  },
  {
    "serial": 87,
    "orderId": null,
    "positionId": 44,
    "event": "Position Closed",
    "time": 1718139900000,
    "volume": 0.67,
    "quantity": 0.67,
    "type": "Buy",
    "entryPrice": 65811.54,
    "tp": null,
    "sl": null,
    "closePrice": 67260.34,
    "grossProfit": 904.12,
    "pips": 14488,
    "balance": 139978.96,
    "equity": 139662.29
  }
]