[
  {
    "serial": 0,
    "orderId": null,
    "positionId": 1,
    "event": "Create Position",
    "time": 1436562000000,
    "volume": 13.7,
    "quantity": 13.7,
    "type": "Buy",
    "entryPrice": 284.1,
    "tp": null,
    "sl": null,
    "closePrice": null,
    "grossProfit": 0,
    "pips": 0,
    "balance": null,
    "equity": 10000
  },
  {
    "serial": 1,
    "orderId": null,
    "positionId": 1,
    "event": "Position Closed",
    "time": 1438894800000,
    "volume": 13.7,
    "quantity": 13.7,
    "type": "Buy",
    "entryPrice": 284.1,
    "tp": null,
    "sl": null,
    "closePrice": 273.58,
    "grossProfit": -134.24,
    "pips": -105.2,
    "balance": 9788.14,
    "equity": 9761.64
  },
  {
    "serial": 2,
    "orderId": null,
    "positionId": 2,
    "event": "Create Position",
    "time": 1444770000000,
    "volume": 28.93,
    "quantity": 28.93,
    "type": "Buy",
    "entryPrice": 246.06,
    "tp": null,
    "sl": null,
    "closePrice": null,
    "grossProfit": 0,
    "pips": 0,
    "balance": null,
    "equity": 9788.14
  },
  {
    "serial": 3,
    "orderId": null,
    "positionId": 2,
    "event": "Position Closed",
    "time": 1451167200000,
    "volume": 28.93,
    "quantity": 28.93,
    "type": "Buy",
    "entryPrice": 246.06,
    "tp": null,
    "sl": null,
    "closePrice": 412.1,
    "grossProfit": 4474.07,
    "pips": 1660.4,
    "balance": 13958.55,
    "equity": 13762.85
  },
  {
    "serial": 4,
    "orderId": null,
    "positionId": 3,
    "event": "Create Position",
    "time": 1455746400000,
    "volume": 15.73,
    "quantity": 15.73,
    "type": "Buy",
    "entryPrice": 419.23,
    "tp": null,
    "sl": null,
    "closePrice": null,
    "grossProfit": 0,
    "pips": 0,
    "balance": null,
    "equity": 13958.55
  },
  {
    "serial": 5,
    "orderId": null,
    "positionId": 3,
    "event": "Position Closed",
    "time": 1457128800000,
    "volume": 15.73,
    "quantity": 15.73,
    "type": "Buy",
    "entryPrice": 419.23,
    "tp": null,
    "sl": null,
    "closePrice": 411.6,
    "grossProfit": -111.79,
    "pips": -76.3,
    "balance": 13757.53,
    "equity": 13727
  },
  {
    "serial": 6,
    "orderId": null,
    "positionId": 4,
    "event": "Create Position",
    "time": 1460754000000,
    "volume": 29.28,
    "quantity": 29.28,
    "type": "Buy",
    "entryPrice": 426.4,
    "tp": null,
    "sl": null,
    "closePrice": null,
    "grossProfit": 0,
    "pips": 0,
    "balance": null,
    "equity": 13757.53
  },
  {
    "serial": 7,
    "orderId": null,
    "positionId": 4,
    "event": "Position Closed",
    "time": 1463691600000,
    "volume": 29.28,
    "quantity": 29.28,
    "type": "Buy",
    "entryPrice": 426.4,
    "tp": null,
    "sl": null,
    "closePrice": 443.43,
    "grossProfit": 464.44,
    "pips": 170.3,
    "balance": 13999.63,
    "equity": 13886.55
  },
  {
    "serial": 8,
    "orderId": null,
    "positionId": 5,
    "event": "Create Position",
    "time": 1464382800000,
    "volume": 23.42,
    "quantity": 23.42,
    "type": "Buy",
    "entryPrice": 468.1,
    "tp": null,
    "sl": null,
    "closePrice": null,
    "grossProfit": 0,
    "pips": 0,
    "balance": null,
    "equity": 13999.63
  },
  {
    "serial": 9,
    "orderId": null,
    "positionId": 5,
    "event": "Position Closed",
    "time": 1466629200000,
    "volume": 23.42,
    "quantity": 23.42,
    "type": "Buy",
    "entryPrice": 468.1,
    "tp": null,
    "sl": null,
    "closePrice": 590.11,
    "grossProfit": 2661.48,
    "pips": 1220.1,
    "balance": 16480.63,
    "equity": 16387.55
  },
  {
    "serial": 10,
    "orderId": null,
    "positionId": 6,
    "event": "Create Position",
    "time": 1472936400000,
    "volume": 18.48,
    "quantity": 18.48,
    "type": "Buy",
    "entryPrice": 602.08,
    "tp": null,
    "sl": null,
    "closePrice": null,
    "grossProfit": 0,
    "pips": 0,
    "balance": null,
    "equity": 16480.63
  },
  {
    "serial": 11,
    "orderId": null,
    "positionId": 6,
    "event": "Position Closed",
    "time": 1483740000000,
    "volume": 18.48,
    "quantity": 18.48,
    "type": "Buy",
    "entryPrice": 602.08,
    "tp": null,
    "sl": null,
    "closePrice": 855.9,
    "grossProfit": 4368.87,
    "pips": 2538.2,
    "balance": 20354.81,
    "equity": 19929.08
  },
  {
    "serial": 12,
    "orderId": null,
    "positionId": 7,
    "event": "Create Position",
    "time": 1485900000000,
    "volume": 8.08,
    "quantity": 8.08,
    "type": "Buy",
    "entryPrice": 936.1,
    "tp": null,
    "sl": null,
    "closePrice": null,
    "grossProfit": 0,
    "pips": 0,
    "balance": null,
    "equity": 20354.81
  },
  {
    "serial": 13,
    "orderId": null,
    "positionId": 7,
    "event": "Position Closed",
    "time": 1489183200000,
    "volume": 8.08,
    "quantity": 8.08,
    "type": "Buy",
    "entryPrice": 936.1,
    "tp": null,
    "sl": null,
    "closePrice": 1120,
    "grossProfit": 1383.99,
    "pips": 1839,
    "balance": 21618.96,
    "equity": 21529.28
  },
  {
    "serial": 14,
    "orderId": null,
    "positionId": 8,
    "event": "Create Position",
    "time": 1491944400000,
    "volume": 5.55,
    "quantity": 5.55,
    "type": "Buy",
    "entryPrice": 1211.4,
    "tp": null,
    "sl": null,
    "closePrice": null,
    "grossProfit": 0,
    "pips": 0,
    "balance": null,
    "equity": 21618.96
  },
  {
    "serial": 15,
    "orderId": null,
    "positionId": 8,
    "event": "Position Closed",
    "time": 1498510800000,
    "volume": 5.55,
    "quantity": 5.55,
    "type": "Buy",
    "entryPrice": 1211.4,
    "tp": null,
    "sl": null,
    "closePrice": 2356.43,
    "grossProfit": 5919.04,
    "pips": 11450.3,
    "balance": 27309.52,
    "equity": 27101.74
  },
  {
    "serial": 16,
    "orderId": null,
    "positionId": 9,
    "event": "Create Position",
    "time": 1500584400000,
    "volume": 2.29,
    "quantity": 2.29,
    "type": "Buy",
    "entryPrice": 2583.12,
    "tp": null,
    "sl": null,
    "closePrice": null,
    "grossProfit": 0,
    "pips": 0,
    "balance": null,
    "equity": 27309.52
  },
  {
    "serial": 17,
    "orderId": null,
    "positionId": 9,
    "event": "Position Closed",
    "time": 1505336400000,
    "volume": 2.29,
    "quantity": 2.29,
    "type": "Buy",
    "entryPrice": 2583.12,
    "tp": null,
    "sl": null,
    "closePrice": 3892.2,
    "grossProfit": 2792.18,
    "pips": 13090.8,
    "balance": 29974.13,
    "equity": 29855.1
  },
  {
    "serial": 18,
    "orderId": null,
    "positionId": 10,
    "event": "Create Position",
    "time": 1506978000000,
    "volume": 1.19,
    "quantity": 1.19,
    "type": "Buy",
    "entryPrice": 4395.2,
    "tp": null,
    "sl": null,
    "closePrice": null,
    "grossProfit": 0,
    "pips": 0,
    "balance": null,
    "equity": 29974.13
  },
  {
    "serial": 19,
    "orderId": null,
    "positionId": 10,
    "event": "Position Closed",
    "time": 1510524000000,
    "volume": 1.19,
    "quantity": 1.19,
    "type": "Buy",
    "entryPrice": 4395.2,
    "tp": null,
    "sl": null,
    "closePrice": 5864.8,
    "grossProfit": 1628.87,
    "pips": 14696,
    "balance": 31526.06,
    "equity": 31453.56
  },
  {
    "serial": 20,
    "orderId": null,
    "positionId": 11,
    "event": "Create Position",
    "time": 1510869600000,
    "volume": 0.66,
    "quantity": 0.66,
    "type": "Buy",
    "entryPrice": 7896.2,
    "tp": null,
    "sl": null,
    "closePrice": null,
    "grossProfit": 0,
    "pips": 0,
    "balance": null,
    "equity": 31526.06
  },
  {
    "serial": 21,
    "orderId": null,
    "positionId": 11,
    "event": "Position Closed",
    "time": 1513893600000,
    "volume": 0.66,
    "quantity": 0.66,
    "type": "Buy",
    "entryPrice": 7896.2,
    "tp": null,
    "sl": null,
    "closePrice": 15511,
    "grossProfit": 4681.06,
    "pips": 76148,
    "balance": 36130.9,
    "equity": 36057.14
  },
  {
    "serial": 22,
    "orderId": null,
    "positionId": 12,
    "event": "Create Position",
    "time": 1556053200000,
    "volume": 1.64,
    "quantity": 1.64,
    "type": "Buy",
    "entryPrice": 5566.86,
    "tp": null,
    "sl": null,
    "closePrice": null,
    "grossProfit": 0,
    "pips": 0,
    "balance": null,
    "equity": 36130.9
  },
  {
    "serial": 23,
    "orderId": null,
    "positionId": 12,
    "event": "Position Closed",
    "time": 1563310800000,
    "volume": 1.64,
    "quantity": 1.64,
    "type": "Buy",
    "entryPrice": 5566.86,
    "tp": null,
    "sl": null,
    "closePrice": 9587.43,
    "grossProfit": 6141.48,
    "pips": 40205.7,
    "balance": 41963.57,
    "equity": 41660.88
  },
  {
    "serial": 24,
    "orderId": null,
    "positionId": 13,
    "event": "Create Position",
    "time": 1572296400000,
    "volume": 1.11,
    "quantity": 1.11,
    "type": "Buy",
    "entryPrice": 9399.49,
    "tp": null,
    "sl": null,
    "closePrice": null,
    "grossProfit": 0,
    "pips": 0,
    "balance": null,
    "equity": 41963.57
  },
  {
    "serial": 25,
    "orderId": null,
    "positionId": 13,
    "event": "Position Closed",
    "time": 1573423200000,
    "volume": 1.11,
    "quantity": 1.11,
    "type": "Buy",
    "entryPrice": 9399.49,
    "tp": null,
    "sl": null,
    "closePrice": 9031.5,
    "grossProfit": -380.45,
    "pips": -3679.9,
    "balance": 41545.34,
    "equity": 41511.7
  },
  {
    "serial": 26,
    "orderId": null,
    "positionId": 14,
    "event": "Create Position",
    "time": 1579039200000,
    "volume": 1.27,
    "quantity": 1.27,
    "type": "Buy",
    "entryPrice": 8735.84,
    "tp": null,
    "sl": null,
    "closePrice": null,
    "grossProfit": 0,
    "pips": 0,
    "balance": null,
    "equity": 41545.34
  },
  {
    "serial": 27,
    "orderId": null,
    "positionId": 14,
    "event": "Position Closed",
    "time": 1582754400000,
    "volume": 1.27,
    "quantity": 1.27,
    "type": "Buy",
    "entryPrice": 8735.84,
    "tp": null,
    "sl": null,
    "closePrice": 8746.5,
    "grossProfit": 12.61,
    "pips": 106.6,
    "balance": 41422.29,
    "equity": 41291.37
  },
  {
    "serial": 28,
    "orderId": null,
    "positionId": 15,
    "event": "Create Position",
    "time": 1588194000000,
    "volume": 1.11,
    "quantity": 1.11,
    "type": "Buy",
    "entryPrice": 8783.16,
    "tp": null,
    "sl": null,
    "closePrice": null,
    "grossProfit": 0,
    "pips": 0,
    "balance": null,
    "equity": 41422.29
  },
  {
    "serial": 29,
    "orderId": null,
    "positionId": 15,
    "event": "Position Closed",
    "time": 1599166800000,
    "volume": 1.11,
    "quantity": 1.11,
    "type": "Buy",
    "entryPrice": 8783.16,
    "tp": null,
    "sl": null,
    "closePrice": 10775.5,
    "grossProfit": 2059.81,
    "pips": 19923.4,
    "balance": 43118.89,
    "equity": 42759.82
  },
  {
    "serial": 30,
    "orderId": null,
    "positionId": 16,
    "event": "Create Position",
    "time": 1602536400000,
    "volume": 1.57,
    "quantity": 1.57,
    "type": "Buy",
    "entryPrice": 11555.6,
    "tp": null,
    "sl": null,
    "closePrice": null,
    "grossProfit": 0,
    "pips": 0,
    "balance": null,
    "equity": 43118.89
  },
  {
    "serial": 31,
    "orderId": null,
    "positionId": 16,
    "event": "Position Closed",
    "time": 1616706300000,
    "volume": 1.57,
    "quantity": 1.57,
    "type": "Buy",
    "entryPrice": 11555.6,
    "tp": null,
    "sl": null,
    "closePrice": 52189.26,
    "grossProfit": 59419.22,
    "pips": 406336.6,
    "balance": 100475.5,
    "equity": 98418.75
  },
  {
    "serial": 32,
    "orderId": null,
    "positionId": 17,
    "event": "Create Position",
    "time": 1618347900000,
    "volume": 0.41,
    "quantity": 0.41,
    "type": "Buy",
    "entryPrice": 63151.06,
    "tp": null,
    "sl": null,
    "closePrice": null,
    "grossProfit": 0,
    "pips": 0,
    "balance": null,
    "equity": 100475.5
  },
  {
    "serial": 33,
    "orderId": null,
    "positionId": 17,
    "event": "Position Closed",
    "time": 1619125500000,
    "volume": 0.41,
    "quantity": 0.41,
    "type": "Buy",
    "entryPrice": 63151.06,
    "tp": null,
    "sl": null,
    "closePrice": 51151.26,
    "grossProfit": -4582.47,
    "pips": -119998,
    "balance": 95837.75,
    "equity": 95783.99
  },
  {
    "serial": 34,
    "orderId": null,
    "positionId": 18,
    "event": "Create Position",
    "time": 1627333260000,
    "volume": 0.55,
    "quantity": 0.55,
    "type": "Buy",
    "entryPrice": 37526.6,
    "tp": null,
    "sl": null,
    "closePrice": null,
    "grossProfit": 0,
    "pips": 0,
    "balance": null,
    "equity": 95837.75
  },
  {
    "serial": 35,
    "orderId": null,
    "positionId": 18,
    "event": "Position Closed",
    "time": 1632258060000,
    "volume": 0.55,
    "quantity": 0.55,
    "type": "Buy",
    "entryPrice": 37526.6,
    "tp": null,
    "sl": null,
    "closePrice": 40980,
    "grossProfit": 1769.09,
    "pips": 34534,
    "balance": 97238.64,
    "equity": 96872.5
  },
  {
    "serial": 36,
    "orderId": null,
    "positionId": 19,
    "event": "Create Position",
    "time": 1633467660000,
    "volume": 0.45,
    "quantity": 0.45,
    "type": "Buy",
    "entryPrice": 51476.1,
    "tp": null,
    "sl": null,
    "closePrice": null,
    "grossProfit": 0,
    "pips": 0,
    "balance": null,
    "equity": 97238.64
  },
  {
    "serial": 37,
    "orderId": null,
    "positionId": 19,
    "event": "Position Closed",
    "time": 1635368460000,
    "volume": 0.45,
    "quantity": 0.45,
    "type": "Buy",
    "entryPrice": 51476.1,
    "tp": null,
    "sl": null,
    "closePrice": 58993,
    "grossProfit": 3150.6,
    "pips": 75169,
    "balance": 100237.65,
    "equity": 100087.74
  },
  {
    "serial": 38,
    "orderId": null,
    "positionId": 20,
    "event": "Create Position",
    "time": 1636495260000,
    "volume": 0.44,
    "quantity": 0.44,
    "type": "Buy",
    "entryPrice": 67707.1,
    "tp": null,
    "sl": null,
    "closePrice": null,
    "grossProfit": 0,
    "pips": 0,
    "balance": null,
    "equity": 100237.65
  },
  {
    "serial": 39,
    "orderId": null,
    "positionId": 20,
    "event": "Position Closed",
    "time": 1637100060000,
    "volume": 0.44,
    "quantity": 0.44,
    "type": "Buy",
    "entryPrice": 67707.1,
    "tp": null,
    "sl": null,
    "closePrice": 60526,
    "grossProfit": -2942.96,
    "pips": -71811,
    "balance": 97242.9,
    "equity": 97192.75
  },
  {
    "serial": 40,
    "orderId": null,
    "positionId": 21,
    "event": "Create Position",
    "time": 1673647320000,
    "volume": 3.43,
    "quantity": 3.43,
    "type": "Buy",
    "entryPrice": 19828.1,
    "tp": null,
    "sl": null,
    "closePrice": null,
    "grossProfit": 0,
    "pips": 0,
    "balance": null,
    "equity": 97242.9
  },
  {
    "serial": 41,
    "orderId": null,
    "positionId": 21,
    "event": "Position Closed",
    "time": 1675980120000,
    "volume": 3.43,
    "quantity": 3.43,
    "type": "Buy",
    "entryPrice": 19828.1,
    "tp": null,
    "sl": null,
    "closePrice": 21850,
    "grossProfit": 6459.44,
    "pips": 20219,
    "balance": 103193.32,
    "equity": 102697.1
  },
  {
    "serial": 42,
    "orderId": null,
    "positionId": 22,
    "event": "Create Position",
    "time": 1676584920000,
    "volume": 1.62,
    "quantity": 1.62,
    "type": "Buy",
    "entryPrice": 24534.1,
    "tp": null,
    "sl": null,
    "closePrice": null,
    "grossProfit": 0,
    "pips": 0,
    "balance": null,
    "equity": 103193.32
  },
  {
    "serial": 43,
    "orderId": null,
    "positionId": 22,
    "event": "Position Closed",
    "time": 1677880920000,
    "volume": 1.62,
    "quantity": 1.62,
    "type": "Buy",
    "entryPrice": 24534.1,
    "tp": null,
    "sl": null,
    "closePrice": 22227,
    "grossProfit": -3481.15,
    "pips": -23071,
    "balance": 99540.17,
    "equity": 99374.21
  },
  {
    "serial": 44,
    "orderId": null,
    "positionId": 23,
    "event": "Create Position",
    "time": 1679086920000,
    "volume": 1.08,
    "quantity": 1.08,
    "type": "Buy",
    "entryPrice": 26828.1,
    "tp": null,
    "sl": null,
    "closePrice": null,
    "grossProfit": 0,
    "pips": 0,
    "balance": null,
    "equity": 99540.17
  },
  {
    "serial": 45,
    "orderId": null,
    "positionId": 23,
    "event": "Position Closed",
    "time": 1682024520000,
    "volume": 1.08,
    "quantity": 1.08,
    "type": "Buy",
    "entryPrice": 26828.1,
    "tp": null,
    "sl": null,
    "closePrice": 28195,
    "grossProfit": 1375,
    "pips": 13669,
    "balance": 100659.12,
    "equity": 100407.11
  },
  {
    "serial": 46,
    "orderId": null,
    "positionId": 24,
    "event": "Create Position",
    "time": 1687381320000,
    "volume": 1.24,
    "quantity": 1.24,
    "type": "Buy",
    "entryPrice": 29912.1,
    "tp": null,
    "sl": null,
    "closePrice": null,
    "grossProfit": 0,
    "pips": 0,
    "balance": null,
    "equity": 100659.12
  },
  {
    "serial": 47,
    "orderId": null,
    "positionId": 24,
    "event": "Position Closed",
    "time": 1690232520000,
    "volume": 1.24,
    "quantity": 1.24,
    "type": "Buy",
    "entryPrice": 29912.1,
    "tp": null,
    "sl": null,
    "closePrice": 29134,
    "grossProfit": -898.67,
    "pips": -7781,
    "balance": 99439.21,
    "equity": 99122.59
  },
  {
    "serial": 48,
    "orderId": null,
    "positionId": 25,
    "event": "Create Position",
    "time": 1698094920000,
    "volume": 1.46,
    "quantity": 1.46,
    "type": "Buy",
    "entryPrice": 31603.1,
    "tp": null,
    "sl": null,
    "closePrice": null,
    "grossProfit": 0,
    "pips": 0,
    "balance": null,
    "equity": 99439.21
  },
  {
    "serial": 49,
    "orderId": null,
    "positionId": 25,
    "event": "Position Closed",
    "time": 1705615320000,
    "volume": 1.46,
    "quantity": 1.46,
    "type": "Buy",
    "entryPrice": 31603.1,
    "tp": null,
    "sl": null,
    "closePrice": 41141,
    "grossProfit": 12970.21,
    "pips": 95379,
    "balance": 111107.7,
    "equity": 109811.42
  },
  {
    "serial": 50,
    "orderId": null,
    "positionId": 26,
    "event": "Create Position",
    "time": 1707343320000,
    "volume": 1.13,
    "quantity": 1.13,
    "type": "Buy",
    "entryPrice": 44173.1,
    "tp": null,
    "sl": null,
    "closePrice": null,
    "grossProfit": 0,
    "pips": 0,
    "balance": null,
    "equity": 111107.7
  },
  {
    "serial": 51,
    "orderId": null,
    "positionId": 26,
    "event": "Position Closed",
    "time": 1710882300000,
    "volume": 1.13,
    "quantity": 1.13,
    "type": "Buy",
    "entryPrice": 44173.1,
    "tp": null,
    "sl": null,
    "closePrice": 63866.41,
    "grossProfit": 20727.1,
    "pips": 196933.1,
    "balance": 131131.43,
    "equity": 130432.28
  },
  {
    "serial": 52,
    "orderId": null,
    "positionId": 27,
    "event": "Create Position",
    "time": 1716239100000,
    "volume": 0.64,
    "quantity": 0.64,
    "type": "Buy",
    "entryPrice": 69247.41,
    "tp": null,
    "sl": null,
    "closePrice": null,
    "grossProfit": 0,
    "pips": 0,
    "balance": null,
    "equity": 131131.43
  },
  {
    "serial": 53,
    "orderId": null,
    "positionId": 27,
    "event": "Position Closed",
    "time": 1718139900000,
    "volume": 0.64,
    "quantity": 0.64,
    "type": "Buy",
    "entryPrice": 69247.41,
    "tp": null,
    "sl": null,
    "closePrice": 67260.34,
    "grossProfit": -1184.5,
    "pips": -19870.7,
    "balance": 129696.77,
    "equity": 129448.99
  }
]