[
  {
    "serial": 0,
    "orderId": null,
    "positionId": 1,
    "event": "Create Position",
    "time": 1415829600000,
    "volume": 7.17,
    "quantity": 7.17,
    "type": "Buy",
    "entryPrice": 419.2,
    "tp": null,
    "sl": null,
    "closePrice": null,
    "grossProfit": 0,
    "pips": 0,
    "balance": null,
    "equity": 10000
  },
  {
    "serial": 1,
    "orderId": null,
    "positionId": 1,
    "event": "Position Closed",
    "time": 1416520800000,
    "volume": 7.17,
    "quantity": 7.17,
    "type": "Buy",
    "entryPrice": 419.2,
    "tp": null,
    "sl": null,
    "closePrice": 351.8,
    "grossProfit": -450.11,
    "pips": -674,
    "balance": 9517.62,
    "equity": 9512.11
  },
  {
    "serial": 2,
    "orderId": null,
    "positionId": 2,
    "event": "Create Position",
    "time": 1425160800000,
    "volume": 12.66,
    "quantity": 12.66,
    "type": "Buy",
    "entryPrice": 250.1,
    "tp": null,
    "sl": null,
    "closePrice": null,
    "grossProfit": 0,
    "pips": 0,
    "balance": null,
    "equity": 9517.62
  },
  {
    "serial": 3,
    "orderId": null,
    "positionId": 2,
    "event": "Position Closed",
    "time": 1426712400000,
    "volume": 12.66,
    "quantity": 12.66,
    "type": "Buy",
    "entryPrice": 250.1,
    "tp": null,
    "sl": null,
    "closePrice": 250.3,
    "grossProfit": 2.36,
    "pips": 2,
    "balance": 9456.74,
    "equity": 9440.74
  },
  {
    "serial": 4,
    "orderId": null,
    "positionId": 3,
    "event": "Create Position",
    "time": 1431205200000,
    "volume": 14.27,
    "quantity": 14.27,
    "type": "Buy",
    "entryPrice": 238.9,
    "tp": null,
    "sl": null,
    "closePrice": null,
    "grossProfit": 0,
    "pips": 0,
    "balance": null,
    "equity": 9456.74
  },
  {
    "serial": 5,
    "orderId": null,
    "positionId": 3,
    "event": "Position Closed",
    "time": 1431982800000,
    "volume": 14.27,
    "quantity": 14.27,
    "type": "Buy",
    "entryPrice": 238.9,
    "tp": null,
    "sl": null,
    "closePrice": 231.6,
    "grossProfit": -97.03,
    "pips": -73,
    "balance": 9298.73,
    "equity": 9290.99
  },
  {
    "serial": 6,
    "orderId": null,
    "positionId": 4,
    "event": "Create Position",
    "time": 1434488400000,
    "volume": 24.37,
    "quantity": 24.37,
    "type": "Buy",
    "entryPrice": 246.12,
    "tp": null,
    "sl": null,
    "closePrice": null,
    "grossProfit": 0,
    "pips": 0,
    "balance": null,
    "equity": 9298.73
  },
  {
    "serial": 7,
    "orderId": null,
    "positionId": 4,
    "event": "Position Closed",
    "time": 1437253200000,
    "volume": 24.37,
    "quantity": 24.37,
    "type": "Buy",
    "entryPrice": 246.12,
    "tp": null,
    "sl": null,
    "closePrice": 265.1,
    "grossProfit": 430.82,
    "pips": 189.8,
    "balance": 9585.19,
    "equity": 9531.77
  },
  {
    "serial": 8,
    "orderId": null,
    "positionId": 5,
    "event": "Create Position",
    "time": 1444078800000,
    "volume": 26.84,
    "quantity": 26.84,
    "type": "Buy",
    "entryPrice": 238.37,
    "tp": null,
    "sl": null,
    "closePrice": null,
    "grossProfit": 0,
    "pips": 0,
    "balance": null,
    "equity": 9585.19
  },
  {
    "serial": 9,
    "orderId": null,
    "positionId": 5,
    "event": "Position Closed",
    "time": 1447192800000,
    "volume": 26.84,
    "quantity": 26.84,
    "type": "Buy",
    "entryPrice": 238.37,
    "tp": null,
    "sl": null,
    "closePrice": 334.23,
    "grossProfit": 2396.41,
    "pips": 958.6,
    "balance": 11809.66,
    "equity": 11737.88
  },
  {
    "serial": 10,
    "orderId": null,
    "positionId": 6,
    "event": "Create Position",
    "time": 1449439200000,
    "volume": 10.21,
    "quantity": 10.21,
    "type": "Buy",
    "entryPrice": 388.1,
    "tp": null,
    "sl": null,
    "closePrice": null,
    "grossProfit": 0,
    "pips": 0,
    "balance": null,
    "equity": 11809.66
  },
  {
    "serial": 11,
    "orderId": null,
    "positionId": 6,
    "event": "Position Closed",
    "time": 1451167200000,
    "volume": 10.21,
    "quantity": 10.21,
    "type": "Buy",
    "entryPrice": 388.1,
    "tp": null,
    "sl": null,
    "closePrice": 412.1,
    "grossProfit": 228.23,
    "pips": 240,
    "balance": 11975.83,
    "equity": 11951.87
  },
  {
    "serial": 12,
    "orderId": null,
    "positionId": 7,
    "event": "Create Position",
    "time": 1455746400000,
    "volume": 13.5,
    "quantity": 13.5,
    "type": "Buy",
    "entryPrice": 419.23,
    "tp": null,
    "sl": null,
    "closePrice": null,
    "grossProfit": 0,
    "pips": 0,
    "balance": null,
    "equity": 11975.83
  },
  {
    "serial": 13,
    "orderId": null,
    "positionId": 7,
    "event": "Position Closed",
    "time": 1457128800000,
    "volume": 13.5,
    "quantity": 13.5,
    "type": "Buy",
    "entryPrice": 419.23,
    "tp": null,
    "sl": null,
    "closePrice": 411.6,
    "grossProfit": -95.94,
    "pips": -76.3,
    "balance": 11803.33,
    "equity": 11777.15
  },
  {
    "serial": 14,
    "orderId": null,
    "positionId": 8,
    "event": "Create Position",
    "time": 1460754000000,
    "volume": 25.12,
    "quantity": 25.12,
    "type": "Buy",
    "entryPrice": 426.4,
    "tp": null,
    "sl": null,
    "closePrice": null,
    "grossProfit": 0,
    "pips": 0,
    "balance": null,
    "equity": 11803.33
  },
  {
    "serial": 15,
    "orderId": null,
    "positionId": 8,
    "event": "Position Closed",
    "time": 1463691600000,
    "volume": 25.12,
    "quantity": 25.12,
    "type": "Buy",
    "entryPrice": 426.4,
    "tp": null,
    "sl": null,
    "closePrice": 443.43,
    "grossProfit": 398.45,
    "pips": 170.3,
    "balance": 12011.03,
    "equity": 11914.02
  },
  {
    "serial": 16,
    "orderId": null,
    "positionId": 9,
    "event": "Create Position",
    "time": 1464382800000,
    "volume": 20.09,
    "quantity": 20.09,
    "type": "Buy",
    "entryPrice": 468.1,
    "tp": null,
    "sl": null,
    "closePrice": null,
    "grossProfit": 0,
    "pips": 0,
    "balance": null,
    "equity": 12011.03
  },
  {
    "serial": 17,
    "orderId": null,
    "positionId": 9,
    "event": "Position Closed",
    "time": 1466542800000,
    "volume": 20.09,
    "quantity": 20.09,
    "type": "Buy",
    "entryPrice": 468.1,
    "tp": null,
    "sl": null,
    "closePrice": 628.1,
    "grossProfit": 2993.93,
    "pips": 1600,
    "balance": 14853.17,
    "equity": 14776.34
  },
  {
    "serial": 18,
    "orderId": null,
    "positionId": 10,
    "event": "Create Position",
    "time": 1472936400000,
    "volume": 16.65,
    "quantity": 16.65,
    "type": "Buy",
    "entryPrice": 602.08,
    "tp": null,
    "sl": null,
    "closePrice": null,
    "grossProfit": 0,
    "pips": 0,
    "balance": null,
    "equity": 14853.17
  },
  {
    "serial": 19,
    "orderId": null,
    "positionId": 10,
    "event": "Position Closed",
    "time": 1476910800000,
    "volume": 16.65,
    "quantity": 16.65,
    "type": "Buy",
    "entryPrice": 602.08,
    "tp": null,
    "sl": null,
    "closePrice": 627.98,
    "grossProfit": 401.66,
    "pips": 259,
    "balance": 15072.88,
    "equity": 14953.05
  },
  {
    "serial": 20,
    "orderId": null,
    "positionId": 11,
    "event": "Create Position",
    "time": 1477170000000,
    "volume": 21.08,
    "quantity": 21.08,
    "type": "Buy",
    "entryPrice": 650.1,
    "tp": null,
    "sl": null,
    "closePrice": null,
    "grossProfit": 0,
    "pips": 0,
    "balance": null,
    "equity": 15072.88
  },
  {
    "serial": 21,
    "orderId": null,
    "positionId": 11,
    "event": "Position Closed",
    "time": 1483740000000,
    "volume": 21.08,
    "quantity": 21.08,
    "type": "Buy",
    "entryPrice": 650.1,
    "tp": null,
    "sl": null,
    "closePrice": 855.9,
    "grossProfit": 4040.71,
    "pips": 2058,
    "balance": 18711.17,
    "equity": 18387.41
  },
  {
    "serial": 22,
    "orderId": null,
    "positionId": 12,
    "event": "Create Position",
    "time": 1485900000000,
    "volume": 7.43,
    "quantity": 7.43,
    "type": "Buy",
    "entryPrice": 936.1,
    "tp": null,
    "sl": null,
    "closePrice": null,
    "grossProfit": 0,
    "pips": 0,
    "balance": null,
    "equity": 18711.17
  },
  {
    "serial": 23,
    "orderId": null,
    "positionId": 12,
    "event": "Position Closed",
    "time": 1486677600000,
    "volume": 7.43,
    "quantity": 7.43,
    "type": "Buy",
    "entryPrice": 936.1,
    "tp": null,
    "sl": null,
    "closePrice": 940.5,
    "grossProfit": 30.45,
    "pips": 44,
    "balance": 18696.95,
    "equity": 18680
  },
  {
    "serial": 24,
    "orderId": null,
    "positionId": 13,
    "event": "Create Position",
    "time": 1487714400000,
    "volume": 6.88,
    "quantity": 6.88,
    "type": "Buy",
    "entryPrice": 1079.76,
    "tp": null,
    "sl": null,
    "closePrice": null,
    "grossProfit": 0,
    "pips": 0,
    "balance": null,
    "equity": 18696.95
  },
  {
    "serial": 25,
    "orderId": null,
    "positionId": 13,
    "event": "Position Closed",
    "time": 1489010400000,
    "volume": 6.88,
    "quantity": 6.88,
    "type": "Buy",
    "entryPrice": 1079.76,
    "tp": null,
    "sl": null,
    "closePrice": 1141.6,
    "grossProfit": 396.28,
    "pips": 618.4,
    "balance": 19036.28,
    "equity": 19005.01
  },
  {
    "serial": 26,
    "orderId": null,
    "positionId": 14,
    "event": "Create Position",
    "time": 1491771600000,
    "volume": 4.26,
    "quantity": 4.26,
    "type": "Buy",
    "entryPrice": 1197.2,
    "tp": null,
    "sl": null,
    "closePrice": null,
    "grossProfit": 0,
    "pips": 0,
    "balance": null,
    "equity": 19036.28
  },
  {
    "serial": 27,
    "orderId": null,
    "positionId": 14,
    "event": "Position Closed",
    "time": 1495918800000,
    "volume": 4.26,
    "quantity": 4.26,
    "type": "Buy",
    "entryPrice": 1197.2,
    "tp": null,
    "sl": null,
    "closePrice": 1930,
    "grossProfit": 2907.61,
    "pips": 7328,
    "balance": 21845.94,
    "equity": 21763.89
  },
  {
    "serial": 28,
    "orderId": null,
    "positionId": 15,
    "event": "Create Position",
    "time": 1496782800000,
    "volume": 1.18,
    "quantity": 1.18,
    "type": "Buy",
    "entryPrice": 2772.1,
    "tp": null,
    "sl": null,
    "closePrice": null,
    "grossProfit": 0,
    "pips": 0,
    "balance": null,
    "equity": 21845.94
  },
  {
    "serial": 29,
    "orderId": null,
    "positionId": 15,
    "event": "Position Closed",
    "time": 1498510800000,
    "volume": 1.18,
    "quantity": 1.18,
    "type": "Buy",
    "entryPrice": 2772.1,
    "tp": null,
    "sl": null,
    "closePrice": 2356.43,
    "grossProfit": -456.85,
    "pips": -4156.7,
    "balance": 21369,
    "equity": 21353.31
  },
  {
    "serial": 30,
    "orderId": null,
    "positionId": 16,
    "event": "Create Position",
    "time": 1500584400000,
    "volume": 1.79,
    "quantity": 1.79,
    "type": "Buy",
    "entryPrice": 2583.12,
    "tp": null,
    "sl": null,
    "closePrice": null,
    "grossProfit": 0,
    "pips": 0,
    "balance": null,
    "equity": 21369
  },
  {
    "serial": 31,
    "orderId": null,
    "positionId": 16,
    "event": "Position Closed",
    "time": 1504558800000,
    "volume": 1.79,
    "quantity": 1.79,
    "type": "Buy",
    "entryPrice": 2583.12,
    "tp": null,
    "sl": null,
    "closePrice": 4250.1,
    "grossProfit": 2779.23,
    "pips": 16669.8,
    "balance": 24066.03,
    "equity": 23990.51
  },
  {
    "serial": 32,
    "orderId": null,
    "positionId": 17,
    "event": "Create Position",
    "time": 1506978000000,
    "volume": 0.95,
    "quantity": 0.95,
    "type": "Buy",
    "entryPrice": 4395.2,
    "tp": null,
    "sl": null,
    "closePrice": null,
    "grossProfit": 0,
    "pips": 0,
    "balance": null,
    "equity": 24066.03
  },
  {
    "serial": 33,
    "orderId": null,
    "positionId": 17,
    "event": "Position Closed",
    "time": 1510351200000,
    "volume": 0.95,
    "quantity": 0.95,
    "type": "Buy",
    "entryPrice": 4395.2,
    "tp": null,
    "sl": null,
    "closePrice": 6549,
    "grossProfit": 1905.77,
    "pips": 21538,
    "balance": 25910.39,
    "equity": 25852.52
  },
  {
    "serial": 34,
    "orderId": null,
    "positionId": 18,
    "event": "Create Position",
    "time": 1510869600000,
    "volume": 0.54,
    "quantity": 0.54,
    "type": "Buy",
    "entryPrice": 7896.2,
    "tp": null,
    "sl": null,
    "closePrice": null,
    "grossProfit": 0,
    "pips": 0,
    "balance": null,
    "equity": 25910.39
  },
  {
    "serial": 35,
    "orderId": null,
    "positionId": 18,
    "event": "Position Closed",
    "time": 1513893600000,
    "volume": 0.54,
    "quantity": 0.54,
    "type": "Buy",
    "entryPrice": 7896.2,
    "tp": null,
    "sl": null,
    "closePrice": 15511,
    "grossProfit": 3829.95,
    "pips": 76148,
    "balance": 29677.95,
    "equity": 29617.58
  },
  {
    "serial": 36,
    "orderId": null,
    "positionId": 19,
    "event": "Create Position",
    "time": 1524603600000,
    "volume": 0.73,
    "quantity": 0.73,
    "type": "Buy",
    "entryPrice": 9417.5,
    "tp": null,
    "sl": null,
    "closePrice": null,
    "grossProfit": 0,
    "pips": 0,
    "balance": null,
    "equity": 29677.95
  },
  {
    "serial": 37,
    "orderId": null,
    "positionId": 19,
    "event": "Position Closed",
    "time": 1526245200000,
    "volume": 0.73,
    "quantity": 0.73,
    "type": "Buy",
    "entryPrice": 9417.5,
    "tp": null,
    "sl": null,
    "closePrice": 8692.8,
    "grossProfit": -492.75,
    "pips": -7247,
    "balance": 29149.97,
    "equity": 29117.46
  },
  {
    "serial": 38,
    "orderId": null,
    "positionId": 20,
    "event": "Create Position",
    "time": 1531861200000,
    "volume": 1.12,
    "quantity": 1.12,
    "type": "Buy",
    "entryPrice": 7309.97,
    "tp": null,
    "sl": null,
    "closePrice": null,
    "grossProfit": 0,
    "pips": 0,
    "balance": null,
    "equity": 29149.97
  },
  {
    "serial": 39,
    "orderId": null,
    "positionId": 20,
    "event": "Position Closed",
    "time": 1533157200000,
    "volume": 1.12,
    "quantity": 1.12,
    "type": "Buy",
    "entryPrice": 7309.97,
    "tp": null,
    "sl": null,
    "closePrice": 7495.3,
    "grossProfit": 193.33,
    "pips": 1853.3,
    "balance": 29305.59,
    "equity": 29272.06
  },
  {
    "serial": 40,
    "orderId": null,
    "positionId": 21,
    "event": "Create Position",
    "time": 1550527200000,
    "volume": 3.16,
    "quantity": 3.16,
    "type": "Buy",
    "entryPrice": 3952.54,
    "tp": null,
    "sl": null,
    "closePrice": null,
    "grossProfit": 0,
    "pips": 0,
    "balance": null,
    "equity": 29305.59
  },
  {
    "serial": 41,
    "orderId": null,
    "positionId": 21,
    "event": "Position Closed",
    "time": 1556485200000,
    "volume": 3.16,
    "quantity": 3.16,
    "type": "Buy",
    "entryPrice": 3952.54,
    "tp": null,
    "sl": null,
    "closePrice": 5106.76,
    "grossProfit": 3397.17,
    "pips": 11542.2,
    "balance": 32444.77,
    "equity": 32198.58
  },
  {
    "serial": 42,
    "orderId": null,
    "positionId": 22,
    "event": "Create Position",
    "time": 1557090000000,
    "volume": 1.71,
    "quantity": 1.71,
    "type": "Buy",
    "entryPrice": 5769.86,
    "tp": null,
    "sl": null,
    "closePrice": null,
    "grossProfit": 0,
    "pips": 0,
    "balance": null,
    "equity": 32444.77
  },
  {
    "serial": 43,
    "orderId": null,
    "positionId": 22,
    "event": "Position Closed",
    "time": 1559682000000,
    "volume": 1.71,
    "quantity": 1.71,
    "type": "Buy",
    "entryPrice": 5769.86,
    "tp": null,
    "sl": null,
    "closePrice": 7591.48,
    "grossProfit": 2901.32,
    "pips": 18216.2,
    "balance": 35237.43,
    "equity": 35135.15
  },
  {
    "serial": 44,
    "orderId": null,
    "positionId": 23,
    "event": "Create Position",
    "time": 1560805200000,
    "volume": 0.85,
    "quantity": 0.85,
    "type": "Buy",
    "entryPrice": 9243.84,
    "tp": null,
    "sl": null,
    "closePrice": null,
    "grossProfit": 0,
    "pips": 0,
    "balance": null,
    "equity": 35237.43
  },
  {
    "serial": 45,
    "orderId": null,
    "positionId": 23,
    "event": "Position Closed",
    "time": 1563310800000,
    "volume": 0.85,
    "quantity": 0.85,
    "type": "Buy",
    "entryPrice": 9243.84,
    "tp": null,
    "sl": null,
    "closePrice": 9587.43,
    "grossProfit": 272.02,
    "pips": 3435.9,
    "balance": 35437.4,
    "equity": 35368.53
  },
  {
    "serial": 46,
    "orderId": null,
    "positionId": 24,
    "event": "Create Position",
    "time": 1572296400000,
    "volume": 0.93,
    "quantity": 0.93,
    "type": "Buy",
    "entryPrice": 9399.49,
    "tp": null,
    "sl": null,
    "closePrice": null,
    "grossProfit": 0,
    "pips": 0,
    "balance": null,
    "equity": 35437.4
  },
  {
    "serial": 47,
    "orderId": null,
    "positionId": 24,
    "event": "Position Closed",
    "time": 1573423200000,
    "volume": 0.93,
    "quantity": 0.93,
    "type": "Buy",
    "entryPrice": 9399.49,
    "tp": null,
    "sl": null,
    "closePrice": 9031.5,
    "grossProfit": -318.76,
    "pips": -3679.9,
    "balance": 35086.96,
    "equity": 35058.76
  },
  {
    "serial": 48,
    "orderId": null,
    "positionId": 25,
    "event": "Create Position",
    "time": 1578434400000,
    "volume": 1.27,
    "quantity": 1.27,
    "type": "Buy",
    "entryPrice": 8057.24,
    "tp": null,
    "sl": null,
    "closePrice": null,
    "grossProfit": 0,
    "pips": 0,
    "balance": null,
    "equity": 35086.96
  },
  {
    "serial": 49,
    "orderId": null,
    "positionId": 25,
    "event": "Position Closed",
    "time": 1579816800000,
    "volume": 1.27,
    "quantity": 1.27,
    "type": "Buy",
    "entryPrice": 8057.24,
    "tp": null,
    "sl": null,
    "closePrice": 8386,
    "grossProfit": 388.89,
    "pips": 3287.6,
    "balance": 35427.25,
    "equity": 35383.39
  },
  {
    "serial": 50,
    "orderId": null,
    "positionId": 26,
    "event": "Create Position",
    "time": 1580248800000,
    "volume": 1.1,
    "quantity": 1.1,
    "type": "Buy",
    "entryPrice": 9013.66,
    "tp": null,
    "sl": null,
    "closePrice": null,
    "grossProfit": 0,
    "pips": 0,
    "balance": null,
    "equity": 35427.25
  },
  {
    "serial": 51,
    "orderId": null,
    "positionId": 26,
    "event": "Position Closed",
    "time": 1582754400000,
    "volume": 1.1,
    "quantity": 1.1,
    "type": "Buy",
    "entryPrice": 9013.66,
    "tp": null,
    "sl": null,
    "closePrice": 8746.5,
    "grossProfit": -273.72,
    "pips": -2671.6,
    "balance": 35070.26,
    "equity": 34991.09
  },
  {
    "serial": 52,
    "orderId": null,
    "positionId": 27,
    "event": "Create Position",
    "time": 1587675600000,
    "volume": 0.94,
    "quantity": 0.94,
    "type": "Buy",
    "entryPrice": 7547.06,
    "tp": null,
    "sl": null,
    "closePrice": null,
    "grossProfit": 0,
    "pips": 0,
    "balance": null,
    "equity": 35070.26
  },
  {
    "serial": 53,
    "orderId": null,
    "positionId": 27,
    "event": "Position Closed",
    "time": 1591909200000,
    "volume": 0.94,
    "quantity": 0.94,
    "type": "Buy",
    "entryPrice": 7547.06,
    "tp": null,
    "sl": null,
    "closePrice": 9315.31,
    "grossProfit": 1548.15,
    "pips": 17682.5,
    "balance": 36507.83,
    "equity": 36400.75
  },
  {
    "serial": 54,
    "orderId": null,
    "positionId": 28,
    "event": "Create Position",
    "time": 1595883600000,
    "volume": 1.7,
    "quantity": 1.7,
    "type": "Buy",
    "entryPrice": 10882.15,
    "tp": null,
    "sl": null,
    "closePrice": null,
    "grossProfit": 0,
    "pips": 0,
    "balance": null,
    "equity": 36507.83
  },
  {
    "serial": 55,
    "orderId": null,
    "positionId": 28,
    "event": "Position Closed",
    "time": 1598389200000,
    "volume": 1.7,
    "quantity": 1.7,
    "type": "Buy",
    "entryPrice": 10882.15,
    "tp": null,
    "sl": null,
    "closePrice": 11253.04,
    "grossProfit": 587.27,
    "pips": 3708.9,
    "balance": 36943.35,
    "equity": 36797.94
  },
  {
    "serial": 56,
    "orderId": null,
    "positionId": 29,
    "event": "Create Position",
    "time": 1602536400000,
    "volume": 1.34,
    "quantity": 1.34,
    "type": "Buy",
    "entryPrice": 11555.6,
    "tp": null,
    "sl": null,
    "closePrice": null,
    "grossProfit": 0,
    "pips": 0,
    "balance": null,
    "equity": 36943.35
  },
  {
    "serial": 57,
    "orderId": null,
    "positionId": 29,
    "event": "Position Closed",
    "time": 1606428060000,
    "volume": 1.34,
    "quantity": 1.34,
    "type": "Buy",
    "entryPrice": 11555.6,
    "tp": null,
    "sl": null,
    "closePrice": 17065.5,
    "grossProfit": 6876.85,
    "pips": 55099,
    "balance": 43587.48,
    "equity": 43359.76
  },
  {
    "serial": 58,
    "orderId": null,
    "positionId": 30,
    "event": "Create Position",
    "time": 1608156060000,
    "volume": 0.45,
    "quantity": 0.45,
    "type": "Buy",
    "entryPrice": 21243.6,
    "tp": null,
    "sl": null,
    "closePrice": null,
    "grossProfit": 0,
    "pips": 0,
    "balance": null,
    "equity": 43587.48
  },
  {
    "serial": 59,
    "orderId": null,
    "positionId": 30,
    "event": "Position Closed",
    "time": 1611266460000,
    "volume": 0.45,
    "quantity": 0.45,
    "type": "Buy",
    "entryPrice": 21243.6,
    "tp": null,
    "sl": null,
    "closePrice": 31111.5,
    "grossProfit": 4135.98,
    "pips": 98679,
    "balance": 47592.95,
    "equity": 47464.12
  },
  {
    "serial": 60,
    "orderId": null,
    "positionId": 31,
    "event": "Create Position",
    "time": 1612821900000,
    "volume": 0.16,
    "quantity": 0.16,
    "type": "Buy",
    "entryPrice": 44842.39,
    "tp": null,
    "sl": null,
    "closePrice": null,
    "grossProfit": 0,
    "pips": 0,
    "balance": null,
    "equity": 47592.95
  },
  {
    "serial": 61,
    "orderId": null,
    "positionId": 31,
    "event": "Position Closed",
    "time": 1616706300000,
    "volume": 0.16,
    "quantity": 0.16,
    "type": "Buy",
    "entryPrice": 44842.39,
    "tp": null,
    "sl": null,
    "closePrice": 52189.26,
    "grossProfit": 1094.87,
    "pips": 73468.7,
    "balance": 48591.78,
    "equity": 48496.34
  },
  {
    "serial": 62,
    "orderId": null,
    "positionId": 32,
    "event": "Create Position",
    "time": 1618347900000,
    "volume": 0.2,
    "quantity": 0.2,
    "type": "Buy",
    "entryPrice": 63151.06,
    "tp": null,
    "sl": null,
    "closePrice": null,
    "grossProfit": 0,
    "pips": 0,
    "balance": null,
    "equity": 48591.78
  },
  {
    "serial": 63,
    "orderId": null,
    "positionId": 32,
    "event": "Position Closed",
    "time": 1618866300000,
    "volume": 0.2,
    "quantity": 0.2,
    "type": "Buy",
    "entryPrice": 63151.06,
    "tp": null,
    "sl": null,
    "closePrice": 56282.18,
    "grossProfit": -1279.55,
    "pips": -68688.8,
    "balance": 47293.59,
    "equity": 47275.69
  },
  {
    "serial": 64,
    "orderId": null,
    "positionId": 33,
    "event": "Create Position",
    "time": 1627333260000,
    "volume": 0.27,
    "quantity": 0.27,
    "type": "Buy",
    "entryPrice": 37526.6,
    "tp": null,
    "sl": null,
    "closePrice": null,
    "grossProfit": 0,
    "pips": 0,
    "balance": null,
    "equity": 47293.59
  },
  {
    "serial": 65,
    "orderId": null,
    "positionId": 33,
    "event": "Position Closed",
    "time": 1632171660000,
    "volume": 0.27,
    "quantity": 0.27,
    "type": "Buy",
    "entryPrice": 37526.6,
    "tp": null,
    "sl": null,
    "closePrice": 43708,
    "grossProfit": 1554.5,
    "pips": 61814,
    "balance": 48670.18,
    "equity": 48493.27
  },
  {
    "serial": 66,
    "orderId": null,
    "positionId": 34,
    "event": "Create Position",
    "time": 1633467660000,
    "volume": 0.22,
    "quantity": 0.22,
    "type": "Buy",
    "entryPrice": 51476.1,
    "tp": null,
    "sl": null,
    "closePrice": null,
    "grossProfit": 0,
    "pips": 0,
    "balance": null,
    "equity": 48670.18
  },
  {
    "serial": 67,
    "orderId": null,
    "positionId": 34,
    "event": "Position Closed",
    "time": 1635368460000,
    "volume": 0.22,
    "quantity": 0.22,
    "type": "Buy",
    "entryPrice": 51476.1,
    "tp": null,
    "sl": null,
    "closePrice": 58993,
    "grossProfit": 1540.29,
    "pips": 75169,
    "balance": 50136.37,
    "equity": 50063.09
  },
  {
    "serial": 68,
    "orderId": null,
    "positionId": 35,
    "event": "Create Position",
    "time": 1636495260000,
    "volume": 0.22,
    "quantity": 0.22,
    "type": "Buy",
    "entryPrice": 67707.1,
    "tp": null,
    "sl": null,
    "closePrice": null,
    "grossProfit": 0,
    "pips": 0,
    "balance": null,
    "equity": 50136.37
  },
  {
    "serial": 69,
    "orderId": null,
    "positionId": 35,
    "event": "Position Closed",
    "time": 1637100060000,
    "volume": 0.22,
    "quantity": 0.22,
    "type": "Buy",
    "entryPrice": 67707.1,
    "tp": null,
    "sl": null,
    "closePrice": 60526,
    "grossProfit": -1471.48,
    "pips": -71811,
    "balance": 48638.99,
    "equity": 48613.91
  },
  {
    "serial": 70,
    "orderId": null,
    "positionId": 36,
    "event": "Create Position",
    "time": 1644271320000,
    "volume": 0.26,
    "quantity": 0.26,
    "type": "Buy",
    "entryPrice": 44082.1,
    "tp": null,
    "sl": null,
    "closePrice": null,
    "grossProfit": 0,
    "pips": 0,
    "balance": null,
    "equity": 48638.99
  },
  {
    "serial": 71,
    "orderId": null,
    "positionId": 36,
    "event": "Position Closed",
    "time": 1645135320000,
    "volume": 0.26,
    "quantity": 0.26,
    "type": "Buy",
    "entryPrice": 44082.1,
    "tp": null,
    "sl": null,
    "closePrice": 40724,
    "grossProfit": -813.22,
    "pips": -33581,
    "balance": 47796.16,
    "equity": 47767.53
  },
  {
    "serial": 72,
    "orderId": null,
    "positionId": 37,
    "event": "Create Position",
    "time": 1648242120000,
    "volume": 0.32,
    "quantity": 0.32,
    "type": "Buy",
    "entryPrice": 44539.1,
    "tp": null,
    "sl": null,
    "closePrice": null,
    "grossProfit": 0,
    "pips": 0,
    "balance": null,
    "equity": 47796.16
  },
  {
    "serial": 73,
    "orderId": null,
    "positionId": 37,
    "event": "Position Closed",
    "time": 1649278920000,
    "volume": 0.32,
    "quantity": 0.32,
    "type": "Buy",
    "entryPrice": 44539.1,
    "tp": null,
    "sl": null,
    "closePrice": 43856,
    "grossProfit": -203.6,
    "pips": -6831,
    "balance": 47553.55,
    "equity": 47515.74
  },
  {
    "serial": 74,
    "orderId": null,
    "positionId": 38,
    "event": "Create Position",
    "time": 1658264520000,
    "volume": 0.47,
    "quantity": 0.47,
    "type": "Buy",
    "entryPrice": 23308.1,
    "tp": null,
    "sl": null,
    "closePrice": null,
    "grossProfit": 0,
    "pips": 0,
    "balance": null,
    "equity": 47553.55
  },
  {
    "serial": 75,
    "orderId": null,
    "positionId": 38,
    "event": "Position Closed",
    "time": 1658869320000,
    "volume": 0.47,
    "quantity": 0.47,
    "type": "Buy",
    "entryPrice": 23308.1,
    "tp": null,
    "sl": null,
    "closePrice": 20990,
    "grossProfit": -1014.78,
    "pips": -23181,
    "balance": 46518.14,
    "equity": 46499.27
  },
  {
    "serial": 76,
    "orderId": null,
    "positionId": 39,
    "event": "Create Position",
    "time": 1663016520000,
    "volume": 0.71,
    "quantity": 0.71,
    "type": "Buy",
    "entryPrice": 22384.1,
    "tp": null,
    "sl": null,
    "closePrice": null,
    "grossProfit": 0,
    "pips": 0,
    "balance": null,
    "equity": 46518.14
  },
  {
    "serial": 77,
    "orderId": null,
    "positionId": 39,
    "event": "Position Closed",
    "time": 1665435720000,
    "volume": 0.71,
    "quantity": 0.71,
    "type": "Buy",
    "entryPrice": 22384.1,
    "tp": null,
    "sl": null,
    "closePrice": 19248,
    "grossProfit": -2073.91,
    "pips": -31361,
    "balance": 44342.72,
    "equity": 44243.85
  },
  {
    "serial": 78,
    "orderId": null,
    "positionId": 40,
    "event": "Create Position",
    "time": 1666818120000,
    "volume": 1.01,
    "quantity": 1.01,
    "type": "Buy",
    "entryPrice": 20739.1,
    "tp": null,
    "sl": null,
    "closePrice": null,
    "grossProfit": 0,
    "pips": 0,
    "balance": null,
    "equity": 44342.72
  },
  {
    "serial": 79,
    "orderId": null,
    "positionId": 40,
    "event": "Position Closed",
    "time": 1667944800000,
    "volume": 1.01,
    "quantity": 1.01,
    "type": "Buy",
    "entryPrice": 20739.1,
    "tp": null,
    "sl": null,
    "closePrice": 18686,
    "grossProfit": -1931.4,
    "pips": -20531,
    "balance": 42339.05,
    "equity": 42270.54
  },
  {
    "serial": 80,
    "orderId": null,
    "positionId": 41,
    "event": "Create Position",
    "time": 1670968920000,
    "volume": 1.36,
    "quantity": 1.36,
    "type": "Buy",
    "entryPrice": 17730.1,
    "tp": null,
    "sl": null,
    "closePrice": null,
    "grossProfit": 0,
    "pips": 0,
    "balance": null,
    "equity": 42339.05
  },
  {
    "serial": 81,
    "orderId": null,
    "positionId": 41,
    "event": "Position Closed",
    "time": 1671228120000,
    "volume": 1.36,
    "quantity": 1.36,
    "type": "Buy",
    "entryPrice": 17730.1,
    "tp": null,
    "sl": null,
    "closePrice": 16830,
    "grossProfit": -1140.17,
    "pips": -9001,
    "balance": 41164.05,
    "equity": 41134.3
  },
  {
    "serial": 82,
    "orderId": null,
    "positionId": 42,
    "event": "Create Position",
    "time": 1673301720000,
    "volume": 2.33,
    "quantity": 2.33,
    "type": "Buy",
    "entryPrice": 17164.1,
    "tp": null,
    "sl": null,
    "closePrice": null,
    "grossProfit": 0,
    "pips": 0,
    "balance": null,
    "equity": 41164.05
  },
  {
    "serial": 83,
    "orderId": null,
    "positionId": 42,
    "event": "Position Closed",
    "time": 1675980120000,
    "volume": 2.33,
    "quantity": 2.33,
    "type": "Buy",
    "entryPrice": 17164.1,
    "tp": null,
    "sl": null,
    "closePrice": 21850,
    "grossProfit": 10169.28,
    "pips": 46859,
    "balance": 50920.67,
    "equity": 50516.71
  },
  {
    "serial": 84,
    "orderId": null,
    "positionId": 43,
    "event": "Create Position",
    "time": 1676584920000,
    "volume": 0.8,
    "quantity": 0.8,
    "type": "Buy",
    "entryPrice": 24534.1,
    "tp": null,
    "sl": null,
    "closePrice": null,
    "grossProfit": 0,
    "pips": 0,
    "balance": null,
    "equity": 50920.67
  },
  {
    "serial": 85,
    "orderId": null,
    "positionId": 43,
    "event": "Position Closed",
    "time": 1677276120000,
    "volume": 0.8,
    "quantity": 0.8,
    "type": "Buy",
    "entryPrice": 24534.1,
    "tp": null,
    "sl": null,
    "closePrice": 23046,
    "grossProfit": -1108.83,
    "pips": -14881,
    "balance": 49759.65,
    "equity": 49710.44
  },
  {
    "serial": 86,
    "orderId": null,
    "positionId": 44,
    "event": "Create Position",
    "time": 1679086920000,
    "volume": 0.54,
    "quantity": 0.54,
    "type": "Buy",
    "entryPrice": 26828.1,
    "tp": null,
    "sl": null,
    "closePrice": null,
    "grossProfit": 0,
    "pips": 0,
    "balance": null,
    "equity": 49759.65
  },
  {
    "serial": 87,
    "orderId": null,
    "positionId": 44,
    "event": "Position Closed",
    "time": 1682024520000,
    "volume": 0.54,
    "quantity": 0.54,
    "type": "Buy",
    "entryPrice": 26828.1,
    "tp": null,
    "sl": null,
    "closePrice": 28195,
    "grossProfit": 687.5,
    "pips": 13669,
    "balance": 50319.12,
    "equity": 50193.11
  },
  {
    "serial": 88,
    "orderId": null,
    "positionId": 45,
    "event": "Create Position",
    "time": 1687381320000,
    "volume": 0.62,
    "quantity": 0.62,
    "type": "Buy",
    "entryPrice": 29912.1,
    "tp": null,
    "sl": null,
    "closePrice": null,
    "grossProfit": 0,
    "pips": 0,
    "balance": null,
    "equity": 50319.12
  },
  {
    "serial": 89,
    "orderId": null,
    "positionId": 45,
    "event": "Position Closed",
    "time": 1690232520000,
    "volume": 0.62,
    "quantity": 0.62,
    "type": "Buy",
    "entryPrice": 29912.1,
    "tp": null,
    "sl": null,
    "closePrice": 29134,
    "grossProfit": -449.33,
    "pips": -7781,
    "balance": 49709.17,
    "equity": 49550.87
  },
  {
    "serial": 90,
    "orderId": null,
    "positionId": 46,
    "event": "Create Position",
    "time": 1696280520000,
    "volume": 1.03,
    "quantity": 1.03,
    "type": "Buy",
    "entryPrice": 27840.1,
    "tp": null,
    "sl": null,
    "closePrice": null,
    "grossProfit": 0,
    "pips": 0,
    "balance": null,
    "equity": 49709.17
  },
  {
    "serial": 91,
    "orderId": null,
    "positionId": 46,
    "event": "Position Closed",
    "time": 1697058120000,
    "volume": 1.03,
    "quantity": 1.03,
    "type": "Buy",
    "entryPrice": 27840.1,
    "tp": null,
    "sl": null,
    "closePrice": 26699,
    "grossProfit": -1094.72,
    "pips": -11411,
    "balance": 48545.39,
    "equity": 48480.17
  },
  {
    "serial": 92,
    "orderId": null,
    "positionId": 47,
    "event": "Create Position",
    "time": 1698094920000,
    "volume": 0.71,
    "quantity": 0.71,
    "type": "Buy",
    "entryPrice": 31603.1,
    "tp": null,
    "sl": null,
    "closePrice": null,
    "grossProfit": 0,
    "pips": 0,
    "balance": null,
    "equity": 48545.39
  },
  {
    "serial": 93,
    "orderId": null,
    "positionId": 47,
    "event": "Position Closed",
    "time": 1702332120000,
    "volume": 0.71,
    "quantity": 0.71,
    "type": "Buy",
    "entryPrice": 31603.1,
    "tp": null,
    "sl": null,
    "closePrice": 41187,
    "grossProfit": 6337.85,
    "pips": 95839,
    "balance": 54548.6,
    "equity": 54216.6
  },
  {
    "serial": 94,
    "orderId": null,
    "positionId": 48,
    "event": "Create Position",
    "time": 1704232920000,
    "volume": 0.46,
    "quantity": 0.46,
    "type": "Buy",
    "entryPrice": 45111.1,
    "tp": null,
    "sl": null,
    "closePrice": null,
    "grossProfit": 0,
    "pips": 0,
    "balance": null,
    "equity": 54548.6
  },
  {
    "serial": 95,
    "orderId": null,
    "positionId": 48,
    "event": "Position Closed",
    "time": 1705183320000,
    "volume": 0.46,
    "quantity": 0.46,
    "type": "Buy",
    "entryPrice": 45111.1,
    "tp": null,
    "sl": null,
    "closePrice": 42941,
    "grossProfit": -929.78,
    "pips": -21701,
    "balance": 53554.26,
    "equity": 53491.42
  },
  {
    "serial": 96,
    "orderId": null,
    "positionId": 49,
    "event": "Create Position",
    "time": 1707343320000,
    "volume": 0.54,
    "quantity": 0.54,
    "type": "Buy",
    "entryPrice": 44173.1,
    "tp": null,
    "sl": null,
    "closePrice": null,
    "grossProfit": 0,
    "pips": 0,
    "balance": null,
    "equity": 53554.26
  },
  {
    "serial": 97,
    "orderId": null,
    "positionId": 49,
    "event": "Position Closed",
    "time": 1710882300000,
    "volume": 0.54,
    "quantity": 0.54,
    "type": "Buy",
    "entryPrice": 44173.1,
    "tp": null,
    "sl": null,
    "closePrice": 63866.41,
    "grossProfit": 9904.98,
    "pips": 196933.1,
    "balance": 63123.11,
    "equity": 62789
  },
  {
    "serial": 98,
    "orderId": null,
    "positionId": 50,
    "event": "Create Position",
    "time": 1715979900000,
    "volume": 0.29,
    "quantity": 0.29,
    "type": "Buy",
    "entryPrice": 66806.04,
    "tp": null,
    "sl": null,
    "closePrice": null,
    "grossProfit": 0,
    "pips": 0,
    "balance": null,
    "equity": 63123.11
  },
  {
    "serial": 99,
    "orderId": null,
    "positionId": 50,
    "event": "Position Closed",
    "time": 1718139900000,
    "volume": 0.29,
    "quantity": 0.29,
    "type": "Buy",
    "entryPrice": 66806.04,
    "tp": null,
    "sl": null,
    "closePrice": 67260.34,
    "grossProfit": 122.71,
    "pips": 4543,
    "balance": 63127.33,
    "equity": 63009.92
  }
]