[
  {
    "serial": 0,
    "orderId": null,
    "positionId": 1,
    "event": "Create Position",
    "time": 1415829600000,
    "volume": 7.17,
    "quantity": 7.17,
    "type": "Buy",
    "entryPrice": 419.2,
    "tp": null,
    "sl": null,
    "closePrice": null,
    "grossProfit": 0,
    "pips": 0,
    "balance": null,
    "equity": 10000
  },
  {
    "serial": 1,
    "orderId": null,
    "positionId": 1,
    "event": "Position Closed",
    "time": 1416520800000,
    "volume": 7.17,
    "quantity": 7.17,
    "type": "Buy",
    "entryPrice": 419.2,
    "tp": null,
    "sl": null,
    "closePrice": 351.8,
    "grossProfit": -450.11,
    "pips": -674,
    "balance": 9517.62,
    "equity": 9512.11
  },
  {
    "serial": 2,
    "orderId": null,
    "positionId": 2,
    "event": "Create Position",
    "time": 1425160800000,
    "volume": 12.66,
    "quantity": 12.66,
    "type": "Buy",
    "entryPrice": 250.1,
    "tp": null,
    "sl": null,
    "closePrice": null,
    "grossProfit": 0,
    "pips": 0,
    "balance": null,
    "equity": 9517.62
  },
  {
    "serial": 3,
    "orderId": null,
    "positionId": 2,
    "event": "Position Closed",
    "time": 1426712400000,
    "volume": 12.66,
    "quantity": 12.66,
    "type": "Buy",
    "entryPrice": 250.1,
    "tp": null,
    "sl": null,
    "closePrice": 250.3,
    "grossProfit": 2.36,
    "pips": 2,
    "balance": 9456.74,
    "equity": 9440.74
  },
  {
    "serial": 4,
    "orderId": null,
    "positionId": 3,
    "event": "Create Position",
    "time": 1434488400000,
    "volume": 24.78,
    "quantity": 24.78,
    "type": "Buy",
    "entryPrice": 246.12,
    "tp": null,
    "sl": null,
    "closePrice": null,
    "grossProfit": 0,
    "pips": 0,
    "balance": null,
    "equity": 9456.74
  },
  {
    "serial": 5,
    "orderId": null,
    "positionId": 3,
    "event": "Position Closed",
    "time": 1438894800000,
    "volume": 24.78,
    "quantity": 24.78,
    "type": "Buy",
    "entryPrice": 246.12,
    "tp": null,
    "sl": null,
    "closePrice": 273.58,
    "grossProfit": 633.79,
    "pips": 274.6,
    "balance": 9911.87,
    "equity": 9825.67
  },
  {
    "serial": 6,
    "orderId": null,
    "positionId": 4,
    "event": "Create Position",
    "time": 1444165200000,
    "volume": 26.73,
    "quantity": 26.73,
    "type": "Buy",
    "entryPrice": 243.01,
    "tp": null,
    "sl": null,
    "closePrice": null,
    "grossProfit": 0,
    "pips": 0,
    "balance": null,
    "equity": 9911.87
  },
  {
    "serial": 7,
    "orderId": null,
    "positionId": 4,
    "event": "Position Closed",
    "time": 1451167200000,
    "volume": 26.73,
    "quantity": 26.73,
    "type": "Buy",
    "entryPrice": 243.01,
    "tp": null,
    "sl": null,
    "closePrice": 412.1,
    "grossProfit": 4209.77,
    "pips": 1690.9,
    "balance": 13829.54,
    "equity": 13637.18
  },
  {
    "serial": 8,
    "orderId": null,
    "positionId": 5,
    "event": "Create Position",
    "time": 1455746400000,
    "volume": 15.59,
    "quantity": 15.59,
    "type": "Buy",
    "entryPrice": 419.23,
    "tp": null,
    "sl": null,
    "closePrice": null,
    "grossProfit": 0,
    "pips": 0,
    "balance": null,
    "equity": 13829.54
  },
  {
    "serial": 9,
    "orderId": null,
    "positionId": 5,
    "event": "Position Closed",
    "time": 1457128800000,
    "volume": 15.59,
    "quantity": 15.59,
    "type": "Buy",
    "entryPrice": 419.23,
    "tp": null,
    "sl": null,
    "closePrice": 411.6,
    "grossProfit": -110.79,
    "pips": -76.3,
    "balance": 13630.33,
    "equity": 13600.09
  },
  {
    "serial": 10,
    "orderId": null,
    "positionId": 6,
    "event": "Create Position",
    "time": 1460754000000,
    "volume": 29.01,
    "quantity": 29.01,
    "type": "Buy",
    "entryPrice": 426.4,
    "tp": null,
    "sl": null,
    "closePrice": null,
    "grossProfit": 0,
    "pips": 0,
    "balance": null,
    "equity": 13630.33
  },
  {
    "serial": 11,
    "orderId": null,
    "positionId": 6,
    "event": "Position Closed",
    "time": 1463691600000,
    "volume": 29.01,
    "quantity": 29.01,
    "type": "Buy",
    "entryPrice": 426.4,
    "tp": null,
    "sl": null,
    "closePrice": 443.43,
    "grossProfit": 460.15,
    "pips": 170.3,
    "balance": 13870.2,
    "equity": 13758.18
  },
  {
    "serial": 12,
    "orderId": null,
    "positionId": 7,
    "event": "Create Position",
    "time": 1464382800000,
    "volume": 23.2,
    "quantity": 23.2,
    "type": "Buy",
    "entryPrice": 468.1,
    "tp": null,
    "sl": null,
    "closePrice": null,
    "grossProfit": 0,
    "pips": 0,
    "balance": null,
    "equity": 13870.2
  },
  {
    "serial": 13,
    "orderId": null,
    "positionId": 7,
    "event": "Position Closed",
    "time": 1466629200000,
    "volume": 23.2,
    "quantity": 23.2,
    "type": "Buy",
    "entryPrice": 468.1,
    "tp": null,
    "sl": null,
    "closePrice": 590.11,
    "grossProfit": 2636.48,
    "pips": 1220.1,
    "balance": 16327.89,
    "equity": 16235.68
  },
  {
    "serial": 14,
    "orderId": null,
    "positionId": 8,
    "event": "Create Position",
    "time": 1472936400000,
    "volume": 18.31,
    "quantity": 18.31,
    "type": "Buy",
    "entryPrice": 602.08,
    "tp": null,
    "sl": null,
    "closePrice": null,
    "grossProfit": 0,
    "pips": 0,
    "balance": null,
    "equity": 16327.89
  },
  {
    "serial": 15,
    "orderId": null,
    "positionId": 8,
    "event": "Position Closed",
    "time": 1483740000000,
    "volume": 18.31,
    "quantity": 18.31,
    "type": "Buy",
    "entryPrice": 602.08,
    "tp": null,
    "sl": null,
    "closePrice": 855.9,
    "grossProfit": 4328.68,
    "pips": 2538.2,
    "balance": 20166.48,
    "equity": 19744.71
  },
  {
    "serial": 16,
    "orderId": null,
    "positionId": 9,
    "event": "Create Position",
    "time": 1485900000000,
    "volume": 8.01,
    "quantity": 8.01,
    "type": "Buy",
    "entryPrice": 936.1,
    "tp": null,
    "sl": null,
    "closePrice": null,
    "grossProfit": 0,
    "pips": 0,
    "balance": null,
    "equity": 20166.48
  },
  {
    "serial": 17,
    "orderId": null,
    "positionId": 9,
    "event": "Position Closed",
    "time": 1489183200000,
    "volume": 8.01,
    "quantity": 8.01,
    "type": "Buy",
    "entryPrice": 936.1,
    "tp": null,
    "sl": null,
    "closePrice": 1120,
    "grossProfit": 1372,
    "pips": 1839,
    "balance": 21419.7,
    "equity": 21330.8
  },
  {
    "serial": 18,
    "orderId": null,
    "positionId": 10,
    "event": "Create Position",
    "time": 1491944400000,
    "volume": 5.5,
    "quantity": 5.5,
    "type": "Buy",
    "entryPrice": 1211.4,
    "tp": null,
    "sl": null,
    "closePrice": null,
    "grossProfit": 0,
    "pips": 0,
    "balance": null,
    "equity": 21419.7
  },
  {
    "serial": 19,
    "orderId": null,
    "positionId": 10,
    "event": "Position Closed",
    "time": 1498510800000,
    "volume": 5.5,
    "quantity": 5.5,
    "type": "Buy",
    "entryPrice": 1211.4,
    "tp": null,
    "sl": null,
    "closePrice": 2356.43,
    "grossProfit": 5865.71,
    "pips": 11450.3,
    "balance": 27059.01,
    "equity": 26853.13
  },
  {
    "serial": 20,
    "orderId": null,
    "positionId": 11,
    "event": "Create Position",
    "time": 1500584400000,
    "volume": 2.27,
    "quantity": 2.27,
    "type": "Buy",
    "entryPrice": 2583.12,
    "tp": null,
    "sl": null,
    "closePrice": null,
    "grossProfit": 0,
    "pips": 0,
    "balance": null,
    "equity": 27059.01
  },
  {
    "serial": 21,
    "orderId": null,
    "positionId": 11,
    "event": "Position Closed",
    "time": 1505336400000,
    "volume": 2.27,
    "quantity": 2.27,
    "type": "Buy",
    "entryPrice": 2583.12,
    "tp": null,
    "sl": null,
    "closePrice": 3892.2,
    "grossProfit": 2767.79,
    "pips": 13090.8,
    "balance": 29700.33,
    "equity": 29582.34
  },
  {
    "serial": 22,
    "orderId": null,
    "positionId": 12,
    "event": "Create Position",
    "time": 1507496400000,
    "volume": 1.7,
    "quantity": 1.7,
    "type": "Buy",
    "entryPrice": 4576.3,
    "tp": null,
    "sl": null,
    "closePrice": null,
    "grossProfit": 0,
    "pips": 0,
    "balance": null,
    "equity": 29700.33
  },
  {
    "serial": 23,
    "orderId": null,
    "positionId": 12,
    "event": "Position Closed",
    "time": 1510524000000,
    "volume": 1.7,
    "quantity": 1.7,
    "type": "Buy",
    "entryPrice": 4576.3,
    "tp": null,
    "sl": null,
    "closePrice": 5864.8,
    "grossProfit": 2040.21,
    "pips": 12885,
    "balance": 31641.84,
    "equity": 31549.48
  },
  {
    "serial": 24,
    "orderId": null,
    "positionId": 13,
    "event": "Create Position",
    "time": 1510869600000,
    "volume": 0.66,
    "quantity": 0.66,
    "type": "Buy",
    "entryPrice": 7896.2,
    "tp": null,
    "sl": null,
    "closePrice": null,
    "grossProfit": 0,
    "pips": 0,
    "balance": null,
    "equity": 31641.84
  },
  {
    "serial": 25,
    "orderId": null,
    "positionId": 13,
    "event": "Position Closed",
    "time": 1513893600000,
    "volume": 0.66,
    "quantity": 0.66,
    "type": "Buy",
    "entryPrice": 7896.2,
    "tp": null,
    "sl": null,
    "closePrice": 15511,
    "grossProfit": 4681.06,
    "pips": 76148,
    "balance": 36246.68,
    "equity": 36172.92
  },
  {
    "serial": 26,
    "orderId": null,
    "positionId": 14,
    "event": "Create Position",
    "time": 1524603600000,
    "volume": 0.89,
    "quantity": 0.89,
    "type": "Buy",
    "entryPrice": 9417.5,
    "tp": null,
    "sl": null,
    "closePrice": null,
    "grossProfit": 0,
    "pips": 0,
    "balance": null,
    "equity": 36246.68
  },
  {
    "serial": 27,
    "orderId": null,
    "positionId": 14,
    "event": "Position Closed",
    "time": 1526245200000,
    "volume": 0.89,
    "quantity": 0.89,
    "type": "Buy",
    "entryPrice": 9417.5,
    "tp": null,
    "sl": null,
    "closePrice": 8692.8,
    "grossProfit": -600.74,
    "pips": -7247,
    "balance": 35602.98,
    "equity": 35563.34
  },
  {
    "serial": 28,
    "orderId": null,
    "positionId": 15,
    "event": "Create Position",
    "time": 1531861200000,
    "volume": 1.36,
    "quantity": 1.36,
    "type": "Buy",
    "entryPrice": 7309.97,
    "tp": null,
    "sl": null,
    "closePrice": null,
    "grossProfit": 0,
    "pips": 0,
    "balance": null,
    "equity": 35602.98
  },
  {
    "serial": 29,
    "orderId": null,
    "positionId": 15,
    "event": "Position Closed",
    "time": 1533589200000,
    "volume": 1.36,
    "quantity": 1.36,
    "type": "Buy",
    "entryPrice": 7309.97,
    "tp": null,
    "sl": null,
    "closePrice": 6908.65,
    "grossProfit": -508.36,
    "pips": -4013.2,
    "balance": 35036.46,
    "equity": 34983.38
  },
  {
    "serial": 30,
    "orderId": null,
    "positionId": 16,
    "event": "Create Position",
    "time": 1550527200000,
    "volume": 3.78,
    "quantity": 3.78,
    "type": "Buy",
    "entryPrice": 3952.54,
    "tp": null,
    "sl": null,
    "closePrice": null,
    "grossProfit": 0,
    "pips": 0,
    "balance": null,
    "equity": 35036.46
  },
  {
    "serial": 31,
    "orderId": null,
    "positionId": 16,
    "event": "Position Closed",
    "time": 1563310800000,
    "volume": 3.78,
    "quantity": 3.78,
    "type": "Buy",
    "entryPrice": 3952.54,
    "tp": null,
    "sl": null,
    "closePrice": 9587.43,
    "grossProfit": 19838.94,
    "pips": 56348.9,
    "balance": 53894.49,
    "equity": 52927.68
  },
  {
    "serial": 32,
    "orderId": null,
    "positionId": 17,
    "event": "Create Position",
    "time": 1578434400000,
    "volume": 1.95,
    "quantity": 1.95,
    "type": "Buy",
    "entryPrice": 8057.24,
    "tp": null,
    "sl": null,
    "closePrice": null,
    "grossProfit": 0,
    "pips": 0,
    "balance": null,
    "equity": 53894.49
  },
  {
    "serial": 33,
    "orderId": null,
    "positionId": 17,
    "event": "Position Closed",
    "time": 1582754400000,
    "volume": 1.95,
    "quantity": 1.95,
    "type": "Buy",
    "entryPrice": 8057.24,
    "tp": null,
    "sl": null,
    "closePrice": 8746.5,
    "grossProfit": 1251.87,
    "pips": 6892.6,
    "balance": 54909.78,
    "equity": 54680.48
  },
  {
    "serial": 34,
    "orderId": null,
    "positionId": 18,
    "event": "Create Position",
    "time": 1587675600000,
    "volume": 1.48,
    "quantity": 1.48,
    "type": "Buy",
    "entryPrice": 7547.06,
    "tp": null,
    "sl": null,
    "closePrice": null,
    "grossProfit": 0,
    "pips": 0,
    "balance": null,
    "equity": 54909.78
  },
  {
    "serial": 35,
    "orderId": null,
    "positionId": 18,
    "event": "Position Closed",
    "time": 1599166800000,
    "volume": 1.48,
    "quantity": 1.48,
    "type": "Buy",
    "entryPrice": 7547.06,
    "tp": null,
    "sl": null,
    "closePrice": 10775.5,
    "grossProfit": 4450.37,
    "pips": 32284.4,
    "balance": 58858.14,
    "equity": 58361.65
  },
  {
    "serial": 36,
    "orderId": null,
    "positionId": 19,
    "event": "Create Position",
    "time": 1602536400000,
    "volume": 2.14,
    "quantity": 2.14,
    "type": "Buy",
    "entryPrice": 11555.6,
    "tp": null,
    "sl": null,
    "closePrice": null,
    "grossProfit": 0,
    "pips": 0,
    "balance": null,
    "equity": 58858.14
  },
  {
    "serial": 37,
    "orderId": null,
    "positionId": 19,
    "event": "Position Closed",
    "time": 1616706300000,
    "volume": 2.14,
    "quantity": 2.14,
    "type": "Buy",
    "entryPrice": 11555.6,
    "tp": null,
    "sl": null,
    "closePrice": 52189.26,
    "grossProfit": 80991.8,
    "pips": 406336.6,
    "balance": 137038.51,
    "equity": 134235.06
  },
  {
    "serial": 38,
    "orderId": null,
    "positionId": 20,
    "event": "Create Position",
    "time": 1618347900000,
    "volume": 0.56,
    "quantity": 0.56,
    "type": "Buy",
    "entryPrice": 63151.06,
    "tp": null,
    "sl": null,
    "closePrice": null,
    "grossProfit": 0,
    "pips": 0,
    "balance": null,
    "equity": 137038.51
  },
  {
    "serial": 39,
    "orderId": null,
    "positionId": 20,
    "event": "Position Closed",
    "time": 1619125500000,
    "volume": 0.56,
    "quantity": 0.56,
    "type": "Buy",
    "entryPrice": 63151.06,
    "tp": null,
    "sl": null,
    "closePrice": 51151.26,
    "grossProfit": -6258.98,
    "pips": -119998,
    "balance": 130704.04,
    "equity": 130630.63
  },
  {
    "serial": 40,
    "orderId": null,
    "positionId": 21,
    "event": "Create Position",
    "time": 1627333260000,
    "volume": 0.76,
    "quantity": 0.76,
    "type": "Buy",
    "entryPrice": 37526.6,
    "tp": null,
    "sl": null,
    "closePrice": null,
    "grossProfit": 0,
    "pips": 0,
    "balance": null,
    "equity": 130704.04
  },
  {
    "serial": 41,
    "orderId": null,
    "positionId": 21,
    "event": "Position Closed",
    "time": 1632258060000,
    "volume": 0.76,
    "quantity": 0.76,
    "type": "Buy",
    "entryPrice": 37526.6,
    "tp": null,
    "sl": null,
    "closePrice": 40980,
    "grossProfit": 2444.57,
    "pips": 34534,
    "balance": 132639.79,
    "equity": 132133.81
  },
  {
    "serial": 42,
    "orderId": null,
    "positionId": 22,
    "event": "Create Position",
    "time": 1633467660000,
    "volume": 0.61,
    "quantity": 0.61,
    "type": "Buy",
    "entryPrice": 51476.1,
    "tp": null,
    "sl": null,
    "closePrice": null,
    "grossProfit": 0,
    "pips": 0,
    "balance": null,
    "equity": 132639.79
  },
  {
    "serial": 43,
    "orderId": null,
    "positionId": 22,
    "event": "Position Closed",
    "time": 1635368460000,
    "volume": 0.61,
    "quantity": 0.61,
    "type": "Buy",
    "entryPrice": 51476.1,
    "tp": null,
    "sl": null,
    "closePrice": 58993,
    "grossProfit": 4270.81,
    "pips": 75169,
    "balance": 136705.12,
    "equity": 136501.92
  },
  {
    "serial": 44,
    "orderId": null,
    "positionId": 23,
    "event": "Create Position",
    "time": 1636495260000,
    "volume": 0.6,
    "quantity": 0.6,
    "type": "Buy",
    "entryPrice": 67707.1,
    "tp": null,
    "sl": null,
    "closePrice": null,
    "grossProfit": 0,
    "pips": 0,
    "balance": null,
    "equity": 136705.12
  },
  {
    "serial": 45,
    "orderId": null,
    "positionId": 23,
    "event": "Position Closed",
    "time": 1637100060000,
    "volume": 0.6,
    "quantity": 0.6,
    "type": "Buy",
    "entryPrice": 67707.1,
    "tp": null,
    "sl": null,
    "closePrice": 60526,
    "grossProfit": -4013.13,
    "pips": -71811,
    "balance": 132621.36,
    "equity": 132552.97
  },
  {
    "serial": 46,
    "orderId": null,
    "positionId": 24,
    "event": "Create Position",
    "time": 1644271320000,
    "volume": 0.72,
    "quantity": 0.72,
    "type": "Buy",
    "entryPrice": 44082.1,
    "tp": null,
    "sl": null,
    "closePrice": null,
    "grossProfit": 0,
    "pips": 0,
    "balance": null,
    "equity": 132621.36
  },
  {
    "serial": 47,
    "orderId": null,
    "positionId": 24,
    "event": "Position Closed",
    "time": 1645135320000,
    "volume": 0.72,
    "quantity": 0.72,
    "type": "Buy",
    "entryPrice": 44082.1,
    "tp": null,
    "sl": null,
    "closePrice": 40724,
    "grossProfit": -2252,
    "pips": -33581,
    "balance": 130287.39,
    "equity": 130208.1
  },
  {
    "serial": 48,
    "orderId": null,
    "positionId": 25,
    "event": "Create Position",
    "time": 1648414920000,
    "volume": 0.9,
    "quantity": 0.9,
    "type": "Buy",
    "entryPrice": 46048.1,
    "tp": null,
    "sl": null,
    "closePrice": null,
    "grossProfit": 0,
    "pips": 0,
    "balance": null,
    "equity": 130287.39
  },
  {
    "serial": 49,
    "orderId": null,
    "positionId": 25,
    "event": "Position Closed",
    "time": 1649278920000,
    "volume": 0.9,
    "quantity": 0.9,
    "type": "Buy",
    "entryPrice": 46048.1,
    "tp": null,
    "sl": null,
    "closePrice": 43856,
    "grossProfit": -1837.57,
    "pips": -21921,
    "balance": 128340.13,
    "equity": 128233.8
  },
  {
    "serial": 50,
    "orderId": null,
    "positionId": 26,
    "event": "Create Position",
    "time": 1658264520000,
    "volume": 1.28,
    "quantity": 1.28,
    "type": "Buy",
    "entryPrice": 23308.1,
    "tp": null,
    "sl": null,
    "closePrice": null,
    "grossProfit": 0,
    "pips": 0,
    "balance": null,
    "equity": 128340.13
  },
  {
    "serial": 51,
    "orderId": null,
    "positionId": 26,
    "event": "Position Closed",
    "time": 1660942920000,
    "volume": 1.28,
    "quantity": 1.28,
    "type": "Buy",
    "entryPrice": 23308.1,
    "tp": null,
    "sl": null,
    "closePrice": 21266,
    "grossProfit": -2434.6,
    "pips": -20421,
    "balance": 125651.4,
    "equity": 125402.05
  },
  {
    "serial": 52,
    "orderId": null,
    "positionId": 27,
    "event": "Create Position",
    "time": 1666818120000,
    "volume": 2.87,
    "quantity": 2.87,
    "type": "Buy",
    "entryPrice": 20739.1,
    "tp": null,
    "sl": null,
    "closePrice": null,
    "grossProfit": 0,
    "pips": 0,
    "balance": null,
    "equity": 125651.4
  },
  {
    "serial": 53,
    "orderId": null,
    "positionId": 27,
    "event": "Position Closed",
    "time": 1667944800000,
    "volume": 2.87,
    "quantity": 2.87,
    "type": "Buy",
    "entryPrice": 20739.1,
    "tp": null,
    "sl": null,
    "closePrice": 18686,
    "grossProfit": -5488.24,
    "pips": -20531,
    "balance": 119957.76,
    "equity": 119763.06
  },
  {
    "serial": 54,
    "orderId": null,
    "positionId": 28,
    "event": "Create Position",
    "time": 1670968920000,
    "volume": 3.87,
    "quantity": 3.87,
    "type": "Buy",
    "entryPrice": 17730.1,
    "tp": null,
    "sl": null,
    "closePrice": null,
    "grossProfit": 0,
    "pips": 0,
    "balance": null,
    "equity": 119957.76
  },
  {
    "serial": 55,
    "orderId": null,
    "positionId": 28,
    "event": "Position Closed",
    "time": 1671314520000,
    "volume": 3.87,
    "quantity": 3.87,
    "type": "Buy",
    "entryPrice": 17730.1,
    "tp": null,
    "sl": null,
    "closePrice": 16709,
    "grossProfit": -3680.62,
    "pips": -10211,
    "balance": 116178.02,
    "equity": 116093.34
  },
  {
    "serial": 56,
    "orderId": null,
    "positionId": 29,
    "event": "Create Position",
    "time": 1673388120000,
    "volume": 6.34,
    "quantity": 6.34,
    "type": "Buy",
    "entryPrice": 17426.1,
    "tp": null,
    "sl": null,
    "closePrice": null,
    "grossProfit": 0,
    "pips": 0,
    "balance": null,
    "equity": 116178.02
  },
  {
    "serial": 57,
    "orderId": null,
    "positionId": 29,
    "event": "Position Closed",
    "time": 1675980120000,
    "volume": 6.34,
    "quantity": 6.34,
    "type": "Buy",
    "entryPrice": 17426.1,
    "tp": null,
    "sl": null,
    "closePrice": 21850,
    "grossProfit": 26123.77,
    "pips": 44239,
    "balance": 141207.16,
    "equity": 140136.19
  },
  {
    "serial": 58,
    "orderId": null,
    "positionId": 30,
    "event": "Create Position",
    "time": 1676584920000,
    "volume": 2.22,
    "quantity": 2.22,
    "type": "Buy",
    "entryPrice": 24534.1,
    "tp": null,
    "sl": null,
    "closePrice": null,
    "grossProfit": 0,
    "pips": 0,
    "balance": null,
    "equity": 141207.16
  },
  {
    "serial": 59,
    "orderId": null,
    "positionId": 30,
    "event": "Position Closed",
    "time": 1677880920000,
    "volume": 2.22,
    "quantity": 2.22,
    "type": "Buy",
    "entryPrice": 24534.1,
    "tp": null,
    "sl": null,
    "closePrice": 22227,
    "grossProfit": -4770.46,
    "pips": -23071,
    "balance": 136201.01,
    "equity": 135973.6
  },
  {
    "serial": 60,
    "orderId": null,
    "positionId": 31,
    "event": "Create Position",
    "time": 1679086920000,
    "volume": 1.48,
    "quantity": 1.48,
    "type": "Buy",
    "entryPrice": 26828.1,
    "tp": null,
    "sl": null,
    "closePrice": null,
    "grossProfit": 0,
    "pips": 0,
    "balance": null,
    "equity": 136201.01
  },
  {
    "serial": 61,
    "orderId": null,
    "positionId": 31,
    "event": "Position Closed",
    "time": 1682024520000,
    "volume": 1.48,
    "quantity": 1.48,
    "type": "Buy",
    "entryPrice": 26828.1,
    "tp": null,
    "sl": null,
    "closePrice": 28195,
    "grossProfit": 1884.26,
    "pips": 13669,
    "balance": 137734.4,
    "equity": 137389.05
  },
  {
    "serial": 62,
    "orderId": null,
    "positionId": 32,
    "event": "Create Position",
    "time": 1687381320000,
    "volume": 1.7,
    "quantity": 1.7,
    "type": "Buy",
    "entryPrice": 29912.1,
    "tp": null,
    "sl": null,
    "closePrice": null,
    "grossProfit": 0,
    "pips": 0,
    "balance": null,
    "equity": 137734.4
  },
  {
    "serial": 63,
    "orderId": null,
    "positionId": 32,
    "event": "Position Closed",
    "time": 1690232520000,
    "volume": 1.7,
    "quantity": 1.7,
    "type": "Buy",
    "entryPrice": 29912.1,
    "tp": null,
    "sl": null,
    "closePrice": 29134,
    "grossProfit": -1232.04,
    "pips": -7781,
    "balance": 136061.98,
    "equity": 135627.94
  },
  {
    "serial": 64,
    "orderId": null,
    "positionId": 33,
    "event": "Create Position",
    "time": 1696280520000,
    "volume": 2.82,
    "quantity": 2.82,
    "type": "Buy",
    "entryPrice": 27840.1,
    "tp": null,
    "sl": null,
    "closePrice": null,
    "grossProfit": 0,
    "pips": 0,
    "balance": null,
    "equity": 136061.98
  },
  {
    "serial": 65,
    "orderId": null,
    "positionId": 33,
    "event": "Position Closed",
    "time": 1697058120000,
    "volume": 2.82,
    "quantity": 2.82,
    "type": "Buy",
    "entryPrice": 27840.1,
    "tp": null,
    "sl": null,
    "closePrice": 26699,
    "grossProfit": -2997.19,
    "pips": -11411,
    "balance": 132875.72,
    "equity": 132697.17
  },
  {
    "serial": 66,
    "orderId": null,
    "positionId": 34,
    "event": "Create Position",
    "time": 1698094920000,
    "volume": 1.95,
    "quantity": 1.95,
    "type": "Buy",
    "entryPrice": 31603.1,
    "tp": null,
    "sl": null,
    "closePrice": null,
    "grossProfit": 0,
    "pips": 0,
    "balance": null,
    "equity": 132875.72
  },
  {
    "serial": 67,
    "orderId": null,
    "positionId": 34,
    "event": "Position Closed",
    "time": 1705615320000,
    "volume": 1.95,
    "quantity": 1.95,
    "type": "Buy",
    "entryPrice": 31603.1,
    "tp": null,
    "sl": null,
    "closePrice": 41141,
    "grossProfit": 17323.22,
    "pips": 95379,
    "balance": 148460.31,
    "equity": 146728.96
  },
  {
    "serial": 68,
    "orderId": null,
    "positionId": 35,
    "event": "Create Position",
    "time": 1707343320000,
    "volume": 1.51,
    "quantity": 1.51,
    "type": "Buy",
    "entryPrice": 44173.1,
    "tp": null,
    "sl": null,
    "closePrice": null,
    "grossProfit": 0,
    "pips": 0,
    "balance": null,
    "equity": 148460.31
  },
  {
    "serial": 69,
    "orderId": null,
    "positionId": 35,
    "event": "Position Closed",
    "time": 1710882300000,
    "volume": 1.51,
    "quantity": 1.51,
    "type": "Buy",
    "entryPrice": 44173.1,
    "tp": null,
    "sl": null,
    "closePrice": 63866.41,
    "grossProfit": 27697.27,
    "pips": 196933.1,
    "balance": 175217.68,
    "equity": 174283.42
  },
  {
    "serial": 70,
    "orderId": null,
    "positionId": 36,
    "event": "Create Position",
    "time": 1716239100000,
    "volume": 0.85,
    "quantity": 0.85,
    "type": "Buy",
    "entryPrice": 69247.41,
    "tp": null,
    "sl": null,
    "closePrice": null,
    "grossProfit": 0,
    "pips": 0,
    "balance": null,
    "equity": 175217.68
  },
  {
    "serial": 71,
    "orderId": null,
    "positionId": 36,
    "event": "Position Closed",
    "time": 1718139900000,
    "volume": 0.85,
    "quantity": 0.85,
    "type": "Buy",
    "entryPrice": 69247.41,
    "tp": null,
    "sl": null,
    "closePrice": 67260.34,
    "grossProfit": -1573.16,
    "pips": -19870.7,
    "balance": 173312.24,
    "equity": 172983.14
  }
]