[
  {
    "serial": 0,
    "orderId": null,
    "positionId": 1,
    "event": "Create Position",
    "time": 1415829600000,
    "volume": 7.17,
    "quantity": 7.17,
    "type": "Buy",
    "entryPrice": 419.2,
    "tp": null,
    "sl": null,
    "closePrice": null,
    "grossProfit": 0,
    "pips": 0,
    "balance": null,
    "equity": 10000
  },
  {
    "serial": 1,
    "orderId": null,
    "positionId": 1,
    "event": "Position Closed",
    "time": 1416520800000,
    "volume": 7.17,
    "quantity": 7.17,
    "type": "Buy",
    "entryPrice": 419.2,
    "tp": null,
    "sl": null,
    "closePrice": 351.8,
    "grossProfit": -450.11,
    "pips": -674,
    "balance": 9517.62,
    "equity": 9512.11
  },
  {
    "serial": 2,
    "orderId": null,
    "positionId": 2,
    "event": "Create Position",
    "time": 1425160800000,
    "volume": 12.66,
    "quantity": 12.66,
    "type": "Buy",
    "entryPrice": 250.1,
    "tp": null,
    "sl": null,
    "closePrice": null,
    "grossProfit": 0,
    "pips": 0,
    "balance": null,
    "equity": 9517.62
  },
  {
    "serial": 3,
    "orderId": null,
    "positionId": 2,
    "event": "Position Closed",
    "time": 1426712400000,
    "volume": 12.66,
    "quantity": 12.66,
    "type": "Buy",
    "entryPrice": 250.1,
    "tp": null,
    "sl": null,
    "closePrice": 250.3,
    "grossProfit": 2.36,
    "pips": 2,
    "balance": 9456.74,
    "equity": 9440.74
  },
  {
    "serial": 4,
    "orderId": null,
    "positionId": 3,
    "event": "Create Position",
    "time": 1431205200000,
    "volume": 14.27,
    "quantity": 14.27,
    "type": "Buy",
    "entryPrice": 238.9,
    "tp": null,
    "sl": null,
    "closePrice": null,
    "grossProfit": 0,
    "pips": 0,
    "balance": null,
    "equity": 9456.74
  },
  {
    "serial": 5,
    "orderId": null,
    "positionId": 3,
    "event": "Position Closed",
    "time": 1431982800000,
    "volume": 14.27,
    "quantity": 14.27,
    "type": "Buy",
    "entryPrice": 238.9,
    "tp": null,
    "sl": null,
    "closePrice": 231.6,
    "grossProfit": -97.03,
    "pips": -73,
    "balance": 9298.73,
    "equity": 9290.99
  },
  {
    "serial": 6,
    "orderId": null,
    "positionId": 4,
    "event": "Create Position",
    "time": 1434488400000,
    "volume": 24.37,
    "quantity": 24.37,
    "type": "Buy",
    "entryPrice": 246.12,
    "tp": null,
    "sl": null,
    "closePrice": null,
    "grossProfit": 0,
    "pips": 0,
    "balance": null,
    "equity": 9298.73
  },
  {
    "serial": 7,
    "orderId": null,
    "positionId": 4,
    "event": "Position Closed",
    "time": 1438894800000,
    "volume": 24.37,
    "quantity": 24.37,
    "type": "Buy",
    "entryPrice": 246.12,
    "tp": null,
    "sl": null,
    "closePrice": 273.58,
    "grossProfit": 623.3,
    "pips": 274.6,
    "balance": 9746.35,
    "equity": 9661.61
  },
  {
    "serial": 8,
    "orderId": null,
    "positionId": 5,
    "event": "Create Position",
    "time": 1444165200000,
    "volume": 26.29,
    "quantity": 26.29,
    "type": "Buy",
    "entryPrice": 243.01,
    "tp": null,
    "sl": null,
    "closePrice": null,
    "grossProfit": 0,
    "pips": 0,
    "balance": null,
    "equity": 9746.35
  },
  {
    "serial": 9,
    "orderId": null,
    "positionId": 5,
    "event": "Position Closed",
    "time": 1447279200000,
    "volume": 26.29,
    "quantity": 26.29,
    "type": "Buy",
    "entryPrice": 243.01,
    "tp": null,
    "sl": null,
    "closePrice": 306.6,
    "grossProfit": 1557.12,
    "pips": 635.9,
    "balance": 11134.63,
    "equity": 11063.89
  },
  {
    "serial": 10,
    "orderId": null,
    "positionId": 6,
    "event": "Create Position",
    "time": 1449439200000,
    "volume": 9.63,
    "quantity": 9.63,
    "type": "Buy",
    "entryPrice": 388.1,
    "tp": null,
    "sl": null,
    "closePrice": null,
    "grossProfit": 0,
    "pips": 0,
    "balance": null,
    "equity": 11134.63
  },
  {
    "serial": 11,
    "orderId": null,
    "positionId": 6,
    "event": "Position Closed",
    "time": 1451167200000,
    "volume": 9.63,
    "quantity": 9.63,
    "type": "Buy",
    "entryPrice": 388.1,
    "tp": null,
    "sl": null,
    "closePrice": 412.1,
    "grossProfit": 215.27,
    "pips": 240,
    "balance": 11291.36,
    "equity": 11268.76
  },
  {
    "serial": 12,
    "orderId": null,
    "positionId": 7,
    "event": "Create Position",
    "time": 1455746400000,
    "volume": 12.72,
    "quantity": 12.72,
    "type": "Buy",
    "entryPrice": 419.23,
    "tp": null,
    "sl": null,
    "closePrice": null,
    "grossProfit": 0,
    "pips": 0,
    "balance": null,
    "equity": 11291.36
  },
  {
    "serial": 13,
    "orderId": null,
    "positionId": 7,
    "event": "Position Closed",
    "time": 1457128800000,
    "volume": 12.72,
    "quantity": 12.72,
    "type": "Buy",
    "entryPrice": 419.23,
    "tp": null,
    "sl": null,
    "closePrice": 411.6,
    "grossProfit": -90.4,
    "pips": -76.3,
    "balance": 11128.8,
    "equity": 11104.1
  },
  {
    "serial": 14,
    "orderId": null,
    "positionId": 8,
    "event": "Create Position",
    "time": 1460754000000,
    "volume": 23.68,
    "quantity": 23.68,
    "type": "Buy",
    "entryPrice": 426.4,
    "tp": null,
    "sl": null,
    "closePrice": null,
    "grossProfit": 0,
    "pips": 0,
    "balance": null,
    "equity": 11128.8
  },
  {
    "serial": 15,
    "orderId": null,
    "positionId": 8,
    "event": "Position Closed",
    "time": 1463691600000,
    "volume": 23.68,
    "quantity": 23.68,
    "type": "Buy",
    "entryPrice": 426.4,
    "tp": null,
    "sl": null,
    "closePrice": 443.43,
    "grossProfit": 375.61,
    "pips": 170.3,
    "balance": 11324.61,
    "equity": 11233.17
  },
  {
    "serial": 16,
    "orderId": null,
    "positionId": 9,
    "event": "Create Position",
    "time": 1464382800000,
    "volume": 18.94,
    "quantity": 18.94,
    "type": "Buy",
    "entryPrice": 468.1,
    "tp": null,
    "sl": null,
    "closePrice": null,
    "grossProfit": 0,
    "pips": 0,
    "balance": null,
    "equity": 11324.61
  },
  {
    "serial": 17,
    "orderId": null,
    "positionId": 9,
    "event": "Position Closed",
    "time": 1466629200000,
    "volume": 18.94,
    "quantity": 18.94,
    "type": "Buy",
    "entryPrice": 468.1,
    "tp": null,
    "sl": null,
    "closePrice": 590.11,
    "grossProfit": 2152.37,
    "pips": 1220.1,
    "balance": 13331,
    "equity": 13255.7
  },
  {
    "serial": 18,
    "orderId": null,
    "positionId": 10,
    "event": "Create Position",
    "time": 1472936400000,
    "volume": 14.95,
    "quantity": 14.95,
    "type": "Buy",
    "entryPrice": 602.08,
    "tp": null,
    "sl": null,
    "closePrice": null,
    "grossProfit": 0,
    "pips": 0,
    "balance": null,
    "equity": 13331
  },
  {
    "serial": 19,
    "orderId": null,
    "positionId": 10,
    "event": "Position Closed",
    "time": 1483740000000,
    "volume": 14.95,
    "quantity": 14.95,
    "type": "Buy",
    "entryPrice": 602.08,
    "tp": null,
    "sl": null,
    "closePrice": 855.9,
    "grossProfit": 3534.34,
    "pips": 2538.2,
    "balance": 16465.21,
    "equity": 16120.86
  },
  {
    "serial": 20,
    "orderId": null,
    "positionId": 11,
    "event": "Create Position",
    "time": 1485900000000,
    "volume": 6.54,
    "quantity": 6.54,
    "type": "Buy",
    "entryPrice": 936.1,
    "tp": null,
    "sl": null,
    "closePrice": null,
    "grossProfit": 0,
    "pips": 0,
    "balance": null,
    "equity": 16465.21
  },
  {
    "serial": 21,
    "orderId": null,
    "positionId": 11,
    "event": "Position Closed",
    "time": 1489010400000,
    "volume": 6.54,
    "quantity": 6.54,
    "type": "Buy",
    "entryPrice": 936.1,
    "tp": null,
    "sl": null,
    "closePrice": 1141.6,
    "grossProfit": 1251.79,
    "pips": 2055,
    "balance": 17627.59,
    "equity": 17562.58
  },
  {
    "serial": 22,
    "orderId": null,
    "positionId": 12,
    "event": "Create Position",
    "time": 1491944400000,
    "volume": 4.53,
    "quantity": 4.53,
    "type": "Buy",
    "entryPrice": 1211.4,
    "tp": null,
    "sl": null,
    "closePrice": null,
    "grossProfit": 0,
    "pips": 0,
    "balance": null,
    "equity": 17627.59
  },
  {
    "serial": 23,
    "orderId": null,
    "positionId": 12,
    "event": "Position Closed",
    "time": 1498510800000,
    "volume": 4.53,
    "quantity": 4.53,
    "type": "Buy",
    "entryPrice": 1211.4,
    "tp": null,
    "sl": null,
    "closePrice": 2356.43,
    "grossProfit": 4831.22,
    "pips": 11450.3,
    "balance": 22272.34,
    "equity": 22102.77
  },
  {
    "serial": 24,
    "orderId": null,
    "positionId": 13,
    "event": "Create Position",
    "time": 1500584400000,
    "volume": 1.87,
    "quantity": 1.87,
    "type": "Buy",
    "entryPrice": 2583.12,
    "tp": null,
    "sl": null,
    "closePrice": null,
    "grossProfit": 0,
    "pips": 0,
    "balance": null,
    "equity": 22272.34
  },
  {
    "serial": 25,
    "orderId": null,
    "positionId": 13,
    "event": "Position Closed",
    "time": 1505336400000,
    "volume": 1.87,
    "quantity": 1.87,
    "type": "Buy",
    "entryPrice": 2583.12,
    "tp": null,
    "sl": null,
    "closePrice": 3892.2,
    "grossProfit": 2280.07,
    "pips": 13090.8,
    "balance": 24448.23,
    "equity": 24351.03
  },
  {
    "serial": 26,
    "orderId": null,
    "positionId": 14,
    "event": "Create Position",
    "time": 1506978000000,
    "volume": 0.97,
    "quantity": 0.97,
    "type": "Buy",
    "entryPrice": 4395.2,
    "tp": null,
    "sl": null,
    "closePrice": null,
    "grossProfit": 0,
    "pips": 0,
    "balance": null,
    "equity": 24448.23
  },
  {
    "serial": 27,
    "orderId": null,
    "positionId": 14,
    "event": "Position Closed",
    "time": 1510524000000,
    "volume": 0.97,
    "quantity": 0.97,
    "type": "Buy",
    "entryPrice": 4395.2,
    "tp": null,
    "sl": null,
    "closePrice": 5864.8,
    "grossProfit": 1327.74,
    "pips": 14696,
    "balance": 25713.26,
    "equity": 25654.17
  },
  {
    "serial": 28,
    "orderId": null,
    "positionId": 15,
    "event": "Create Position",
    "time": 1510869600000,
    "volume": 0.54,
    "quantity": 0.54,
    "type": "Buy",
    "entryPrice": 7896.2,
    "tp": null,
    "sl": null,
    "closePrice": null,
    "grossProfit": 0,
    "pips": 0,
    "balance": null,
    "equity": 25713.26
  },
  {
    "serial": 29,
    "orderId": null,
    "positionId": 15,
    "event": "Position Closed",
    "time": 1513893600000,
    "volume": 0.54,
    "quantity": 0.54,
    "type": "Buy",
    "entryPrice": 7896.2,
    "tp": null,
    "sl": null,
    "closePrice": 15511,
    "grossProfit": 3829.95,
    "pips": 76148,
    "balance": 29480.82,
    "equity": 29420.45
  },
  {
    "serial": 30,
    "orderId": null,
    "positionId": 16,
    "event": "Create Position",
    "time": 1524603600000,
    "volume": 0.72,
    "quantity": 0.72,
    "type": "Buy",
    "entryPrice": 9417.5,
    "tp": null,
    "sl": null,
    "closePrice": null,
    "grossProfit": 0,
    "pips": 0,
    "balance": null,
    "equity": 29480.82
  },
  {
    "serial": 31,
    "orderId": null,
    "positionId": 16,
    "event": "Position Closed",
    "time": 1526245200000,
    "volume": 0.72,
    "quantity": 0.72,
    "type": "Buy",
    "entryPrice": 9417.5,
    "tp": null,
    "sl": null,
    "closePrice": 8692.8,
    "grossProfit": -486,
    "pips": -7247,
    "balance": 28960.06,
    "equity": 28927.98
  },
  {
    "serial": 32,
    "orderId": null,
    "positionId": 17,
    "event": "Create Position",
    "time": 1531861200000,
    "volume": 1.11,
    "quantity": 1.11,
    "type": "Buy",
    "entryPrice": 7309.97,
    "tp": null,
    "sl": null,
    "closePrice": null,
    "grossProfit": 0,
    "pips": 0,
    "balance": null,
    "equity": 28960.06
  },
  {
    "serial": 33,
    "orderId": null,
    "positionId": 17,
    "event": "Position Closed",
    "time": 1533502800000,
    "volume": 1.11,
    "quantity": 1.11,
    "type": "Buy",
    "entryPrice": 7309.97,
    "tp": null,
    "sl": null,
    "closePrice": 7045.65,
    "grossProfit": -273.27,
    "pips": -2643.2,
    "balance": 28641.31,
    "equity": 28599.97
  },
  {
    "serial": 34,
    "orderId": null,
    "positionId": 18,
    "event": "Create Position",
    "time": 1550527200000,
    "volume": 3.09,
    "quantity": 3.09,
    "type": "Buy",
    "entryPrice": 3952.54,
    "tp": null,
    "sl": null,
    "closePrice": null,
    "grossProfit": 0,
    "pips": 0,
    "balance": null,
    "equity": 28641.31
  },
  {
    "serial": 35,
    "orderId": null,
    "positionId": 18,
    "event": "Position Closed",
    "time": 1563310800000,
    "volume": 3.09,
    "quantity": 3.09,
    "type": "Buy",
    "entryPrice": 3952.54,
    "tp": null,
    "sl": null,
    "closePrice": 9587.43,
    "grossProfit": 16217.55,
    "pips": 56348.9,
    "balance": 44056.99,
    "equity": 43266.66
  },
  {
    "serial": 36,
    "orderId": null,
    "positionId": 19,
    "event": "Create Position",
    "time": 1572296400000,
    "volume": 1.16,
    "quantity": 1.16,
    "type": "Buy",
    "entryPrice": 9399.49,
    "tp": null,
    "sl": null,
    "closePrice": null,
    "grossProfit": 0,
    "pips": 0,
    "balance": null,
    "equity": 44056.99
  },
  {
    "serial": 37,
    "orderId": null,
    "positionId": 19,
    "event": "Position Closed",
    "time": 1573423200000,
    "volume": 1.16,
    "quantity": 1.16,
    "type": "Buy",
    "entryPrice": 9399.49,
    "tp": null,
    "sl": null,
    "closePrice": 9031.5,
    "grossProfit": -397.59,
    "pips": -3679.9,
    "balance": 43619.92,
    "equity": 43584.76
  },
  {
    "serial": 38,
    "orderId": null,
    "positionId": 20,
    "event": "Create Position",
    "time": 1578434400000,
    "volume": 1.58,
    "quantity": 1.58,
    "type": "Buy",
    "entryPrice": 8057.24,
    "tp": null,
    "sl": null,
    "closePrice": null,
    "grossProfit": 0,
    "pips": 0,
    "balance": null,
    "equity": 43619.92
  },
  {
    "serial": 39,
    "orderId": null,
    "positionId": 20,
    "event": "Position Closed",
    "time": 1582754400000,
    "volume": 1.58,
    "quantity": 1.58,
    "type": "Buy",
    "entryPrice": 8057.24,
    "tp": null,
    "sl": null,
    "closePrice": 8746.5,
    "grossProfit": 1014.34,
    "pips": 6892.6,
    "balance": 44442.56,
    "equity": 44256.76
  },
  {
    "serial": 40,
    "orderId": null,
    "positionId": 21,
    "event": "Create Position",
    "time": 1587675600000,
    "volume": 1.2,
    "quantity": 1.2,
    "type": "Buy",
    "entryPrice": 7547.06,
    "tp": null,
    "sl": null,
    "closePrice": null,
    "grossProfit": 0,
    "pips": 0,
    "balance": null,
    "equity": 44442.56
  },
  {
    "serial": 41,
    "orderId": null,
    "positionId": 21,
    "event": "Position Closed",
    "time": 1598389200000,
    "volume": 1.2,
    "quantity": 1.2,
    "type": "Buy",
    "entryPrice": 7547.06,
    "tp": null,
    "sl": null,
    "closePrice": 11253.04,
    "grossProfit": 4142.15,
    "pips": 37059.8,
    "balance": 48209.33,
    "equity": 47838.43
  },
  {
    "serial": 42,
    "orderId": null,
    "positionId": 22,
    "event": "Create Position",
    "time": 1602536400000,
    "volume": 1.75,
    "quantity": 1.75,
    "type": "Buy",
    "entryPrice": 11555.6,
    "tp": null,
    "sl": null,
    "closePrice": null,
    "grossProfit": 0,
    "pips": 0,
    "balance": null,
    "equity": 48209.33
  },
  {
    "serial": 43,
    "orderId": null,
    "positionId": 22,
    "event": "Position Closed",
    "time": 1616706300000,
    "volume": 1.75,
    "quantity": 1.75,
    "type": "Buy",
    "entryPrice": 11555.6,
    "tp": null,
    "sl": null,
    "closePrice": 52189.26,
    "grossProfit": 66231.61,
    "pips": 406336.6,
    "balance": 112141.94,
    "equity": 109849.48
  },
  {
    "serial": 44,
    "orderId": null,
    "positionId": 23,
    "event": "Create Position",
    "time": 1618347900000,
    "volume": 0.46,
    "quantity": 0.46,
    "type": "Buy",
    "entryPrice": 63151.06,
    "tp": null,
    "sl": null,
    "closePrice": null,
    "grossProfit": 0,
    "pips": 0,
    "balance": null,
    "equity": 112141.94
  },
  {
    "serial": 45,
    "orderId": null,
    "positionId": 23,
    "event": "Position Closed",
    "time": 1619125500000,
    "volume": 0.46,
    "quantity": 0.46,
    "type": "Buy",
    "entryPrice": 63151.06,
    "tp": null,
    "sl": null,
    "closePrice": 51151.26,
    "grossProfit": -5141.3,
    "pips": -119998,
    "balance": 106938.61,
    "equity": 106878.3
  },
  {
    "serial": 46,
    "orderId": null,
    "positionId": 24,
    "event": "Create Position",
    "time": 1627333260000,
    "volume": 0.62,
    "quantity": 0.62,
    "type": "Buy",
    "entryPrice": 37526.6,
    "tp": null,
    "sl": null,
    "closePrice": null,
    "grossProfit": 0,
    "pips": 0,
    "balance": null,
    "equity": 106938.61
  },
  {
    "serial": 47,
    "orderId": null,
    "positionId": 24,
    "event": "Position Closed",
    "time": 1632258060000,
    "volume": 0.62,
    "quantity": 0.62,
    "type": "Buy",
    "entryPrice": 37526.6,
    "tp": null,
    "sl": null,
    "closePrice": 40980,
    "grossProfit": 1994.25,
    "pips": 34534,
    "balance": 108517.77,
    "equity": 108105
  },
  {
    "serial": 48,
    "orderId": null,
    "positionId": 25,
    "event": "Create Position",
    "time": 1633467660000,
    "volume": 0.5,
    "quantity": 0.5,
    "type": "Buy",
    "entryPrice": 51476.1,
    "tp": null,
    "sl": null,
    "closePrice": null,
    "grossProfit": 0,
    "pips": 0,
    "balance": null,
    "equity": 108517.77
  },
  {
    "serial": 49,
    "orderId": null,
    "positionId": 25,
    "event": "Position Closed",
    "time": 1635368460000,
    "volume": 0.5,
    "quantity": 0.5,
    "type": "Buy",
    "entryPrice": 51476.1,
    "tp": null,
    "sl": null,
    "closePrice": 58993,
    "grossProfit": 3500.66,
    "pips": 75169,
    "balance": 111850,
    "equity": 111683.43
  },
  {
    "serial": 50,
    "orderId": null,
    "positionId": 26,
    "event": "Create Position",
    "time": 1636495260000,
    "volume": 0.49,
    "quantity": 0.49,
    "type": "Buy",
    "entryPrice": 67707.1,
    "tp": null,
    "sl": null,
    "closePrice": null,
    "grossProfit": 0,
    "pips": 0,
    "balance": null,
    "equity": 111850
  },
  {
    "serial": 51,
    "orderId": null,
    "positionId": 26,
    "event": "Position Closed",
    "time": 1637100060000,
    "volume": 0.49,
    "quantity": 0.49,
    "type": "Buy",
    "entryPrice": 67707.1,
    "tp": null,
    "sl": null,
    "closePrice": 60526,
    "grossProfit": -3277.39,
    "pips": -71811,
    "balance": 108514.94,
    "equity": 108459.09
  },
  {
    "serial": 52,
    "orderId": null,
    "positionId": 27,
    "event": "Create Position",
    "time": 1644271320000,
    "volume": 0.59,
    "quantity": 0.59,
    "type": "Buy",
    "entryPrice": 44082.1,
    "tp": null,
    "sl": null,
    "closePrice": null,
    "grossProfit": 0,
    "pips": 0,
    "balance": null,
    "equity": 108514.94
  },
  {
    "serial": 53,
    "orderId": null,
    "positionId": 27,
    "event": "Position Closed",
    "time": 1645135320000,
    "volume": 0.59,
    "quantity": 0.59,
    "type": "Buy",
    "entryPrice": 44082.1,
    "tp": null,
    "sl": null,
    "closePrice": 40724,
    "grossProfit": -1845.38,
    "pips": -33581,
    "balance": 106602.39,
    "equity": 106537.42
  },
  {
    "serial": 54,
    "orderId": null,
    "positionId": 28,
    "event": "Create Position",
    "time": 1648414920000,
    "volume": 0.73,
    "quantity": 0.73,
    "type": "Buy",
    "entryPrice": 46048.1,
    "tp": null,
    "sl": null,
    "closePrice": null,
    "grossProfit": 0,
    "pips": 0,
    "balance": null,
    "equity": 106602.39
  },
  {
    "serial": 55,
    "orderId": null,
    "positionId": 28,
    "event": "Position Closed",
    "time": 1649278920000,
    "volume": 0.73,
    "quantity": 0.73,
    "type": "Buy",
    "entryPrice": 46048.1,
    "tp": null,
    "sl": null,
    "closePrice": 43856,
    "grossProfit": -1490.47,
    "pips": -21921,
    "balance": 105022.94,
    "equity": 104936.68
  },
  {
    "serial": 56,
    "orderId": null,
    "positionId": 29,
    "event": "Create Position",
    "time": 1658264520000,
    "volume": 1.05,
    "quantity": 1.05,
    "type": "Buy",
    "entryPrice": 23308.1,
    "tp": null,
    "sl": null,
    "closePrice": null,
    "grossProfit": 0,
    "pips": 0,
    "balance": null,
    "equity": 105022.94
  },
  {
    "serial": 57,
    "orderId": null,
    "positionId": 29,
    "event": "Position Closed",
    "time": 1660942920000,
    "volume": 1.05,
    "quantity": 1.05,
    "type": "Buy",
    "entryPrice": 23308.1,
    "tp": null,
    "sl": null,
    "closePrice": 21266,
    "grossProfit": -1997.14,
    "pips": -20421,
    "balance": 102817.36,
    "equity": 102612.84
  },
  {
    "serial": 58,
    "orderId": null,
    "positionId": 30,
    "event": "Create Position",
    "time": 1663016520000,
    "volume": 1.58,
    "quantity": 1.58,
    "type": "Buy",
    "entryPrice": 22384.1,
    "tp": null,
    "sl": null,
    "closePrice": null,
    "grossProfit": 0,
    "pips": 0,
    "balance": null,
    "equity": 102817.36
  },
  {
    "serial": 59,
    "orderId": null,
    "positionId": 30,
    "event": "Position Closed",
    "time": 1667944800000,
    "volume": 1.58,
    "quantity": 1.58,
    "type": "Buy",
    "entryPrice": 22384.1,
    "tp": null,
    "sl": null,
    "closePrice": 18686,
    "grossProfit": -5442.23,
    "pips": -36981,
    "balance": 96917.12,
    "equity": 96465.01
  },
  {
    "serial": 60,
    "orderId": null,
    "positionId": 31,
    "event": "Create Position",
    "time": 1670968920000,
    "volume": 3.12,
    "quantity": 3.12,
    "type": "Buy",
    "entryPrice": 17730.1,
    "tp": null,
    "sl": null,
    "closePrice": null,
    "grossProfit": 0,
    "pips": 0,
    "balance": null,
    "equity": 96917.12
  },
  {
    "serial": 61,
    "orderId": null,
    "positionId": 31,
    "event": "Position Closed",
    "time": 1671314520000,
    "volume": 3.12,
    "quantity": 3.12,
    "type": "Buy",
    "entryPrice": 17730.1,
    "tp": null,
    "sl": null,
    "closePrice": 16709,
    "grossProfit": -2967.32,
    "pips": -10211,
    "balance": 93869.89,
    "equity": 93801.62
  },
  {
    "serial": 62,
    "orderId": null,
    "positionId": 32,
    "event": "Create Position",
    "time": 1673301720000,
    "volume": 5.31,
    "quantity": 5.31,
    "type": "Buy",
    "entryPrice": 17164.1,
    "tp": null,
    "sl": null,
    "closePrice": null,
    "grossProfit": 0,
    "pips": 0,
    "balance": null,
    "equity": 93869.89
  },
  {
    "serial": 63,
    "orderId": null,
    "positionId": 32,
    "event": "Position Closed",
    "time": 1675980120000,
    "volume": 5.31,
    "quantity": 5.31,
    "type": "Buy",
    "entryPrice": 17164.1,
    "tp": null,
    "sl": null,
    "closePrice": 21850,
    "grossProfit": 23175.49,
    "pips": 46859,
    "balance": 116104.89,
    "equity": 115184.22
  },
  {
    "serial": 64,
    "orderId": null,
    "positionId": 33,
    "event": "Create Position",
    "time": 1676584920000,
    "volume": 1.83,
    "quantity": 1.83,
    "type": "Buy",
    "entryPrice": 24534.1,
    "tp": null,
    "sl": null,
    "closePrice": null,
    "grossProfit": 0,
    "pips": 0,
    "balance": null,
    "equity": 116104.89
  },
  {
    "serial": 65,
    "orderId": null,
    "positionId": 33,
    "event": "Position Closed",
    "time": 1677276120000,
    "volume": 1.83,
    "quantity": 1.83,
    "type": "Buy",
    "entryPrice": 24534.1,
    "tp": null,
    "sl": null,
    "closePrice": 23046,
    "grossProfit": -2536.44,
    "pips": -14881,
    "balance": 113449.06,
    "equity": 113336.49
  },
  {
    "serial": 66,
    "orderId": null,
    "positionId": 34,
    "event": "Create Position",
    "time": 1679086920000,
    "volume": 1.23,
    "quantity": 1.23,
    "type": "Buy",
    "entryPrice": 26828.1,
    "tp": null,
    "sl": null,
    "closePrice": null,
    "grossProfit": 0,
    "pips": 0,
    "balance": null,
    "equity": 113449.06
  },
  {
    "serial": 67,
    "orderId": null,
    "positionId": 34,
    "event": "Position Closed",
    "time": 1682024520000,
    "volume": 1.23,
    "quantity": 1.23,
    "type": "Buy",
    "entryPrice": 26828.1,
    "tp": null,
    "sl": null,
    "closePrice": 28195,
    "grossProfit": 1565.97,
    "pips": 13669,
    "balance": 114723.46,
    "equity": 114436.47
  },
  {
    "serial": 68,
    "orderId": null,
    "positionId": 35,
    "event": "Create Position",
    "time": 1687381320000,
    "volume": 1.42,
    "quantity": 1.42,
    "type": "Buy",
    "entryPrice": 29912.1,
    "tp": null,
    "sl": null,
    "closePrice": null,
    "grossProfit": 0,
    "pips": 0,
    "balance": null,
    "equity": 114723.46
  },
  {
    "serial": 69,
    "orderId": null,
    "positionId": 35,
    "event": "Position Closed",
    "time": 1690232520000,
    "volume": 1.42,
    "quantity": 1.42,
    "type": "Buy",
    "entryPrice": 29912.1,
    "tp": null,
    "sl": null,
    "closePrice": 29134,
    "grossProfit": -1029.12,
    "pips": -7781,
    "balance": 113326.5,
    "equity": 112963.96
  },
  {
    "serial": 70,
    "orderId": null,
    "positionId": 36,
    "event": "Create Position",
    "time": 1696280520000,
    "volume": 2.35,
    "quantity": 2.35,
    "type": "Buy",
    "entryPrice": 27840.1,
    "tp": null,
    "sl": null,
    "closePrice": null,
    "grossProfit": 0,
    "pips": 0,
    "balance": null,
    "equity": 113326.5
  },
  {
    "serial": 71,
    "orderId": null,
    "positionId": 36,
    "event": "Position Closed",
    "time": 1697058120000,
    "volume": 2.35,
    "quantity": 2.35,
    "type": "Buy",
    "entryPrice": 27840.1,
    "tp": null,
    "sl": null,
    "closePrice": 26699,
    "grossProfit": -2497.66,
    "pips": -11411,
    "balance": 110671.28,
    "equity": 110522.48
  },
  {
    "serial": 72,
    "orderId": null,
    "positionId": 37,
    "event": "Create Position",
    "time": 1698094920000,
    "volume": 1.62,
    "quantity": 1.62,
    "type": "Buy",
    "entryPrice": 31603.1,
    "tp": null,
    "sl": null,
    "closePrice": null,
    "grossProfit": 0,
    "pips": 0,
    "balance": null,
    "equity": 110671.28
  },
  {
    "serial": 73,
    "orderId": null,
    "positionId": 37,
    "event": "Position Closed",
    "time": 1705615320000,
    "volume": 1.62,
    "quantity": 1.62,
    "type": "Buy",
    "entryPrice": 31603.1,
    "tp": null,
    "sl": null,
    "closePrice": 41141,
    "grossProfit": 14391.6,
    "pips": 95379,
    "balance": 123618.53,
    "equity": 122180.22
  },
  {
    "serial": 74,
    "orderId": null,
    "positionId": 38,
    "event": "Create Position",
    "time": 1707343320000,
    "volume": 1.25,
    "quantity": 1.25,
    "type": "Buy",
    "entryPrice": 44173.1,
    "tp": null,
    "sl": null,
    "closePrice": null,
    "grossProfit": 0,
    "pips": 0,
    "balance": null,
    "equity": 123618.53
  },
  {
    "serial": 75,
    "orderId": null,
    "positionId": 38,
    "event": "Position Closed",
    "time": 1710882300000,
    "volume": 1.25,
    "quantity": 1.25,
    "type": "Buy",
    "entryPrice": 44173.1,
    "tp": null,
    "sl": null,
    "closePrice": 63866.41,
    "grossProfit": 22928.2,
    "pips": 196933.1,
    "balance": 145768.68,
    "equity": 144995.29
  },
  {
    "serial": 76,
    "orderId": null,
    "positionId": 39,
    "event": "Create Position",
    "time": 1716239100000,
    "volume": 0.71,
    "quantity": 0.71,
    "type": "Buy",
    "entryPrice": 69247.41,
    "tp": null,
    "sl": null,
    "closePrice": null,
    "grossProfit": 0,
    "pips": 0,
    "balance": null,
    "equity": 145768.68
  },
  {
    "serial": 77,
    "orderId": null,
    "positionId": 39,
    "event": "Position Closed",
    "time": 1718139900000,
    "volume": 0.71,
    "quantity": 0.71,
    "type": "Buy",
    "entryPrice": 69247.41,
    "tp": null,
    "sl": null,
    "closePrice": 67260.34,
    "grossProfit": -1314.05,
    "pips": -19870.7,
    "balance": 144177.12,
    "equity": 143902.25
  }
]