[
  {
    "serial": 0,
    "orderId": null,
    "positionId": 1,
    "event": "Create Position",
    "time": 1436562000000,
    "volume": 13.7,
    "quantity": 13.7,
    "type": "Buy",
    "entryPrice": 284.1,
    "tp": null,
    "sl": null,
    "closePrice": null,
    "grossProfit": 0,
    "pips": 0,
    "balance": null,
    "equity": 10000
  },
  {
    "serial": 1,
    "orderId": null,
    "positionId": 1,
    "event": "Position Closed",
    "time": 1437253200000,
    "volume": 13.7,
    "quantity": 13.7,
    "type": "Buy",
    "entryPrice": 284.1,
    "tp": null,
    "sl": null,
    "closePrice": 265.1,
    "grossProfit": -242.45,
    "pips": -190,
    "balance": 9697.54,
    "equity": 9688.65
  },
  {
    "serial": 2,
    "orderId": null,
    "positionId": 2,
    "event": "Create Position",
    "time": 1444770000000,
    "volume": 28.66,
    "quantity": 28.66,
    "type": "Buy",
    "entryPrice": 246.06,
    "tp": null,
    "sl": null,
    "closePrice": null,
    "grossProfit": 0,
    "pips": 0,
    "balance": null,
    "equity": 9697.54
  },
  {
    "serial": 3,
    "orderId": null,
    "positionId": 2,
    "event": "Position Closed",
    "time": 1447279200000,
    "volume": 28.66,
    "quantity": 28.66,
    "type": "Buy",
    "entryPrice": 246.06,
    "tp": null,
    "sl": null,
    "closePrice": 306.6,
    "grossProfit": 1616.07,
    "pips": 605.4,
    "balance": 11141.96,
    "equity": 11077.25
  },
  {
    "serial": 4,
    "orderId": null,
    "positionId": 3,
    "event": "Create Position",
    "time": 1449439200000,
    "volume": 9.63,
    "quantity": 9.63,
    "type": "Buy",
    "entryPrice": 388.1,
    "tp": null,
    "sl": null,
    "closePrice": null,
    "grossProfit": 0,
    "pips": 0,
    "balance": null,
    "equity": 11141.96
  },
  {
    "serial": 5,
    "orderId": null,
    "positionId": 3,
    "event": "Position Closed",
    "time": 1451167200000,
    "volume": 9.63,
    "quantity": 9.63,
    "type": "Buy",
    "entryPrice": 388.1,
    "tp": null,
    "sl": null,
    "closePrice": 412.1,
    "grossProfit": 215.27,
    "pips": 240,
    "balance": 11298.69,
    "equity": 11276.09
  },
  {
    "serial": 6,
    "orderId": null,
    "positionId": 4,
    "event": "Create Position",
    "time": 1455746400000,
    "volume": 12.73,
    "quantity": 12.73,
    "type": "Buy",
    "entryPrice": 419.23,
    "tp": null,
    "sl": null,
    "closePrice": null,
    "grossProfit": 0,
    "pips": 0,
    "balance": null,
    "equity": 11298.69
  },
  {
    "serial": 7,
    "orderId": null,
    "positionId": 4,
    "event": "Position Closed",
    "time": 1457128800000,
    "volume": 12.73,
    "quantity": 12.73,
    "type": "Buy",
    "entryPrice": 419.23,
    "tp": null,
    "sl": null,
    "closePrice": 411.6,
    "grossProfit": -90.47,
    "pips": -76.3,
    "balance": 11136.02,
    "equity": 11111.32
  },
  {
    "serial": 8,
    "orderId": null,
    "positionId": 5,
    "event": "Create Position",
    "time": 1460754000000,
    "volume": 23.7,
    "quantity": 23.7,
    "type": "Buy",
    "entryPrice": 426.4,
    "tp": null,
    "sl": null,
    "closePrice": null,
    "grossProfit": 0,
    "pips": 0,
    "balance": null,
    "equity": 11136.02
  },
  {
    "serial": 9,
    "orderId": null,
    "positionId": 5,
    "event": "Position Closed",
    "time": 1463691600000,
    "volume": 23.7,
    "quantity": 23.7,
    "type": "Buy",
    "entryPrice": 426.4,
    "tp": null,
    "sl": null,
    "closePrice": 443.43,
    "grossProfit": 375.93,
    "pips": 170.3,
    "balance": 11331.95,
    "equity": 11240.39
  },
  {
    "serial": 10,
    "orderId": null,
    "positionId": 6,
    "event": "Create Position",
    "time": 1464382800000,
    "volume": 18.95,
    "quantity": 18.95,
    "type": "Buy",
    "entryPrice": 468.1,
    "tp": null,
    "sl": null,
    "closePrice": null,
    "grossProfit": 0,
    "pips": 0,
    "balance": null,
    "equity": 11331.95
  },
  {
    "serial": 11,
    "orderId": null,
    "positionId": 6,
    "event": "Position Closed",
    "time": 1466542800000,
    "volume": 18.95,
    "quantity": 18.95,
    "type": "Buy",
    "entryPrice": 468.1,
    "tp": null,
    "sl": null,
    "closePrice": 628.1,
    "grossProfit": 2824.04,
    "pips": 1600,
    "balance": 14012.78,
    "equity": 13940.29
  },
  {
    "serial": 12,
    "orderId": null,
    "positionId": 7,
    "event": "Create Position",
    "time": 1472936400000,
    "volume": 15.71,
    "quantity": 15.71,
    "type": "Buy",
    "entryPrice": 602.08,
    "tp": null,
    "sl": null,
    "closePrice": null,
    "grossProfit": 0,
    "pips": 0,
    "balance": null,
    "equity": 14012.78
  },
  {
    "serial": 13,
    "orderId": null,
    "positionId": 7,
    "event": "Position Closed",
    "time": 1476910800000,
    "volume": 15.71,
    "quantity": 15.71,
    "type": "Buy",
    "entryPrice": 602.08,
    "tp": null,
    "sl": null,
    "closePrice": 627.98,
    "grossProfit": 378.98,
    "pips": 259,
    "balance": 14220.05,
    "equity": 14106.96
  },
  {
    "serial": 14,
    "orderId": null,
    "positionId": 8,
    "event": "Create Position",
    "time": 1477170000000,
    "volume": 19.89,
    "quantity": 19.89,
    "type": "Buy",
    "entryPrice": 650.1,
    "tp": null,
    "sl": null,
    "closePrice": null,
    "grossProfit": 0,
    "pips": 0,
    "balance": null,
    "equity": 14220.05
  },
  {
    "serial": 15,
    "orderId": null,
    "positionId": 8,
    "event": "Position Closed",
    "time": 1483740000000,
    "volume": 19.89,
    "quantity": 19.89,
    "type": "Buy",
    "entryPrice": 650.1,
    "tp": null,
    "sl": null,
    "closePrice": 855.9,
    "grossProfit": 3812.6,
    "pips": 2058,
    "balance": 17652.91,
    "equity": 17347.39
  },
  {
    "serial": 16,
    "orderId": null,
    "positionId": 9,
    "event": "Create Position",
    "time": 1485986400000,
    "volume": 7.41,
    "quantity": 7.41,
    "type": "Buy",
    "entryPrice": 961.12,
    "tp": null,
    "sl": null,
    "closePrice": null,
    "grossProfit": 0,
    "pips": 0,
    "balance": null,
    "equity": 17652.91
  },
  {
    "serial": 17,
    "orderId": null,
    "positionId": 9,
    "event": "Position Closed",
    "time": 1486677600000,
    "volume": 7.41,
    "quantity": 7.41,
    "type": "Buy",
    "entryPrice": 961.12,
    "tp": null,
    "sl": null,
    "closePrice": 940.5,
    "grossProfit": -142.31,
    "pips": -206.2,
    "balance": 17467.84,
    "equity": 17452.74
  },
  {
    "serial": 18,
    "orderId": null,
    "positionId": 10,
    "event": "Create Position",
    "time": 1487714400000,
    "volume": 6.43,
    "quantity": 6.43,
    "type": "Buy",
    "entryPrice": 1079.76,
    "tp": null,
    "sl": null,
    "closePrice": null,
    "grossProfit": 0,
    "pips": 0,
    "balance": null,
    "equity": 17467.84
  },
  {
    "serial": 19,
    "orderId": null,
    "positionId": 10,
    "event": "Position Closed",
    "time": 1489010400000,
    "volume": 6.43,
    "quantity": 6.43,
    "type": "Buy",
    "entryPrice": 1079.76,
    "tp": null,
    "sl": null,
    "closePrice": 1141.6,
    "grossProfit": 370.36,
    "pips": 618.4,
    "balance": 17784.98,
    "equity": 17755.76
  },
  {
    "serial": 20,
    "orderId": null,
    "positionId": 11,
    "event": "Create Position",
    "time": 1491944400000,
    "volume": 4.57,
    "quantity": 4.57,
    "type": "Buy",
    "entryPrice": 1211.4,
    "tp": null,
    "sl": null,
    "closePrice": null,
    "grossProfit": 0,
    "pips": 0,
    "balance": null,
    "equity": 17784.98
  },
  {
    "serial": 21,
    "orderId": null,
    "positionId": 11,
    "event": "Position Closed",
    "time": 1498510800000,
    "volume": 4.57,
    "quantity": 4.57,
    "type": "Buy",
    "entryPrice": 1211.4,
    "tp": null,
    "sl": null,
    "closePrice": 2356.43,
    "grossProfit": 4873.87,
    "pips": 11450.3,
    "balance": 22470.73,
    "equity": 22299.67
  },
  {
    "serial": 22,
    "orderId": null,
    "positionId": 12,
    "event": "Create Position",
    "time": 1501534800000,
    "volume": 1.48,
    "quantity": 1.48,
    "type": "Buy",
    "entryPrice": 2871,
    "tp": null,
    "sl": null,
    "closePrice": null,
    "grossProfit": 0,
    "pips": 0,
    "balance": null,
    "equity": 22470.73
  },
  {
    "serial": 23,
    "orderId": null,
    "positionId": 12,
    "event": "Position Closed",
    "time": 1505336400000,
    "volume": 1.48,
    "quantity": 1.48,
    "type": "Buy",
    "entryPrice": 2871,
    "tp": null,
    "sl": null,
    "closePrice": 3892.2,
    "grossProfit": 1407.71,
    "pips": 10212,
    "balance": 23806.98,
    "equity": 23741.04
  },
  {
    "serial": 24,
    "orderId": null,
    "positionId": 13,
    "event": "Create Position",
    "time": 1507496400000,
    "volume": 1.36,
    "quantity": 1.36,
    "type": "Buy",
    "entryPrice": 4576.3,
    "tp": null,
    "sl": null,
    "closePrice": null,
    "grossProfit": 0,
    "pips": 0,
    "balance": null,
    "equity": 23806.98
  },
  {
    "serial": 25,
    "orderId": null,
    "positionId": 13,
    "event": "Position Closed",
    "time": 1510351200000,
    "volume": 1.36,
    "quantity": 1.36,
    "type": "Buy",
    "entryPrice": 4576.3,
    "tp": null,
    "sl": null,
    "closePrice": 6549,
    "grossProfit": 2498.86,
    "pips": 19727,
    "balance": 26226.85,
    "equity": 26152.94
  },
  {
    "serial": 26,
    "orderId": null,
    "positionId": 14,
    "event": "Create Position",
    "time": 1510869600000,
    "volume": 0.55,
    "quantity": 0.55,
    "type": "Buy",
    "entryPrice": 7896.2,
    "tp": null,
    "sl": null,
    "closePrice": null,
    "grossProfit": 0,
    "pips": 0,
    "balance": null,
    "equity": 26226.85
  },
  {
    "serial": 27,
    "orderId": null,
    "positionId": 14,
    "event": "Position Closed",
    "time": 1513893600000,
    "volume": 0.55,
    "quantity": 0.55,
    "type": "Buy",
    "entryPrice": 7896.2,
    "tp": null,
    "sl": null,
    "closePrice": 15511,
    "grossProfit": 3900.88,
    "pips": 76148,
    "balance": 30064.18,
    "equity": 30002.69
  },
  {
    "serial": 28,
    "orderId": null,
    "positionId": 15,
    "event": "Create Position",
    "time": 1556053200000,
    "volume": 1.37,
    "quantity": 1.37,
    "type": "Buy",
    "entryPrice": 5566.86,
    "tp": null,
    "sl": null,
    "closePrice": null,
    "grossProfit": 0,
    "pips": 0,
    "balance": null,
    "equity": 30064.18
  },
  {
    "serial": 29,
    "orderId": null,
    "positionId": 15,
    "event": "Position Closed",
    "time": 1556485200000,
    "volume": 1.37,
    "quantity": 1.37,
    "type": "Buy",
    "entryPrice": 5566.86,
    "tp": null,
    "sl": null,
    "closePrice": 5106.76,
    "grossProfit": -587.1,
    "pips": -4601,
    "balance": 29462.78,
    "equity": 29453.6
  },
  {
    "serial": 30,
    "orderId": null,
    "positionId": 16,
    "event": "Create Position",
    "time": 1557090000000,
    "volume": 1.55,
    "quantity": 1.55,
    "type": "Buy",
    "entryPrice": 5769.86,
    "tp": null,
    "sl": null,
    "closePrice": null,
    "grossProfit": 0,
    "pips": 0,
    "balance": null,
    "equity": 29462.78
  },
  {
    "serial": 31,
    "orderId": null,
    "positionId": 16,
    "event": "Position Closed",
    "time": 1559682000000,
    "volume": 1.55,
    "quantity": 1.55,
    "type": "Buy",
    "entryPrice": 5769.86,
    "tp": null,
    "sl": null,
    "closePrice": 7591.48,
    "grossProfit": 2629.85,
    "pips": 18216.2,
    "balance": 31994.16,
    "equity": 31901.47
  },
  {
    "serial": 32,
    "orderId": null,
    "positionId": 17,
    "event": "Create Position",
    "time": 1560805200000,
    "volume": 0.77,
    "quantity": 0.77,
    "type": "Buy",
    "entryPrice": 9243.84,
    "tp": null,
    "sl": null,
    "closePrice": null,
    "grossProfit": 0,
    "pips": 0,
    "balance": null,
    "equity": 31994.16
  },
  {
    "serial": 33,
    "orderId": null,
    "positionId": 17,
    "event": "Position Closed",
    "time": 1563310800000,
    "volume": 0.77,
    "quantity": 0.77,
    "type": "Buy",
    "entryPrice": 9243.84,
    "tp": null,
    "sl": null,
    "closePrice": 9587.43,
    "grossProfit": 246.42,
    "pips": 3435.9,
    "balance": 32175.32,
    "equity": 32112.94
  },
  {
    "serial": 34,
    "orderId": null,
    "positionId": 18,
    "event": "Create Position",
    "time": 1579039200000,
    "volume": 0.99,
    "quantity": 0.99,
    "type": "Buy",
    "entryPrice": 8735.84,
    "tp": null,
    "sl": null,
    "closePrice": null,
    "grossProfit": 0,
    "pips": 0,
    "balance": null,
    "equity": 32175.32
  },
  {
    "serial": 35,
    "orderId": null,
    "positionId": 18,
    "event": "Position Closed",
    "time": 1582754400000,
    "volume": 0.99,
    "quantity": 0.99,
    "type": "Buy",
    "entryPrice": 8735.84,
    "tp": null,
    "sl": null,
    "closePrice": 8746.5,
    "grossProfit": 9.83,
    "pips": 106.6,
    "balance": 32079.39,
    "equity": 31977.33
  },
  {
    "serial": 36,
    "orderId": null,
    "positionId": 19,
    "event": "Create Position",
    "time": 1588194000000,
    "volume": 0.86,
    "quantity": 0.86,
    "type": "Buy",
    "entryPrice": 8783.16,
    "tp": null,
    "sl": null,
    "closePrice": null,
    "grossProfit": 0,
    "pips": 0,
    "balance": null,
    "equity": 32079.39
  },
  {
    "serial": 37,
    "orderId": null,
    "positionId": 19,
    "event": "Position Closed",
    "time": 1598389200000,
    "volume": 0.86,
    "quantity": 0.86,
    "type": "Buy",
    "entryPrice": 8783.16,
    "tp": null,
    "sl": null,
    "closePrice": 11253.04,
    "grossProfit": 1978.41,
    "pips": 24698.8,
    "balance": 33799.13,
    "equity": 33543.66
  },
  {
    "serial": 38,
    "orderId": null,
    "positionId": 20,
    "event": "Create Position",
    "time": 1602536400000,
    "volume": 1.23,
    "quantity": 1.23,
    "type": "Buy",
    "entryPrice": 11555.6,
    "tp": null,
    "sl": null,
    "closePrice": null,
    "grossProfit": 0,
    "pips": 0,
    "balance": null,
    "equity": 33799.13
  },
  {
    "serial": 39,
    "orderId": null,
    "positionId": 20,
    "event": "Position Closed",
    "time": 1611266460000,
    "volume": 1.23,
    "quantity": 1.23,
    "type": "Buy",
    "entryPrice": 11555.6,
    "tp": null,
    "sl": null,
    "closePrice": 31111.5,
    "grossProfit": 22403.93,
    "pips": 195559,
    "balance": 55520.36,
    "equity": 54842.24
  },
  {
    "serial": 40,
    "orderId": null,
    "positionId": 21,
    "event": "Create Position",
    "time": 1612821900000,
    "volume": 0.18,
    "quantity": 0.18,
    "type": "Buy",
    "entryPrice": 44842.39,
    "tp": null,
    "sl": null,
    "closePrice": null,
    "grossProfit": 0,
    "pips": 0,
    "balance": null,
    "equity": 55520.36
  },
  {
    "serial": 41,
    "orderId": null,
    "positionId": 21,
    "event": "Position Closed",
    "time": 1616706300000,
    "volume": 0.18,
    "quantity": 0.18,
    "type": "Buy",
    "entryPrice": 44842.39,
    "tp": null,
    "sl": null,
    "closePrice": 52189.26,
    "grossProfit": 1231.73,
    "pips": 73468.7,
    "balance": 56644.03,
    "equity": 56536.65
  },
  {
    "serial": 42,
    "orderId": null,
    "positionId": 22,
    "event": "Create Position",
    "time": 1618347900000,
    "volume": 0.23,
    "quantity": 0.23,
    "type": "Buy",
    "entryPrice": 63151.06,
    "tp": null,
    "sl": null,
    "closePrice": null,
    "grossProfit": 0,
    "pips": 0,
    "balance": null,
    "equity": 56644.03
  },
  {
    "serial": 43,
    "orderId": null,
    "positionId": 22,
    "event": "Position Closed",
    "time": 1619125500000,
    "volume": 0.23,
    "quantity": 0.23,
    "type": "Buy",
    "entryPrice": 63151.06,
    "tp": null,
    "sl": null,
    "closePrice": 51151.26,
    "grossProfit": -2570.65,
    "pips": -119998,
    "balance": 54042.37,
    "equity": 54012.22
  },
  {
    "serial": 44,
    "orderId": null,
    "positionId": 23,
    "event": "Create Position",
    "time": 1627333260000,
    "volume": 0.31,
    "quantity": 0.31,
    "type": "Buy",
    "entryPrice": 37526.6,
    "tp": null,
    "sl": null,
    "closePrice": null,
    "grossProfit": 0,
    "pips": 0,
    "balance": null,
    "equity": 54042.37
  },
  {
    "serial": 45,
    "orderId": null,
    "positionId": 23,
    "event": "Position Closed",
    "time": 1632258060000,
    "volume": 0.31,
    "quantity": 0.31,
    "type": "Buy",
    "entryPrice": 37526.6,
    "tp": null,
    "sl": null,
    "closePrice": 40980,
    "grossProfit": 997.13,
    "pips": 34534,
    "balance": 54831.98,
    "equity": 54625.62
  },
  {
    "serial": 46,
    "orderId": null,
    "positionId": 24,
    "event": "Create Position",
    "time": 1633467660000,
    "volume": 0.25,
    "quantity": 0.25,
    "type": "Buy",
    "entryPrice": 51476.1,
    "tp": null,
    "sl": null,
    "closePrice": null,
    "grossProfit": 0,
    "pips": 0,
    "balance": null,
    "equity": 54831.98
  },
  {
    "serial": 47,
    "orderId": null,
    "positionId": 24,
    "event": "Position Closed",
    "time": 1635368460000,
    "volume": 0.25,
    "quantity": 0.25,
    "type": "Buy",
    "entryPrice": 51476.1,
    "tp": null,
    "sl": null,
    "closePrice": 58993,
    "grossProfit": 1750.33,
    "pips": 75169,
    "balance": 56498.1,
    "equity": 56414.83
  },
  {
    "serial": 48,
    "orderId": null,
    "positionId": 25,
    "event": "Create Position",
    "time": 1636495260000,
    "volume": 0.24,
    "quantity": 0.24,
    "type": "Buy",
    "entryPrice": 67707.1,
    "tp": null,
    "sl": null,
    "closePrice": null,
    "grossProfit": 0,
    "pips": 0,
    "balance": null,
    "equity": 56498.1
  },
  {
    "serial": 49,
    "orderId": null,
    "positionId": 25,
    "event": "Position Closed",
    "time": 1637100060000,
    "volume": 0.24,
    "quantity": 0.24,
    "type": "Buy",
    "entryPrice": 67707.1,
    "tp": null,
    "sl": null,
    "closePrice": 60526,
    "grossProfit": -1605.25,
    "pips": -71811,
    "balance": 54864.6,
    "equity": 54837.25
  },
  {
    "serial": 50,
    "orderId": null,
    "positionId": 26,
    "event": "Create Position",
    "time": 1673647320000,
    "volume": 1.93,
    "quantity": 1.93,
    "type": "Buy",
    "entryPrice": 19828.1,
    "tp": null,
    "sl": null,
    "closePrice": null,
    "grossProfit": 0,
    "pips": 0,
    "balance": null,
    "equity": 54864.6
  },
  {
    "serial": 51,
    "orderId": null,
    "positionId": 26,
    "event": "Position Closed",
    "time": 1675980120000,
    "volume": 1.93,
    "quantity": 1.93,
    "type": "Buy",
    "entryPrice": 19828.1,
    "tp": null,
    "sl": null,
    "closePrice": 21850,
    "grossProfit": 3634.61,
    "pips": 20219,
    "balance": 58212.81,
    "equity": 57933.61
  },
  {
    "serial": 52,
    "orderId": null,
    "positionId": 27,
    "event": "Create Position",
    "time": 1676584920000,
    "volume": 0.91,
    "quantity": 0.91,
    "type": "Buy",
    "entryPrice": 24534.1,
    "tp": null,
    "sl": null,
    "closePrice": null,
    "grossProfit": 0,
    "pips": 0,
    "balance": null,
    "equity": 58212.81
  },
  {
    "serial": 53,
    "orderId": null,
    "positionId": 27,
    "event": "Position Closed",
    "time": 1677276120000,
    "volume": 0.91,
    "quantity": 0.91,
    "type": "Buy",
    "entryPrice": 24534.1,
    "tp": null,
    "sl": null,
    "closePrice": 23046,
    "grossProfit": -1261.29,
    "pips": -14881,
    "balance": 56892.14,
    "equity": 56836.16
  },
  {
    "serial": 54,
    "orderId": null,
    "positionId": 28,
    "event": "Create Position",
    "time": 1679086920000,
    "volume": 0.62,
    "quantity": 0.62,
    "type": "Buy",
    "entryPrice": 26828.1,
    "tp": null,
    "sl": null,
    "closePrice": null,
    "grossProfit": 0,
    "pips": 0,
    "balance": null,
    "equity": 56892.14
  },
  {
    "serial": 55,
    "orderId": null,
    "positionId": 28,
    "event": "Position Closed",
    "time": 1682024520000,
    "volume": 0.62,
    "quantity": 0.62,
    "type": "Buy",
    "entryPrice": 26828.1,
    "tp": null,
    "sl": null,
    "closePrice": 28195,
    "grossProfit": 789.35,
    "pips": 13669,
    "balance": 57534.49,
    "equity": 57389.81
  },
  {
    "serial": 56,
    "orderId": null,
    "positionId": 29,
    "event": "Create Position",
    "time": 1687381320000,
    "volume": 0.71,
    "quantity": 0.71,
    "type": "Buy",
    "entryPrice": 29912.1,
    "tp": null,
    "sl": null,
    "closePrice": null,
    "grossProfit": 0,
    "pips": 0,
    "balance": null,
    "equity": 57534.49
  },
  {
    "serial": 57,
    "orderId": null,
    "positionId": 29,
    "event": "Position Closed",
    "time": 1690232520000,
    "volume": 0.71,
    "quantity": 0.71,
    "type": "Buy",
    "entryPrice": 29912.1,
    "tp": null,
    "sl": null,
    "closePrice": 29134,
    "grossProfit": -514.56,
    "pips": -7781,
    "balance": 56835.98,
    "equity": 56654.67
  },
  {
    "serial": 58,
    "orderId": null,
    "positionId": 30,
    "event": "Create Position",
    "time": 1698094920000,
    "volume": 0.83,
    "quantity": 0.83,
    "type": "Buy",
    "entryPrice": 31603.1,
    "tp": null,
    "sl": null,
    "closePrice": null,
    "grossProfit": 0,
    "pips": 0,
    "balance": null,
    "equity": 56835.98
  },
  {
    "serial": 59,
    "orderId": null,
    "positionId": 30,
    "event": "Position Closed",
    "time": 1705183320000,
    "volume": 0.83,
    "quantity": 0.83,
    "type": "Buy",
    "entryPrice": 31603.1,
    "tp": null,
    "sl": null,
    "closePrice": 42941,
    "grossProfit": 8765,
    "pips": 113379,
    "balance": 64896.85,
    "equity": 64195.82
  },
  {
    "serial": 60,
    "orderId": null,
    "positionId": 31,
    "event": "Create Position",
    "time": 1707343320000,
    "volume": 0.66,
    "quantity": 0.66,
    "type": "Buy",
    "entryPrice": 44173.1,
    "tp": null,
    "sl": null,
    "closePrice": null,
    "grossProfit": 0,
    "pips": 0,
    "balance": null,
    "equity": 64896.85
  },
  {
    "serial": 61,
    "orderId": null,
    "positionId": 31,
    "event": "Position Closed",
    "time": 1710882300000,
    "volume": 0.66,
    "quantity": 0.66,
    "type": "Buy",
    "entryPrice": 44173.1,
    "tp": null,
    "sl": null,
    "closePrice": 63866.41,
    "grossProfit": 12106.09,
    "pips": 196933.1,
    "balance": 76592.14,
    "equity": 76183.8
  },
  {
    "serial": 62,
    "orderId": null,
    "positionId": 32,
    "event": "Create Position",
    "time": 1716239100000,
    "volume": 0.37,
    "quantity": 0.37,
    "type": "Buy",
    "entryPrice": 69247.41,
    "tp": null,
    "sl": null,
    "closePrice": null,
    "grossProfit": 0,
    "pips": 0,
    "balance": null,
    "equity": 76592.14
  },
  {
    "serial": 63,
    "orderId": null,
    "positionId": 32,
    "event": "Position Closed",
    "time": 1718139900000,
    "volume": 0.37,
    "quantity": 0.37,
    "type": "Buy",
    "entryPrice": 69247.41,
    "tp": null,
    "sl": null,
    "closePrice": 67260.34,
    "grossProfit": -684.79,
    "pips": -19870.7,
    "balance": 75762.73,
    "equity": 75619.49
  }
]