[
  {
    "serial": 0,
    "orderId": null,
    "positionId": 1,
    "event": "Create Position",
    "time": 1436562000000,
    "volume": 13.7,
    "quantity": 13.7,
    "type": "Buy",
    "entryPrice": 284.1,
    "tp": null,
    "sl": null,
    "closePrice": null,
    "grossProfit": 0,
    "pips": 0,
    "balance": null,
    "equity": 10000
  },
  {
    "serial": 1,
    "orderId": null,
    "positionId": 1,
    "event": "Position Closed",
    "time": 1438894800000,
    "volume": 13.7,
    "quantity": 13.7,
    "type": "Buy",
    "entryPrice": 284.1,
    "tp": null,
    "sl": null,
    "closePrice": 273.58,
    "grossProfit": -134.24,
    "pips": -105.2,
    "balance": 9788.14,
    "equity": 9761.64
  },
  {
    "serial": 2,
    "orderId": null,
    "positionId": 2,
    "event": "Create Position",
    "time": 1444770000000,
    "volume": 28.93,
    "quantity": 28.93,
    "type": "Buy",
    "entryPrice": 246.06,
    "tp": null,
    "sl": null,
    "closePrice": null,
    "grossProfit": 0,
    "pips": 0,
    "balance": null,
    "equity": 9788.14
  },
  {
    "serial": 3,
    "orderId": null,
    "positionId": 2,
    "event": "Position Closed",
    "time": 1451167200000,
    "volume": 28.93,
    "quantity": 28.93,
    "type": "Buy",
    "entryPrice": 246.06,
    "tp": null,
    "sl": null,
    "closePrice": 412.1,
    "grossProfit": 4474.07,
    "pips": 1660.4,
    "balance": 13958.55,
    "equity": 13762.85
  },
  {
    "serial": 4,
    "orderId": null,
    "positionId": 3,
    "event": "Create Position",
    "time": 1455487200000,
    "volume": 16.76,
    "quantity": 16.76,
    "type": "Buy",
    "entryPrice": 402.9,
    "tp": null,
    "sl": null,
    "closePrice": null,
    "grossProfit": 0,
    "pips": 0,
    "balance": null,
    "equity": 13958.55
  },
  {
    "serial": 5,
    "orderId": null,
    "positionId": 3,
    "event": "Position Closed",
    "time": 1457128800000,
    "volume": 16.76,
    "quantity": 16.76,
    "type": "Buy",
    "entryPrice": 402.9,
    "tp": null,
    "sl": null,
    "closePrice": 411.6,
    "grossProfit": 135.81,
    "pips": 87,
    "balance": 13994.08,
    "equity": 13956.34
  },
  {
    "serial": 6,
    "orderId": null,
    "positionId": 4,
    "event": "Create Position",
    "time": 1459112400000,
    "volume": 24.34,
    "quantity": 24.34,
    "type": "Buy",
    "entryPrice": 422.23,
    "tp": null,
    "sl": null,
    "closePrice": null,
    "grossProfit": 0,
    "pips": 0,
    "balance": null,
    "equity": 13994.08
  },
  {
    "serial": 7,
    "orderId": null,
    "positionId": 4,
    "event": "Position Closed",
    "time": 1463691600000,
    "volume": 24.34,
    "quantity": 24.34,
    "type": "Buy",
    "entryPrice": 422.23,
    "tp": null,
    "sl": null,
    "closePrice": 443.43,
    "grossProfit": 480.62,
    "pips": 212,
    "balance": 14240.64,
    "equity": 14097.4
  },
  {
    "serial": 8,
    "orderId": null,
    "positionId": 5,
    "event": "Create Position",
    "time": 1464382800000,
    "volume": 23.82,
    "quantity": 23.82,
    "type": "Buy",
    "entryPrice": 468.1,
    "tp": null,
    "sl": null,
    "closePrice": null,
    "grossProfit": 0,
    "pips": 0,
    "balance": null,
    "equity": 14240.64
  },
  {
    "serial": 9,
    "orderId": null,
    "positionId": 5,
    "event": "Position Closed",
    "time": 1469998800000,
    "volume": 23.82,
    "quantity": 23.82,
    "type": "Buy",
    "entryPrice": 468.1,
    "tp": null,
    "sl": null,
    "closePrice": 627.3,
    "grossProfit": 3532.04,
    "pips": 1592,
    "balance": 17436.24,
    "equity": 17188.68
  },
  {
    "serial": 10,
    "orderId": null,
    "positionId": 6,
    "event": "Create Position",
    "time": 1472936400000,
    "volume": 19.55,
    "quantity": 19.55,
    "type": "Buy",
    "entryPrice": 602.08,
    "tp": null,
    "sl": null,
    "closePrice": null,
    "grossProfit": 0,
    "pips": 0,
    "balance": null,
    "equity": 17436.24
  },
  {
    "serial": 11,
    "orderId": null,
    "positionId": 6,
    "event": "Position Closed",
    "time": 1483740000000,
    "volume": 19.55,
    "quantity": 19.55,
    "type": "Buy",
    "entryPrice": 602.08,
    "tp": null,
    "sl": null,
    "closePrice": 855.9,
    "grossProfit": 4621.83,
    "pips": 2538.2,
    "balance": 21534.78,
    "equity": 21084.45
  },
  {
    "serial": 12,
    "orderId": null,
    "positionId": 7,
    "event": "Create Position",
    "time": 1485900000000,
    "volume": 8.55,
    "quantity": 8.55,
    "type": "Buy",
    "entryPrice": 936.1,
    "tp": null,
    "sl": null,
    "closePrice": null,
    "grossProfit": 0,
    "pips": 0,
    "balance": null,
    "equity": 21534.78
  },
  {
    "serial": 13,
    "orderId": null,
    "positionId": 7,
    "event": "Position Closed",
    "time": 1489183200000,
    "volume": 8.55,
    "quantity": 8.55,
    "type": "Buy",
    "entryPrice": 936.1,
    "tp": null,
    "sl": null,
    "closePrice": 1120,
    "grossProfit": 1464.5,
    "pips": 1839,
    "balance": 22872.49,
    "equity": 22777.6
  },
  {
    "serial": 14,
    "orderId": null,
    "positionId": 8,
    "event": "Create Position",
    "time": 1491512400000,
    "volume": 4.29,
    "quantity": 4.29,
    "type": "Buy",
    "entryPrice": 1184.1,
    "tp": null,
    "sl": null,
    "closePrice": null,
    "grossProfit": 0,
    "pips": 0,
    "balance": null,
    "equity": 22872.49
  },
  {
    "serial": 15,
    "orderId": null,
    "positionId": 8,
    "event": "Position Closed",
    "time": 1499806800000,
    "volume": 4.29,
    "quantity": 4.29,
    "type": "Buy",
    "entryPrice": 1184.1,
    "tp": null,
    "sl": null,
    "closePrice": 2291.44,
    "grossProfit": 4424.66,
    "pips": 11073.4,
    "balance": 27073.53,
    "equity": 26865.91
  },
  {
    "serial": 16,
    "orderId": null,
    "positionId": 9,
    "event": "Create Position",
    "time": 1500584400000,
    "volume": 2.27,
    "quantity": 2.27,
    "type": "Buy",
    "entryPrice": 2583.12,
    "tp": null,
    "sl": null,
    "closePrice": null,
    "grossProfit": 0,
    "pips": 0,
    "balance": null,
    "equity": 27073.53
  },
  {
    "serial": 17,
    "orderId": null,
    "positionId": 9,
    "event": "Position Closed",
    "time": 1505336400000,
    "volume": 2.27,
    "quantity": 2.27,
    "type": "Buy",
    "entryPrice": 2583.12,
    "tp": null,
    "sl": null,
    "closePrice": 3892.2,
    "grossProfit": 2767.79,
    "pips": 13090.8,
    "balance": 29714.85,
    "equity": 29596.86
  },
  {
    "serial": 18,
    "orderId": null,
    "positionId": 10,
    "event": "Create Position",
    "time": 1506805200000,
    "volume": 1.12,
    "quantity": 1.12,
    "type": "Buy",
    "entryPrice": 4350.1,
    "tp": null,
    "sl": null,
    "closePrice": null,
    "grossProfit": 0,
    "pips": 0,
    "balance": null,
    "equity": 29714.85
  },
  {
    "serial": 19,
    "orderId": null,
    "positionId": 10,
    "event": "Position Closed",
    "time": 1510524000000,
    "volume": 1.12,
    "quantity": 1.12,
    "type": "Buy",
    "entryPrice": 4350.1,
    "tp": null,
    "sl": null,
    "closePrice": 5864.8,
    "grossProfit": 1580.11,
    "pips": 15147,
    "balance": 31220.03,
    "equity": 31149.28
  },
  {
    "serial": 20,
    "orderId": null,
    "positionId": 11,
    "event": "Create Position",
    "time": 1510869600000,
    "volume": 0.66,
    "quantity": 0.66,
    "type": "Buy",
    "entryPrice": 7896.2,
    "tp": null,
    "sl": null,
    "closePrice": null,
    "grossProfit": 0,
    "pips": 0,
    "balance": null,
    "equity": 31220.03
  },
  {
    "serial": 21,
    "orderId": null,
    "positionId": 11,
    "event": "Position Closed",
    "time": 1513980000000,
    "volume": 0.66,
    "quantity": 0.66,
    "type": "Buy",
    "entryPrice": 7896.2,
    "tp": null,
    "sl": null,
    "closePrice": 13450,
    "grossProfit": 3414.09,
    "pips": 55538,
    "balance": 34551.1,
    "equity": 34470.54
  },
  {
    "serial": 22,
    "orderId": null,
    "positionId": 12,
    "event": "Create Position",
    "time": 1518904800000,
    "volume": 0.39,
    "quantity": 0.39,
    "type": "Buy",
    "entryPrice": 10798.1,
    "tp": null,
    "sl": null,
    "closePrice": null,
    "grossProfit": 0,
    "pips": 0,
    "balance": null,
    "equity": 34551.1
  },
  {
    "serial": 23,
    "orderId": null,
    "positionId": 12,
    "event": "Position Closed",
    "time": 1520632800000,
    "volume": 0.39,
    "quantity": 0.39,
    "type": "Buy",
    "entryPrice": 10798.1,
    "tp": null,
    "sl": null,
    "closePrice": 8965,
    "grossProfit": -665.87,
    "pips": -18331,
    "balance": 33861.14,
    "equity": 33838.51
  },
  {
    "serial": 24,
    "orderId": null,
    "positionId": 13,
    "event": "Create Position",
    "time": 1556053200000,
    "volume": 1.54,
    "quantity": 1.54,
    "type": "Buy",
    "entryPrice": 5566.86,
    "tp": null,
    "sl": null,
    "closePrice": null,
    "grossProfit": 0,
    "pips": 0,
    "balance": null,
    "equity": 33861.14
  },
  {
    "serial": 25,
    "orderId": null,
    "positionId": 13,
    "event": "Position Closed",
    "time": 1563310800000,
    "volume": 1.54,
    "quantity": 1.54,
    "type": "Buy",
    "entryPrice": 5566.86,
    "tp": null,
    "sl": null,
    "closePrice": 9587.43,
    "grossProfit": 5767,
    "pips": 40205.7,
    "balance": 39338.23,
    "equity": 39054.06
  },
  {
    "serial": 26,
    "orderId": null,
    "positionId": 14,
    "event": "Create Position",
    "time": 1572296400000,
    "volume": 1.04,
    "quantity": 1.04,
    "type": "Buy",
    "entryPrice": 9399.49,
    "tp": null,
    "sl": null,
    "closePrice": null,
    "grossProfit": 0,
    "pips": 0,
    "balance": null,
    "equity": 39338.23
  },
  {
    "serial": 27,
    "orderId": null,
    "positionId": 14,
    "event": "Position Closed",
    "time": 1574028000000,
    "volume": 1.04,
    "quantity": 1.04,
    "type": "Buy",
    "entryPrice": 9399.49,
    "tp": null,
    "sl": null,
    "closePrice": 8470.35,
    "grossProfit": -900.03,
    "pips": -9291.4,
    "balance": 38386.8,
    "equity": 38339.28
  },
  {
    "serial": 28,
    "orderId": null,
    "positionId": 15,
    "event": "Create Position",
    "time": 1579039200000,
    "volume": 1.18,
    "quantity": 1.18,
    "type": "Buy",
    "entryPrice": 8735.84,
    "tp": null,
    "sl": null,
    "closePrice": null,
    "grossProfit": 0,
    "pips": 0,
    "balance": null,
    "equity": 38386.8
  },
  {
    "serial": 29,
    "orderId": null,
    "positionId": 15,
    "event": "Position Closed",
    "time": 1582754400000,
    "volume": 1.18,
    "quantity": 1.18,
    "type": "Buy",
    "entryPrice": 8735.84,
    "tp": null,
    "sl": null,
    "closePrice": 8746.5,
    "grossProfit": 11.72,
    "pips": 106.6,
    "balance": 38272.49,
    "equity": 38150.86
  },
  {
    "serial": 30,
    "orderId": null,
    "positionId": 16,
    "event": "Create Position",
    "time": 1588194000000,
    "volume": 1.02,
    "quantity": 1.02,
    "type": "Buy",
    "entryPrice": 8783.16,
    "tp": null,
    "sl": null,
    "closePrice": null,
    "grossProfit": 0,
    "pips": 0,
    "balance": null,
    "equity": 38272.49
  },
  {
    "serial": 31,
    "orderId": null,
    "positionId": 16,
    "event": "Position Closed",
    "time": 1599166800000,
    "volume": 1.02,
    "quantity": 1.02,
    "type": "Buy",
    "entryPrice": 8783.16,
    "tp": null,
    "sl": null,
    "closePrice": 10775.5,
    "grossProfit": 1892.8,
    "pips": 19923.4,
    "balance": 39831.59,
    "equity": 39501.69
  },
  {
    "serial": 32,
    "orderId": null,
    "positionId": 17,
    "event": "Create Position",
    "time": 1602536400000,
    "volume": 1.45,
    "quantity": 1.45,
    "type": "Buy",
    "entryPrice": 11555.6,
    "tp": null,
    "sl": null,
    "closePrice": null,
    "grossProfit": 0,
    "pips": 0,
    "balance": null,
    "equity": 39831.59
  },
  {
    "serial": 33,
    "orderId": null,
    "positionId": 17,
    "event": "Position Closed",
    "time": 1616706300000,
    "volume": 1.45,
    "quantity": 1.45,
    "type": "Buy",
    "entryPrice": 11555.6,
    "tp": null,
    "sl": null,
    "closePrice": 52189.26,
    "grossProfit": 54877.62,
    "pips": 406336.6,
    "balance": 92804.25,
    "equity": 90904.71
  },
  {
    "serial": 34,
    "orderId": null,
    "positionId": 18,
    "event": "Create Position",
    "time": 1618347900000,
    "volume": 0.38,
    "quantity": 0.38,
    "type": "Buy",
    "entryPrice": 63151.06,
    "tp": null,
    "sl": null,
    "closePrice": null,
    "grossProfit": 0,
    "pips": 0,
    "balance": null,
    "equity": 92804.25
  },
  {
    "serial": 35,
    "orderId": null,
    "positionId": 18,
    "event": "Position Closed",
    "time": 1619125500000,
    "volume": 0.38,
    "quantity": 0.38,
    "type": "Buy",
    "entryPrice": 63151.06,
    "tp": null,
    "sl": null,
    "closePrice": 51151.26,
    "grossProfit": -4247.16,
    "pips": -119998,
    "balance": 88505.85,
    "equity": 88456.03
  },
  {
    "serial": 36,
    "orderId": null,
    "positionId": 19,
    "event": "Create Position",
    "time": 1627333260000,
    "volume": 0.51,
    "quantity": 0.51,
    "type": "Buy",
    "entryPrice": 37526.6,
    "tp": null,
    "sl": null,
    "closePrice": null,
    "grossProfit": 0,
    "pips": 0,
    "balance": null,
    "equity": 88505.85
  },
  {
    "serial": 37,
    "orderId": null,
    "positionId": 19,
    "event": "Position Closed",
    "time": 1632258060000,
    "volume": 0.51,
    "quantity": 0.51,
    "type": "Buy",
    "entryPrice": 37526.6,
    "tp": null,
    "sl": null,
    "closePrice": 40980,
    "grossProfit": 1640.43,
    "pips": 34534,
    "balance": 89804.85,
    "equity": 89465.32
  },
  {
    "serial": 38,
    "orderId": null,
    "positionId": 20,
    "event": "Create Position",
    "time": 1633467660000,
    "volume": 0.41,
    "quantity": 0.41,
    "type": "Buy",
    "entryPrice": 51476.1,
    "tp": null,
    "sl": null,
    "closePrice": null,
    "grossProfit": 0,
    "pips": 0,
    "balance": null,
    "equity": 89804.85
  },
  {
    "serial": 39,
    "orderId": null,
    "positionId": 20,
    "event": "Position Closed",
    "time": 1637272860000,
    "volume": 0.41,
    "quantity": 0.41,
    "type": "Buy",
    "entryPrice": 51476.1,
    "tp": null,
    "sl": null,
    "closePrice": 57590,
    "grossProfit": 2334.77,
    "pips": 61139,
    "balance": 91857.4,
    "equity": 91576.7
  },
  {
    "serial": 40,
    "orderId": null,
    "positionId": 21,
    "event": "Create Position",
    "time": 1673647320000,
    "volume": 3.24,
    "quantity": 3.24,
    "type": "Buy",
    "entryPrice": 19828.1,
    "tp": null,
    "sl": null,
    "closePrice": null,
    "grossProfit": 0,
    "pips": 0,
    "balance": null,
    "equity": 91857.4
  },
  {
    "serial": 41,
    "orderId": null,
    "positionId": 21,
    "event": "Position Closed",
    "time": 1675980120000,
    "volume": 3.24,
    "quantity": 3.24,
    "type": "Buy",
    "entryPrice": 19828.1,
    "tp": null,
    "sl": null,
    "closePrice": 21850,
    "grossProfit": 6101.63,
    "pips": 20219,
    "balance": 97478.21,
    "equity": 97009.49
  },
  {
    "serial": 42,
    "orderId": null,
    "positionId": 22,
    "event": "Create Position",
    "time": 1676584920000,
    "volume": 1.53,
    "quantity": 1.53,
    "type": "Buy",
    "entryPrice": 24534.1,
    "tp": null,
    "sl": null,
    "closePrice": null,
    "grossProfit": 0,
    "pips": 0,
    "balance": null,
    "equity": 97478.21
  },
  {
    "serial": 43,
    "orderId": null,
    "positionId": 22,
    "event": "Position Closed",
    "time": 1677880920000,
    "volume": 1.53,
    "quantity": 1.53,
    "type": "Buy",
    "entryPrice": 24534.1,
    "tp": null,
    "sl": null,
    "closePrice": 22227,
    "grossProfit": -3287.75,
    "pips": -23071,
    "balance": 94028.04,
    "equity": 93871.32
  },
  {
    "serial": 44,
    "orderId": null,
    "positionId": 23,
    "event": "Create Position",
    "time": 1678741320000,
    "volume": 1.21,
    "quantity": 1.21,
    "type": "Buy",
    "entryPrice": 24244.1,
    "tp": null,
    "sl": null,
    "closePrice": null,
    "grossProfit": 0,
    "pips": 0,
    "balance": null,
    "equity": 94028.04
  },
  {
    "serial": 45,
    "orderId": null,
    "positionId": 23,
    "event": "Position Closed",
    "time": 1682110920000,
    "volume": 1.21,
    "quantity": 1.21,
    "type": "Buy",
    "entryPrice": 24244.1,
    "tp": null,
    "sl": null,
    "closePrice": 27271,
    "grossProfit": 3411.34,
    "pips": 30269,
    "balance": 97079.59,
    "equity": 96724.32
  },
  {
    "serial": 46,
    "orderId": null,
    "positionId": 24,
    "event": "Create Position",
    "time": 1687294920000,
    "volume": 1.33,
    "quantity": 1.33,
    "type": "Buy",
    "entryPrice": 28134.1,
    "tp": null,
    "sl": null,
    "closePrice": null,
    "grossProfit": 0,
    "pips": 0,
    "balance": null,
    "equity": 97079.59
  },
  {
    "serial": 47,
    "orderId": null,
    "positionId": 24,
    "event": "Position Closed",
    "time": 1690232520000,
    "volume": 1.33,
    "quantity": 1.33,
    "type": "Buy",
    "entryPrice": 28134.1,
    "tp": null,
    "sl": null,
    "closePrice": 29134,
    "grossProfit": 1238.65,
    "pips": 9999,
    "balance": 97963.53,
    "equity": 97613.78
  },
  {
    "serial": 48,
    "orderId": null,
    "positionId": 25,
    "event": "Create Position",
    "time": 1698094920000,
    "volume": 1.43,
    "quantity": 1.43,
    "type": "Buy",
    "entryPrice": 31603.1,
    "tp": null,
    "sl": null,
    "closePrice": null,
    "grossProfit": 0,
    "pips": 0,
    "balance": null,
    "equity": 97963.53
  },
  {
    "serial": 49,
    "orderId": null,
    "positionId": 25,
    "event": "Position Closed",
    "time": 1705615320000,
    "volume": 1.43,
    "quantity": 1.43,
    "type": "Buy",
    "entryPrice": 31603.1,
    "tp": null,
    "sl": null,
    "closePrice": 41141,
    "grossProfit": 12703.7,
    "pips": 95379,
    "balance": 109392.26,
    "equity": 108122.63
  },
  {
    "serial": 50,
    "orderId": null,
    "positionId": 26,
    "event": "Create Position",
    "time": 1707343320000,
    "volume": 1.11,
    "quantity": 1.11,
    "type": "Buy",
    "entryPrice": 44173.1,
    "tp": null,
    "sl": null,
    "closePrice": null,
    "grossProfit": 0,
    "pips": 0,
    "balance": null,
    "equity": 109392.26
  },
  {
    "serial": 51,
    "orderId": null,
    "positionId": 26,
    "event": "Position Closed",
    "time": 1710882300000,
    "volume": 1.11,
    "quantity": 1.11,
    "type": "Buy",
    "entryPrice": 44173.1,
    "tp": null,
    "sl": null,
    "closePrice": 63866.41,
    "grossProfit": 20360.25,
    "pips": 196933.1,
    "balance": 129061.6,
    "equity": 128374.83
  },
  {
    "serial": 52,
    "orderId": null,
    "positionId": 27,
    "event": "Create Position",
    "time": 1715807100000,
    "volume": 0.62,
    "quantity": 0.62,
    "type": "Buy",
    "entryPrice": 65811.54,
    "tp": null,
    "sl": null,
    "closePrice": null,
    "grossProfit": 0,
    "pips": 0,
    "balance": null,
    "equity": 129061.6
  }
]