[
  {
    "serial": 0,
    "orderId": null,
    "positionId": 1,
    "event": "Create Position",
    "time": 1436562000000,
    "volume": 13.7,
    "quantity": 13.7,
    "type": "Buy",
    "entryPrice": 284.1,
    "tp": null,
    "sl": null,
    "closePrice": null,
    "grossProfit": 0,
    "pips": 0,
    "balance": null,
    "equity": 10000
  },
  {
    "serial": 1,
    "orderId": null,
    "positionId": 1,
    "event": "Position Closed",
    "time": 1437253200000,
    "volume": 13.7,
    "quantity": 13.7,
    "type": "Buy",
    "entryPrice": 284.1,
    "tp": null,
    "sl": null,
    "closePrice": 265.1,
    "grossProfit": -242.45,
    "pips": -190,
    "balance": 9697.54,
    "equity": 9688.65
  },
  {
    "serial": 2,
    "orderId": null,
    "positionId": 2,
    "event": "Create Position",
    "time": 1444770000000,
    "volume": 28.66,
    "quantity": 28.66,
    "type": "Buy",
    "entryPrice": 246.06,
    "tp": null,
    "sl": null,
    "closePrice": null,
    "grossProfit": 0,
    "pips": 0,
    "balance": null,
    "equity": 9697.54
  },
  {
    "serial": 3,
    "orderId": null,
    "positionId": 2,
    "event": "Position Closed",
    "time": 1447279200000,
    "volume": 28.66,
    "quantity": 28.66,
    "type": "Buy",
    "entryPrice": 246.06,
    "tp": null,
    "sl": null,
    "closePrice": 306.6,
    "grossProfit": 1616.07,
    "pips": 605.4,
    "balance": 11141.96,
    "equity": 11077.25
  },
  {
    "serial": 4,
    "orderId": null,
    "positionId": 3,
    "event": "Create Position",
    "time": 1448920800000,
    "volume": 8.19,
    "quantity": 8.19,
    "type": "Buy",
    "entryPrice": 374.65,
    "tp": null,
    "sl": null,
    "closePrice": null,
    "grossProfit": 0,
    "pips": 0,
    "balance": null,
    "equity": 11141.96
  },
  {
    "serial": 5,
    "orderId": null,
    "positionId": 3,
    "event": "Position Closed",
    "time": 1451167200000,
    "volume": 8.19,
    "quantity": 8.19,
    "type": "Buy",
    "entryPrice": 374.65,
    "tp": null,
    "sl": null,
    "closePrice": 412.1,
    "grossProfit": 285.68,
    "pips": 374.5,
    "balance": 11373.38,
    "equity": 11349.68
  },
  {
    "serial": 6,
    "orderId": null,
    "positionId": 4,
    "event": "Create Position",
    "time": 1455487200000,
    "volume": 13.65,
    "quantity": 13.65,
    "type": "Buy",
    "entryPrice": 402.9,
    "tp": null,
    "sl": null,
    "closePrice": null,
    "grossProfit": 0,
    "pips": 0,
    "balance": null,
    "equity": 11373.38
  },
  {
    "serial": 7,
    "orderId": null,
    "positionId": 4,
    "event": "Position Closed",
    "time": 1457128800000,
    "volume": 13.65,
    "quantity": 13.65,
    "type": "Buy",
    "entryPrice": 402.9,
    "tp": null,
    "sl": null,
    "closePrice": 411.6,
    "grossProfit": 110.61,
    "pips": 87,
    "balance": 11402.31,
    "equity": 11371.57
  },
  {
    "serial": 8,
    "orderId": null,
    "positionId": 5,
    "event": "Create Position",
    "time": 1459112400000,
    "volume": 19.83,
    "quantity": 19.83,
    "type": "Buy",
    "entryPrice": 422.23,
    "tp": null,
    "sl": null,
    "closePrice": null,
    "grossProfit": 0,
    "pips": 0,
    "balance": null,
    "equity": 11402.31
  },
  {
    "serial": 9,
    "orderId": null,
    "positionId": 5,
    "event": "Position Closed",
    "time": 1463691600000,
    "volume": 19.83,
    "quantity": 19.83,
    "type": "Buy",
    "entryPrice": 422.23,
    "tp": null,
    "sl": null,
    "closePrice": 443.43,
    "grossProfit": 391.56,
    "pips": 212,
    "balance": 11603.14,
    "equity": 11486.41
  },
  {
    "serial": 10,
    "orderId": null,
    "positionId": 6,
    "event": "Create Position",
    "time": 1464382800000,
    "volume": 19.41,
    "quantity": 19.41,
    "type": "Buy",
    "entryPrice": 468.1,
    "tp": null,
    "sl": null,
    "closePrice": null,
    "grossProfit": 0,
    "pips": 0,
    "balance": null,
    "equity": 11603.14
  },
  {
    "serial": 11,
    "orderId": null,
    "positionId": 6,
    "event": "Position Closed",
    "time": 1466542800000,
    "volume": 19.41,
    "quantity": 19.41,
    "type": "Buy",
    "entryPrice": 468.1,
    "tp": null,
    "sl": null,
    "closePrice": 628.1,
    "grossProfit": 2892.59,
    "pips": 1600,
    "balance": 14349.07,
    "equity": 14274.83
  },
  {
    "serial": 12,
    "orderId": null,
    "positionId": 7,
    "event": "Create Position",
    "time": 1472936400000,
    "volume": 16.09,
    "quantity": 16.09,
    "type": "Buy",
    "entryPrice": 602.08,
    "tp": null,
    "sl": null,
    "closePrice": null,
    "grossProfit": 0,
    "pips": 0,
    "balance": null,
    "equity": 14349.07
  },
  {
    "serial": 13,
    "orderId": null,
    "positionId": 7,
    "event": "Position Closed",
    "time": 1476910800000,
    "volume": 16.09,
    "quantity": 16.09,
    "type": "Buy",
    "entryPrice": 602.08,
    "tp": null,
    "sl": null,
    "closePrice": 627.98,
    "grossProfit": 388.15,
    "pips": 259,
    "balance": 14561.35,
    "equity": 14445.52
  },
  {
    "serial": 14,
    "orderId": null,
    "positionId": 8,
    "event": "Create Position",
    "time": 1477170000000,
    "volume": 20.36,
    "quantity": 20.36,
    "type": "Buy",
    "entryPrice": 650.1,
    "tp": null,
    "sl": null,
    "closePrice": null,
    "grossProfit": 0,
    "pips": 0,
    "balance": null,
    "equity": 14561.35
  },
  {
    "serial": 15,
    "orderId": null,
    "positionId": 8,
    "event": "Position Closed",
    "time": 1483740000000,
    "volume": 20.36,
    "quantity": 20.36,
    "type": "Buy",
    "entryPrice": 650.1,
    "tp": null,
    "sl": null,
    "closePrice": 855.9,
    "grossProfit": 3902.69,
    "pips": 2058,
    "balance": 18075.34,
    "equity": 17762.62
  },
  {
    "serial": 16,
    "orderId": null,
    "positionId": 9,
    "event": "Create Position",
    "time": 1485900000000,
    "volume": 7.17,
    "quantity": 7.17,
    "type": "Buy",
    "entryPrice": 936.1,
    "tp": null,
    "sl": null,
    "closePrice": null,
    "grossProfit": 0,
    "pips": 0,
    "balance": null,
    "equity": 18075.34
  },
  {
    "serial": 17,
    "orderId": null,
    "positionId": 9,
    "event": "Position Closed",
    "time": 1486677600000,
    "volume": 7.17,
    "quantity": 7.17,
    "type": "Buy",
    "entryPrice": 936.1,
    "tp": null,
    "sl": null,
    "closePrice": 940.5,
    "grossProfit": 29.38,
    "pips": 44,
    "balance": 18061.59,
    "equity": 18045.22
  },
  {
    "serial": 18,
    "orderId": null,
    "positionId": 10,
    "event": "Create Position",
    "time": 1487714400000,
    "volume": 6.65,
    "quantity": 6.65,
    "type": "Buy",
    "entryPrice": 1079.76,
    "tp": null,
    "sl": null,
    "closePrice": null,
    "grossProfit": 0,
    "pips": 0,
    "balance": null,
    "equity": 18061.59
  },
  {
    "serial": 19,
    "orderId": null,
    "positionId": 10,
    "event": "Position Closed",
    "time": 1489010400000,
    "volume": 6.65,
    "quantity": 6.65,
    "type": "Buy",
    "entryPrice": 1079.76,
    "tp": null,
    "sl": null,
    "closePrice": 1141.6,
    "grossProfit": 383.03,
    "pips": 618.4,
    "balance": 18389.56,
    "equity": 18359.32
  },
  {
    "serial": 20,
    "orderId": null,
    "positionId": 11,
    "event": "Create Position",
    "time": 1491512400000,
    "volume": 3.45,
    "quantity": 3.45,
    "type": "Buy",
    "entryPrice": 1184.1,
    "tp": null,
    "sl": null,
    "closePrice": null,
    "grossProfit": 0,
    "pips": 0,
    "balance": null,
    "equity": 18389.56
  },
  {
    "serial": 21,
    "orderId": null,
    "positionId": 11,
    "event": "Position Closed",
    "time": 1498510800000,
    "volume": 3.45,
    "quantity": 3.45,
    "type": "Buy",
    "entryPrice": 1184.1,
    "tp": null,
    "sl": null,
    "closePrice": 2356.43,
    "grossProfit": 3767.13,
    "pips": 11723.3,
    "balance": 22009.35,
    "equity": 21874.89
  },
  {
    "serial": 22,
    "orderId": null,
    "positionId": 12,
    "event": "Create Position",
    "time": 1500584400000,
    "volume": 1.84,
    "quantity": 1.84,
    "type": "Buy",
    "entryPrice": 2583.12,
    "tp": null,
    "sl": null,
    "closePrice": null,
    "grossProfit": 0,
    "pips": 0,
    "balance": null,
    "equity": 22009.35
  },
  {
    "serial": 23,
    "orderId": null,
    "positionId": 12,
    "event": "Position Closed",
    "time": 1505336400000,
    "volume": 1.84,
    "quantity": 1.84,
    "type": "Buy",
    "entryPrice": 2583.12,
    "tp": null,
    "sl": null,
    "closePrice": 3892.2,
    "grossProfit": 2243.5,
    "pips": 13090.8,
    "balance": 24150.32,
    "equity": 24054.65
  },
  {
    "serial": 24,
    "orderId": null,
    "positionId": 13,
    "event": "Create Position",
    "time": 1506805200000,
    "volume": 0.91,
    "quantity": 0.91,
    "type": "Buy",
    "entryPrice": 4350.1,
    "tp": null,
    "sl": null,
    "closePrice": null,
    "grossProfit": 0,
    "pips": 0,
    "balance": null,
    "equity": 24150.32
  },
  {
    "serial": 25,
    "orderId": null,
    "positionId": 13,
    "event": "Position Closed",
    "time": 1510351200000,
    "volume": 0.91,
    "quantity": 0.91,
    "type": "Buy",
    "entryPrice": 4350.1,
    "tp": null,
    "sl": null,
    "closePrice": 6549,
    "grossProfit": 1863.75,
    "pips": 21989,
    "balance": 25953.19,
    "equity": 25895.71
  },
  {
    "serial": 26,
    "orderId": null,
    "positionId": 14,
    "event": "Create Position",
    "time": 1510869600000,
    "volume": 0.54,
    "quantity": 0.54,
    "type": "Buy",
    "entryPrice": 7896.2,
    "tp": null,
    "sl": null,
    "closePrice": null,
    "grossProfit": 0,
    "pips": 0,
    "balance": null,
    "equity": 25953.19
  },
  {
    "serial": 27,
    "orderId": null,
    "positionId": 14,
    "event": "Position Closed",
    "time": 1513893600000,
    "volume": 0.54,
    "quantity": 0.54,
    "type": "Buy",
    "entryPrice": 7896.2,
    "tp": null,
    "sl": null,
    "closePrice": 15511,
    "grossProfit": 3829.95,
    "pips": 76148,
    "balance": 29720.75,
    "equity": 29660.38
  },
  {
    "serial": 28,
    "orderId": null,
    "positionId": 15,
    "event": "Create Position",
    "time": 1518904800000,
    "volume": 0.33,
    "quantity": 0.33,
    "type": "Buy",
    "entryPrice": 10798.1,
    "tp": null,
    "sl": null,
    "closePrice": null,
    "grossProfit": 0,
    "pips": 0,
    "balance": null,
    "equity": 29720.75
  },
  {
    "serial": 29,
    "orderId": null,
    "positionId": 15,
    "event": "Position Closed",
    "time": 1519509600000,
    "volume": 0.33,
    "quantity": 0.33,
    "type": "Buy",
    "entryPrice": 10798.1,
    "tp": null,
    "sl": null,
    "closePrice": 9467.9,
    "grossProfit": -408.86,
    "pips": -13302,
    "balance": 29303.64,
    "equity": 29296.63
  },
  {
    "serial": 30,
    "orderId": null,
    "positionId": 16,
    "event": "Create Position",
    "time": 1556053200000,
    "volume": 1.33,
    "quantity": 1.33,
    "type": "Buy",
    "entryPrice": 5566.86,
    "tp": null,
    "sl": null,
    "closePrice": null,
    "grossProfit": 0,
    "pips": 0,
    "balance": null,
    "equity": 29303.64
  },
  {
    "serial": 31,
    "orderId": null,
    "positionId": 16,
    "event": "Position Closed",
    "time": 1556485200000,
    "volume": 1.33,
    "quantity": 1.33,
    "type": "Buy",
    "entryPrice": 5566.86,
    "tp": null,
    "sl": null,
    "closePrice": 5106.76,
    "grossProfit": -569.96,
    "pips": -4601,
    "balance": 28719.8,
    "equity": 28710.88
  },
  {
    "serial": 32,
    "orderId": null,
    "positionId": 17,
    "event": "Create Position",
    "time": 1557090000000,
    "volume": 1.51,
    "quantity": 1.51,
    "type": "Buy",
    "entryPrice": 5769.86,
    "tp": null,
    "sl": null,
    "closePrice": null,
    "grossProfit": 0,
    "pips": 0,
    "balance": null,
    "equity": 28719.8
  },
  {
    "serial": 33,
    "orderId": null,
    "positionId": 17,
    "event": "Position Closed",
    "time": 1559682000000,
    "volume": 1.51,
    "quantity": 1.51,
    "type": "Buy",
    "entryPrice": 5769.86,
    "tp": null,
    "sl": null,
    "closePrice": 7591.48,
    "grossProfit": 2561.98,
    "pips": 18216.2,
    "balance": 31185.85,
    "equity": 31095.56
  },
  {
    "serial": 34,
    "orderId": null,
    "positionId": 18,
    "event": "Create Position",
    "time": 1560805200000,
    "volume": 0.75,
    "quantity": 0.75,
    "type": "Buy",
    "entryPrice": 9243.84,
    "tp": null,
    "sl": null,
    "closePrice": null,
    "grossProfit": 0,
    "pips": 0,
    "balance": null,
    "equity": 31185.85
  },
  {
    "serial": 35,
    "orderId": null,
    "positionId": 18,
    "event": "Position Closed",
    "time": 1563310800000,
    "volume": 0.75,
    "quantity": 0.75,
    "type": "Buy",
    "entryPrice": 9243.84,
    "tp": null,
    "sl": null,
    "closePrice": 9587.43,
    "grossProfit": 240.02,
    "pips": 3435.9,
    "balance": 31362.32,
    "equity": 31301.57
  },
  {
    "serial": 36,
    "orderId": null,
    "positionId": 19,
    "event": "Create Position",
    "time": 1572296400000,
    "volume": 0.83,
    "quantity": 0.83,
    "type": "Buy",
    "entryPrice": 9399.49,
    "tp": null,
    "sl": null,
    "closePrice": null,
    "grossProfit": 0,
    "pips": 0,
    "balance": null,
    "equity": 31362.32
  },
  {
    "serial": 37,
    "orderId": null,
    "positionId": 19,
    "event": "Position Closed",
    "time": 1573423200000,
    "volume": 0.83,
    "quantity": 0.83,
    "type": "Buy",
    "entryPrice": 9399.49,
    "tp": null,
    "sl": null,
    "closePrice": 9031.5,
    "grossProfit": -284.48,
    "pips": -3679.9,
    "balance": 31049.58,
    "equity": 31024.42
  },
  {
    "serial": 38,
    "orderId": null,
    "positionId": 20,
    "event": "Create Position",
    "time": 1579039200000,
    "volume": 0.95,
    "quantity": 0.95,
    "type": "Buy",
    "entryPrice": 8735.84,
    "tp": null,
    "sl": null,
    "closePrice": null,
    "grossProfit": 0,
    "pips": 0,
    "balance": null,
    "equity": 31049.58
  },
  {
    "serial": 39,
    "orderId": null,
    "positionId": 20,
    "event": "Position Closed",
    "time": 1582754400000,
    "volume": 0.95,
    "quantity": 0.95,
    "type": "Buy",
    "entryPrice": 8735.84,
    "tp": null,
    "sl": null,
    "closePrice": 8746.5,
    "grossProfit": 9.43,
    "pips": 106.6,
    "balance": 30957.56,
    "equity": 30859.65
  },
  {
    "serial": 40,
    "orderId": null,
    "positionId": 21,
    "event": "Create Position",
    "time": 1588194000000,
    "volume": 0.83,
    "quantity": 0.83,
    "type": "Buy",
    "entryPrice": 8783.16,
    "tp": null,
    "sl": null,
    "closePrice": null,
    "grossProfit": 0,
    "pips": 0,
    "balance": null,
    "equity": 30957.56
  },
  {
    "serial": 41,
    "orderId": null,
    "positionId": 21,
    "event": "Position Closed",
    "time": 1598389200000,
    "volume": 0.83,
    "quantity": 0.83,
    "type": "Buy",
    "entryPrice": 8783.16,
    "tp": null,
    "sl": null,
    "closePrice": 11253.04,
    "grossProfit": 1909.39,
    "pips": 24698.8,
    "balance": 32617.28,
    "equity": 32370.71
  },
  {
    "serial": 42,
    "orderId": null,
    "positionId": 22,
    "event": "Create Position",
    "time": 1602536400000,
    "volume": 1.19,
    "quantity": 1.19,
    "type": "Buy",
    "entryPrice": 11555.6,
    "tp": null,
    "sl": null,
    "closePrice": null,
    "grossProfit": 0,
    "pips": 0,
    "balance": null,
    "equity": 32617.28
  },
  {
    "serial": 43,
    "orderId": null,
    "positionId": 22,
    "event": "Position Closed",
    "time": 1611266460000,
    "volume": 1.19,
    "quantity": 1.19,
    "type": "Buy",
    "entryPrice": 11555.6,
    "tp": null,
    "sl": null,
    "closePrice": 31111.5,
    "grossProfit": 21675.35,
    "pips": 195559,
    "balance": 53632.12,
    "equity": 52976.05
  },
  {
    "serial": 44,
    "orderId": null,
    "positionId": 23,
    "event": "Create Position",
    "time": 1612821900000,
    "volume": 0.18,
    "quantity": 0.18,
    "type": "Buy",
    "entryPrice": 44842.39,
    "tp": null,
    "sl": null,
    "closePrice": null,
    "grossProfit": 0,
    "pips": 0,
    "balance": null,
    "equity": 53632.12
  },
  {
    "serial": 45,
    "orderId": null,
    "positionId": 23,
    "event": "Position Closed",
    "time": 1616706300000,
    "volume": 0.18,
    "quantity": 0.18,
    "type": "Buy",
    "entryPrice": 44842.39,
    "tp": null,
    "sl": null,
    "closePrice": 52189.26,
    "grossProfit": 1231.73,
    "pips": 73468.7,
    "balance": 54755.79,
    "equity": 54648.41
  },
  {
    "serial": 46,
    "orderId": null,
    "positionId": 24,
    "event": "Create Position",
    "time": 1618347900000,
    "volume": 0.22,
    "quantity": 0.22,
    "type": "Buy",
    "entryPrice": 63151.06,
    "tp": null,
    "sl": null,
    "closePrice": null,
    "grossProfit": 0,
    "pips": 0,
    "balance": null,
    "equity": 54755.79
  },
  {
    "serial": 47,
    "orderId": null,
    "positionId": 24,
    "event": "Position Closed",
    "time": 1619125500000,
    "volume": 0.22,
    "quantity": 0.22,
    "type": "Buy",
    "entryPrice": 63151.06,
    "tp": null,
    "sl": null,
    "closePrice": 51151.26,
    "grossProfit": -2458.88,
    "pips": -119998,
    "balance": 52267.24,
    "equity": 52238.39
  },
  {
    "serial": 48,
    "orderId": null,
    "positionId": 25,
    "event": "Create Position",
    "time": 1627333260000,
    "volume": 0.3,
    "quantity": 0.3,
    "type": "Buy",
    "entryPrice": 37526.6,
    "tp": null,
    "sl": null,
    "closePrice": null,
    "grossProfit": 0,
    "pips": 0,
    "balance": null,
    "equity": 52267.24
  },
  {
    "serial": 49,
    "orderId": null,
    "positionId": 25,
    "event": "Position Closed",
    "time": 1632258060000,
    "volume": 0.3,
    "quantity": 0.3,
    "type": "Buy",
    "entryPrice": 37526.6,
    "tp": null,
    "sl": null,
    "closePrice": 40980,
    "grossProfit": 964.96,
    "pips": 34534,
    "balance": 53031.37,
    "equity": 52831.66
  },
  {
    "serial": 50,
    "orderId": null,
    "positionId": 26,
    "event": "Create Position",
    "time": 1633467660000,
    "volume": 0.24,
    "quantity": 0.24,
    "type": "Buy",
    "entryPrice": 51476.1,
    "tp": null,
    "sl": null,
    "closePrice": null,
    "grossProfit": 0,
    "pips": 0,
    "balance": null,
    "equity": 53031.37
  },
  {
    "serial": 51,
    "orderId": null,
    "positionId": 26,
    "event": "Position Closed",
    "time": 1635368460000,
    "volume": 0.24,
    "quantity": 0.24,
    "type": "Buy",
    "entryPrice": 51476.1,
    "tp": null,
    "sl": null,
    "closePrice": 58993,
    "grossProfit": 1680.32,
    "pips": 75169,
    "balance": 54630.85,
    "equity": 54550.91
  },
  {
    "serial": 52,
    "orderId": null,
    "positionId": 27,
    "event": "Create Position",
    "time": 1636408860000,
    "volume": 0.23,
    "quantity": 0.23,
    "type": "Buy",
    "entryPrice": 66135.1,
    "tp": null,
    "sl": null,
    "closePrice": null,
    "grossProfit": 0,
    "pips": 0,
    "balance": null,
    "equity": 54630.85
  },
  {
    "serial": 53,
    "orderId": null,
    "positionId": 27,
    "event": "Position Closed",
    "time": 1637100060000,
    "volume": 0.23,
    "quantity": 0.23,
    "type": "Buy",
    "entryPrice": 66135.1,
    "tp": null,
    "sl": null,
    "closePrice": 60526,
    "grossProfit": -1201.61,
    "pips": -56091,
    "balance": 53398.22,
    "equity": 53368.06
  },
  {
    "serial": 54,
    "orderId": null,
    "positionId": 28,
    "event": "Create Position",
    "time": 1673647320000,
    "volume": 1.88,
    "quantity": 1.88,
    "type": "Buy",
    "entryPrice": 19828.1,
    "tp": null,
    "sl": null,
    "closePrice": null,
    "grossProfit": 0,
    "pips": 0,
    "balance": null,
    "equity": 53398.22
  },
  {
    "serial": 55,
    "orderId": null,
    "positionId": 28,
    "event": "Position Closed",
    "time": 1675980120000,
    "volume": 1.88,
    "quantity": 1.88,
    "type": "Buy",
    "entryPrice": 19828.1,
    "tp": null,
    "sl": null,
    "closePrice": 21850,
    "grossProfit": 3540.45,
    "pips": 20219,
    "balance": 56659.68,
    "equity": 56387.71
  },
  {
    "serial": 56,
    "orderId": null,
    "positionId": 29,
    "event": "Create Position",
    "time": 1676584920000,
    "volume": 0.89,
    "quantity": 0.89,
    "type": "Buy",
    "entryPrice": 24534.1,
    "tp": null,
    "sl": null,
    "closePrice": null,
    "grossProfit": 0,
    "pips": 0,
    "balance": null,
    "equity": 56659.68
  },
  {
    "serial": 57,
    "orderId": null,
    "positionId": 29,
    "event": "Position Closed",
    "time": 1677276120000,
    "volume": 0.89,
    "quantity": 0.89,
    "type": "Buy",
    "entryPrice": 24534.1,
    "tp": null,
    "sl": null,
    "closePrice": 23046,
    "grossProfit": -1233.57,
    "pips": -14881,
    "balance": 55368.05,
    "equity": 55313.31
  },
  {
    "serial": 58,
    "orderId": null,
    "positionId": 30,
    "event": "Create Position",
    "time": 1678741320000,
    "volume": 0.71,
    "quantity": 0.71,
    "type": "Buy",
    "entryPrice": 24244.1,
    "tp": null,
    "sl": null,
    "closePrice": null,
    "grossProfit": 0,
    "pips": 0,
    "balance": null,
    "equity": 55368.05
  },
  {
    "serial": 59,
    "orderId": null,
    "positionId": 30,
    "event": "Position Closed",
    "time": 1682024520000,
    "volume": 0.71,
    "quantity": 0.71,
    "type": "Buy",
    "entryPrice": 24244.1,
    "tp": null,
    "sl": null,
    "closePrice": 28195,
    "grossProfit": 2612.74,
    "pips": 39509,
    "balance": 57784.51,
    "equity": 57590.87
  },
  {
    "serial": 60,
    "orderId": null,
    "positionId": 31,
    "event": "Create Position",
    "time": 1687294920000,
    "volume": 0.79,
    "quantity": 0.79,
    "type": "Buy",
    "entryPrice": 28134.1,
    "tp": null,
    "sl": null,
    "closePrice": null,
    "grossProfit": 0,
    "pips": 0,
    "balance": null,
    "equity": 57784.51
  },
  {
    "serial": 61,
    "orderId": null,
    "positionId": 31,
    "event": "Position Closed",
    "time": 1690232520000,
    "volume": 0.79,
    "quantity": 0.79,
    "type": "Buy",
    "entryPrice": 28134.1,
    "tp": null,
    "sl": null,
    "closePrice": 29134,
    "grossProfit": 735.74,
    "pips": 9999,
    "balance": 58309.58,
    "equity": 58101.85
  },
  {
    "serial": 62,
    "orderId": null,
    "positionId": 32,
    "event": "Create Position",
    "time": 1698094920000,
    "volume": 0.85,
    "quantity": 0.85,
    "type": "Buy",
    "entryPrice": 31603.1,
    "tp": null,
    "sl": null,
    "closePrice": null,
    "grossProfit": 0,
    "pips": 0,
    "balance": null,
    "equity": 58309.58
  },
  {
    "serial": 63,
    "orderId": null,
    "positionId": 32,
    "event": "Position Closed",
    "time": 1705183320000,
    "volume": 0.85,
    "quantity": 0.85,
    "type": "Buy",
    "entryPrice": 31603.1,
    "tp": null,
    "sl": null,
    "closePrice": 42941,
    "grossProfit": 8976.21,
    "pips": 113379,
    "balance": 66564.68,
    "equity": 65846.75
  },
  {
    "serial": 64,
    "orderId": null,
    "positionId": 33,
    "event": "Create Position",
    "time": 1707343320000,
    "volume": 0.67,
    "quantity": 0.67,
    "type": "Buy",
    "entryPrice": 44173.1,
    "tp": null,
    "sl": null,
    "closePrice": null,
    "grossProfit": 0,
    "pips": 0,
    "balance": null,
    "equity": 66564.68
  },
  {
    "serial": 65,
    "orderId": null,
    "positionId": 33,
    "event": "Position Closed",
    "time": 1710882300000,
    "volume": 0.67,
    "quantity": 0.67,
    "type": "Buy",
    "entryPrice": 44173.1,
    "tp": null,
    "sl": null,
    "closePrice": 63866.41,
    "grossProfit": 12289.52,
    "pips": 196933.1,
    "balance": 78437.18,
    "equity": 78022.66
  },
  {
    "serial": 66,
    "orderId": null,
    "positionId": 34,
    "event": "Create Position",
    "time": 1715807100000,
    "volume": 0.37,
    "quantity": 0.37,
    "type": "Buy",
    "entryPrice": 65811.54,
    "tp": null,
    "sl": null,
    "closePrice": null,
    "grossProfit": 0,
    "pips": 0,
    "balance": null,
    "equity": 78437.18
  },
  {
    "serial": 67,
    "orderId": null,
    "positionId": 34,
    "event": "Position Closed",
    "time": 1718139900000,
    "volume": 0.37,
    "quantity": 0.37,
    "type": "Buy",
    "entryPrice": 65811.54,
    "tp": null,
    "sl": null,
    "closePrice": 67260.34,
    "grossProfit": 499.29,
    "pips": 14488,
    "balance": 78760.23,
    "equity": 78585.37
  }
]