[
  {
    "serial": 0,
    "orderId": null,
    "positionId": 1,
    "event": "Create Position",
    "time": 1436562000000,
    "volume": 13.7,
    "quantity": 13.7,
    "type": "Buy",
    "entryPrice": 284.1,
    "tp": null,
    "sl": null,
    "closePrice": null,
    "grossProfit": 0,
    "pips": 0,
    "balance": null,
    "equity": 10000
  },
  {
    "serial": 1,
    "orderId": null,
    "positionId": 1,
    "event": "Position Closed",
    "time": 1438981200000,
    "volume": 13.7,
    "quantity": 13.7,
    "type": "Buy",
    "entryPrice": 284.1,
    "tp": null,
    "sl": null,
    "closePrice": 270.75,
    "grossProfit": -170.35,
    "pips": -133.5,
    "balance": 9749.19,
    "equity": 9719.85
  },
  {
    "serial": 2,
    "orderId": null,
    "positionId": 2,
    "event": "Create Position",
    "time": 1444770000000,
    "volume": 28.81,
    "quantity": 28.81,
    "type": "Buy",
    "entryPrice": 246.06,
    "tp": null,
    "sl": null,
    "closePrice": null,
    "grossProfit": 0,
    "pips": 0,
    "balance": null,
    "equity": 9749.19
  },
  {
    "serial": 3,
    "orderId": null,
    "positionId": 2,
    "event": "Position Closed",
    "time": 1452895200000,
    "volume": 28.81,
    "quantity": 28.81,
    "type": "Buy",
    "entryPrice": 246.06,
    "tp": null,
    "sl": null,
    "closePrice": 386.95,
    "grossProfit": 3780.63,
    "pips": 1408.9,
    "balance": 13161.27,
    "equity": 12900.22
  },
  {
    "serial": 4,
    "orderId": null,
    "positionId": 3,
    "event": "Create Position",
    "time": 1455487200000,
    "volume": 15.8,
    "quantity": 15.8,
    "type": "Buy",
    "entryPrice": 402.9,
    "tp": null,
    "sl": null,
    "closePrice": null,
    "grossProfit": 0,
    "pips": 0,
    "balance": null,
    "equity": 13161.27
  },
  {
    "serial": 5,
    "orderId": null,
    "positionId": 3,
    "event": "Position Closed",
    "time": 1457128800000,
    "volume": 15.8,
    "quantity": 15.8,
    "type": "Buy",
    "entryPrice": 402.9,
    "tp": null,
    "sl": null,
    "closePrice": 411.6,
    "grossProfit": 128.03,
    "pips": 87,
    "balance": 13194.78,
    "equity": 13159.22
  },
  {
    "serial": 6,
    "orderId": null,
    "positionId": 4,
    "event": "Create Position",
    "time": 1459112400000,
    "volume": 22.95,
    "quantity": 22.95,
    "type": "Buy",
    "entryPrice": 422.23,
    "tp": null,
    "sl": null,
    "closePrice": null,
    "grossProfit": 0,
    "pips": 0,
    "balance": null,
    "equity": 13194.78
  },
  {
    "serial": 7,
    "orderId": null,
    "positionId": 4,
    "event": "Position Closed",
    "time": 1463778000000,
    "volume": 22.95,
    "quantity": 22.95,
    "type": "Buy",
    "entryPrice": 422.23,
    "tp": null,
    "sl": null,
    "closePrice": 439.02,
    "grossProfit": 358.9,
    "pips": 167.9,
    "balance": 13325.25,
    "equity": 13182.46
  },
  {
    "serial": 8,
    "orderId": null,
    "positionId": 5,
    "event": "Create Position",
    "time": 1464382800000,
    "volume": 22.29,
    "quantity": 22.29,
    "type": "Buy",
    "entryPrice": 468.1,
    "tp": null,
    "sl": null,
    "closePrice": null,
    "grossProfit": 0,
    "pips": 0,
    "balance": null,
    "equity": 13325.25
  },
  {
    "serial": 9,
    "orderId": null,
    "positionId": 5,
    "event": "Position Closed",
    "time": 1469998800000,
    "volume": 22.29,
    "quantity": 22.29,
    "type": "Buy",
    "entryPrice": 468.1,
    "tp": null,
    "sl": null,
    "closePrice": 627.3,
    "grossProfit": 3305.17,
    "pips": 1592,
    "balance": 16315.59,
    "equity": 16083.94
  },
  {
    "serial": 10,
    "orderId": null,
    "positionId": 6,
    "event": "Create Position",
    "time": 1472936400000,
    "volume": 18.29,
    "quantity": 18.29,
    "type": "Buy",
    "entryPrice": 602.08,
    "tp": null,
    "sl": null,
    "closePrice": null,
    "grossProfit": 0,
    "pips": 0,
    "balance": null,
    "equity": 16315.59
  },
  {
    "serial": 11,
    "orderId": null,
    "positionId": 6,
    "event": "Position Closed",
    "time": 1489870800000,
    "volume": 18.29,
    "quantity": 18.29,
    "type": "Buy",
    "entryPrice": 602.08,
    "tp": null,
    "sl": null,
    "closePrice": 972.53,
    "grossProfit": 6310.8,
    "pips": 3704.5,
    "balance": 21802.02,
    "equity": 21045.89
  },
  {
    "serial": 12,
    "orderId": null,
    "positionId": 7,
    "event": "Create Position",
    "time": 1491512400000,
    "volume": 4.09,
    "quantity": 4.09,
    "type": "Buy",
    "entryPrice": 1184.1,
    "tp": null,
    "sl": null,
    "closePrice": null,
    "grossProfit": 0,
    "pips": 0,
    "balance": null,
    "equity": 21802.02
  },
  {
    "serial": 13,
    "orderId": null,
    "positionId": 7,
    "event": "Position Closed",
    "time": 1499806800000,
    "volume": 4.09,
    "quantity": 4.09,
    "type": "Buy",
    "entryPrice": 1184.1,
    "tp": null,
    "sl": null,
    "closePrice": 2291.44,
    "grossProfit": 4218.38,
    "pips": 11073.4,
    "balance": 25807.2,
    "equity": 25609.26
  },
  {
    "serial": 14,
    "orderId": null,
    "positionId": 8,
    "event": "Create Position",
    "time": 1500584400000,
    "volume": 2.16,
    "quantity": 2.16,
    "type": "Buy",
    "entryPrice": 2583.12,
    "tp": null,
    "sl": null,
    "closePrice": null,
    "grossProfit": 0,
    "pips": 0,
    "balance": null,
    "equity": 25807.2
  },
  {
    "serial": 15,
    "orderId": null,
    "positionId": 8,
    "event": "Position Closed",
    "time": 1505336400000,
    "volume": 2.16,
    "quantity": 2.16,
    "type": "Buy",
    "entryPrice": 2583.12,
    "tp": null,
    "sl": null,
    "closePrice": 3892.2,
    "grossProfit": 2633.67,
    "pips": 13090.8,
    "balance": 28320.53,
    "equity": 28208.25
  },
  {
    "serial": 16,
    "orderId": null,
    "positionId": 9,
    "event": "Create Position",
    "time": 1506805200000,
    "volume": 1.07,
    "quantity": 1.07,
    "type": "Buy",
    "entryPrice": 4350.1,
    "tp": null,
    "sl": null,
    "closePrice": null,
    "grossProfit": 0,
    "pips": 0,
    "balance": null,
    "equity": 28320.53
  },
  {
    "serial": 17,
    "orderId": null,
    "positionId": 9,
    "event": "Position Closed",
    "time": 1516140000000,
    "volume": 1.07,
    "quantity": 1.07,
    "type": "Buy",
    "entryPrice": 4350.1,
    "tp": null,
    "sl": null,
    "closePrice": 10531,
    "grossProfit": 6159.94,
    "pips": 61809,
    "balance": 34179.91,
    "equity": 33883.35
  },
  {
    "serial": 18,
    "orderId": null,
    "positionId": 10,
    "event": "Create Position",
    "time": 1518904800000,
    "volume": 0.38,
    "quantity": 0.38,
    "type": "Buy",
    "entryPrice": 10798.1,
    "tp": null,
    "sl": null,
    "closePrice": null,
    "grossProfit": 0,
    "pips": 0,
    "balance": null,
    "equity": 34179.91
  },
  {
    "serial": 19,
    "orderId": null,
    "positionId": 10,
    "event": "Position Closed",
    "time": 1520632800000,
    "volume": 0.38,
    "quantity": 0.38,
    "type": "Buy",
    "entryPrice": 10798.1,
    "tp": null,
    "sl": null,
    "closePrice": 8965,
    "grossProfit": -648.8,
    "pips": -18331,
    "balance": 33507.66,
    "equity": 33485.63
  },
  {
    "serial": 20,
    "orderId": null,
    "positionId": 11,
    "event": "Create Position",
    "time": 1556053200000,
    "volume": 1.52,
    "quantity": 1.52,
    "type": "Buy",
    "entryPrice": 5566.86,
    "tp": null,
    "sl": null,
    "closePrice": null,
    "grossProfit": 0,
    "pips": 0,
    "balance": null,
    "equity": 33507.66
  },
  {
    "serial": 21,
    "orderId": null,
    "positionId": 11,
    "event": "Position Closed",
    "time": 1563310800000,
    "volume": 1.52,
    "quantity": 1.52,
    "type": "Buy",
    "entryPrice": 5566.86,
    "tp": null,
    "sl": null,
    "closePrice": 9587.43,
    "grossProfit": 5692.1,
    "pips": 40205.7,
    "balance": 38913.54,
    "equity": 38633
  },
  {
    "serial": 22,
    "orderId": null,
    "positionId": 12,
    "event": "Create Position",
    "time": 1565038800000,
    "volume": 0.52,
    "quantity": 0.52,
    "type": "Buy",
    "entryPrice": 11623.09,
    "tp": null,
    "sl": null,
    "closePrice": null,
    "grossProfit": 0,
    "pips": 0,
    "balance": null,
    "equity": 38913.54
  },
  {
    "serial": 23,
    "orderId": null,
    "positionId": 12,
    "event": "Position Closed",
    "time": 1569358800000,
    "volume": 0.52,
    "quantity": 0.52,
    "type": "Buy",
    "entryPrice": 11623.09,
    "tp": null,
    "sl": null,
    "closePrice": 8373.58,
    "grossProfit": -1573.85,
    "pips": -32495.1,
    "balance": 37269.34,
    "equity": 37200.93
  },
  {
    "serial": 24,
    "orderId": null,
    "positionId": 13,
    "event": "Create Position",
    "time": 1572296400000,
    "volume": 0.98,
    "quantity": 0.98,
    "type": "Buy",
    "entryPrice": 9399.49,
    "tp": null,
    "sl": null,
    "closePrice": null,
    "grossProfit": 0,
    "pips": 0,
    "balance": null,
    "equity": 37269.34
  },
  {
    "serial": 25,
    "orderId": null,
    "positionId": 13,
    "event": "Position Closed",
    "time": 1574028000000,
    "volume": 0.98,
    "quantity": 0.98,
    "type": "Buy",
    "entryPrice": 9399.49,
    "tp": null,
    "sl": null,
    "closePrice": 8470.35,
    "grossProfit": -848.1,
    "pips": -9291.4,
    "balance": 36372.79,
    "equity": 36328
  },
  {
    "serial": 26,
    "orderId": null,
    "positionId": 14,
    "event": "Create Position",
    "time": 1579039200000,
    "volume": 1.11,
    "quantity": 1.11,
    "type": "Buy",
    "entryPrice": 8735.84,
    "tp": null,
    "sl": null,
    "closePrice": null,
    "grossProfit": 0,
    "pips": 0,
    "balance": null,
    "equity": 36372.79
  },
  {
    "serial": 27,
    "orderId": null,
    "positionId": 14,
    "event": "Position Closed",
    "time": 1582754400000,
    "volume": 1.11,
    "quantity": 1.11,
    "type": "Buy",
    "entryPrice": 8735.84,
    "tp": null,
    "sl": null,
    "closePrice": 8746.5,
    "grossProfit": 11.02,
    "pips": 106.6,
    "balance": 36265.25,
    "equity": 36150.83
  },
  {
    "serial": 28,
    "orderId": null,
    "positionId": 15,
    "event": "Create Position",
    "time": 1588194000000,
    "volume": 0.97,
    "quantity": 0.97,
    "type": "Buy",
    "entryPrice": 8783.16,
    "tp": null,
    "sl": null,
    "closePrice": null,
    "grossProfit": 0,
    "pips": 0,
    "balance": null,
    "equity": 36265.25
  },
  {
    "serial": 29,
    "orderId": null,
    "positionId": 15,
    "event": "Position Closed",
    "time": 1599166800000,
    "volume": 0.97,
    "quantity": 0.97,
    "type": "Buy",
    "entryPrice": 8783.16,
    "tp": null,
    "sl": null,
    "closePrice": 10775.5,
    "grossProfit": 1800.02,
    "pips": 19923.4,
    "balance": 37747.94,
    "equity": 37434.23
  },
  {
    "serial": 30,
    "orderId": null,
    "positionId": 16,
    "event": "Create Position",
    "time": 1602536400000,
    "volume": 1.37,
    "quantity": 1.37,
    "type": "Buy",
    "entryPrice": 11555.6,
    "tp": null,
    "sl": null,
    "closePrice": null,
    "grossProfit": 0,
    "pips": 0,
    "balance": null,
    "equity": 37747.94
  },
  {
    "serial": 31,
    "orderId": null,
    "positionId": 16,
    "event": "Position Closed",
    "time": 1619125500000,
    "volume": 1.37,
    "quantity": 1.37,
    "type": "Buy",
    "entryPrice": 11555.6,
    "tp": null,
    "sl": null,
    "closePrice": 51151.26,
    "grossProfit": 50525.37,
    "pips": 395956.6,
    "balance": 85907.54,
    "equity": 83546.89
  },
  {
    "serial": 32,
    "orderId": null,
    "positionId": 17,
    "event": "Create Position",
    "time": 1627333260000,
    "volume": 0.5,
    "quantity": 0.5,
    "type": "Buy",
    "entryPrice": 37526.6,
    "tp": null,
    "sl": null,
    "closePrice": null,
    "grossProfit": 0,
    "pips": 0,
    "balance": null,
    "equity": 85907.54
  },
  {
    "serial": 33,
    "orderId": null,
    "positionId": 17,
    "event": "Position Closed",
    "time": 1632258060000,
    "volume": 0.5,
    "quantity": 0.5,
    "type": "Buy",
    "entryPrice": 37526.6,
    "tp": null,
    "sl": null,
    "closePrice": 40980,
    "grossProfit": 1608.27,
    "pips": 34534,
    "balance": 87181.07,
    "equity": 86848.19
  },
  {
    "serial": 34,
    "orderId": null,
    "positionId": 18,
    "event": "Create Position",
    "time": 1633467660000,
    "volume": 0.4,
    "quantity": 0.4,
    "type": "Buy",
    "entryPrice": 51476.1,
    "tp": null,
    "sl": null,
    "closePrice": null,
    "grossProfit": 0,
    "pips": 0,
    "balance": null,
    "equity": 87181.07
  },
  {
    "serial": 35,
    "orderId": null,
    "positionId": 18,
    "event": "Position Closed",
    "time": 1637272860000,
    "volume": 0.4,
    "quantity": 0.4,
    "type": "Buy",
    "entryPrice": 51476.1,
    "tp": null,
    "sl": null,
    "closePrice": 57590,
    "grossProfit": 2277.82,
    "pips": 61139,
    "balance": 89183.51,
    "equity": 88909.63
  },
  {
    "serial": 36,
    "orderId": null,
    "positionId": 19,
    "event": "Create Position",
    "time": 1673647320000,
    "volume": 3.15,
    "quantity": 3.15,
    "type": "Buy",
    "entryPrice": 19828.1,
    "tp": null,
    "sl": null,
    "closePrice": null,
    "grossProfit": 0,
    "pips": 0,
    "balance": null,
    "equity": 89183.51
  },
  {
    "serial": 37,
    "orderId": null,
    "positionId": 19,
    "event": "Position Closed",
    "time": 1675980120000,
    "volume": 3.15,
    "quantity": 3.15,
    "type": "Buy",
    "entryPrice": 19828.1,
    "tp": null,
    "sl": null,
    "closePrice": 21850,
    "grossProfit": 5932.14,
    "pips": 20219,
    "balance": 94648.16,
    "equity": 94192.43
  },
  {
    "serial": 38,
    "orderId": null,
    "positionId": 20,
    "event": "Create Position",
    "time": 1676584920000,
    "volume": 1.49,
    "quantity": 1.49,
    "type": "Buy",
    "entryPrice": 24534.1,
    "tp": null,
    "sl": null,
    "closePrice": null,
    "grossProfit": 0,
    "pips": 0,
    "balance": null,
    "equity": 94648.16
  },
  {
    "serial": 39,
    "orderId": null,
    "positionId": 20,
    "event": "Position Closed",
    "time": 1677880920000,
    "volume": 1.49,
    "quantity": 1.49,
    "type": "Buy",
    "entryPrice": 24534.1,
    "tp": null,
    "sl": null,
    "closePrice": 22227,
    "grossProfit": -3201.8,
    "pips": -23071,
    "balance": 91288.16,
    "equity": 91135.52
  },
  {
    "serial": 40,
    "orderId": null,
    "positionId": 21,
    "event": "Create Position",
    "time": 1678741320000,
    "volume": 1.18,
    "quantity": 1.18,
    "type": "Buy",
    "entryPrice": 24244.1,
    "tp": null,
    "sl": null,
    "closePrice": null,
    "grossProfit": 0,
    "pips": 0,
    "balance": null,
    "equity": 91288.16
  },
  {
    "serial": 41,
    "orderId": null,
    "positionId": 21,
    "event": "Position Closed",
    "time": 1682110920000,
    "volume": 1.18,
    "quantity": 1.18,
    "type": "Buy",
    "entryPrice": 24244.1,
    "tp": null,
    "sl": null,
    "closePrice": 27271,
    "grossProfit": 3326.76,
    "pips": 30269,
    "balance": 94264.08,
    "equity": 93917.64
  },
  {
    "serial": 42,
    "orderId": null,
    "positionId": 22,
    "event": "Create Position",
    "time": 1687294920000,
    "volume": 1.29,
    "quantity": 1.29,
    "type": "Buy",
    "entryPrice": 28134.1,
    "tp": null,
    "sl": null,
    "closePrice": null,
    "grossProfit": 0,
    "pips": 0,
    "balance": null,
    "equity": 94264.08
  },
  {
    "serial": 43,
    "orderId": null,
    "positionId": 22,
    "event": "Position Closed",
    "time": 1690232520000,
    "volume": 1.29,
    "quantity": 1.29,
    "type": "Buy",
    "entryPrice": 28134.1,
    "tp": null,
    "sl": null,
    "closePrice": 29134,
    "grossProfit": 1201.4,
    "pips": 9999,
    "balance": 95121.42,
    "equity": 94782.18
  },
  {
    "serial": 44,
    "orderId": null,
    "positionId": 23,
    "event": "Create Position",
    "time": 1698094920000,
    "volume": 1.39,
    "quantity": 1.39,
    "type": "Buy",
    "entryPrice": 31603.1,
    "tp": null,
    "sl": null,
    "closePrice": null,
    "grossProfit": 0,
    "pips": 0,
    "balance": null,
    "equity": 95121.42
  },
  {
    "serial": 45,
    "orderId": null,
    "positionId": 23,
    "event": "Position Closed",
    "time": 1705615320000,
    "volume": 1.39,
    "quantity": 1.39,
    "type": "Buy",
    "entryPrice": 31603.1,
    "tp": null,
    "sl": null,
    "closePrice": 41141,
    "grossProfit": 12348.35,
    "pips": 95379,
    "balance": 106230.48,
    "equity": 104996.37
  },
  {
    "serial": 46,
    "orderId": null,
    "positionId": 24,
    "event": "Create Position",
    "time": 1707343320000,
    "volume": 1.08,
    "quantity": 1.08,
    "type": "Buy",
    "entryPrice": 44173.1,
    "tp": null,
    "sl": null,
    "closePrice": null,
    "grossProfit": 0,
    "pips": 0,
    "balance": null,
    "equity": 106230.48
  },
  {
    "serial": 47,
    "orderId": null,
    "positionId": 24,
    "event": "Position Closed",
    "time": 1713042300000,
    "volume": 1.08,
    "quantity": 1.08,
    "type": "Buy",
    "entryPrice": 44173.1,
    "tp": null,
    "sl": null,
    "closePrice": 62508.55,
    "grossProfit": 18444.07,
    "pips": 183354.5,
    "balance": 123515.66,
    "equity": 122360.81
  },
  {
    "serial": 48,
    "orderId": null,
    "positionId": 25,
    "event": "Create Position",
    "time": 1715807100000,
    "volume": 0.59,
    "quantity": 0.59,
    "type": "Buy",
    "entryPrice": 65811.54,
    "tp": null,
    "sl": null,
    "closePrice": null,
    "grossProfit": 0,
    "pips": 0,
    "balance": null,
    "equity": 123515.66
  }
]