[
  {
    "serial": 0,
    "orderId": null,
    "positionId": 1,
    "event": "Create Position",
    "time": 1415829600000,
    "volume": 7.17,
    "quantity": 7.17,
    "type": "Buy",
    "entryPrice": 419.2,
    "tp": null,
    "sl": null,
    "closePrice": null,
    "grossProfit": 0,
    "pips": 0,
    "balance": null,
    "equity": 10000
  },
  {
    "serial": 1,
    "orderId": null,
    "positionId": 1,
    "event": "Position Closed",
    "time": 1418767200000,
    "volume": 7.17,
    "quantity": 7.17,
    "type": "Buy",
    "entryPrice": 419.2,
    "tp": null,
    "sl": null,
    "closePrice": 317.4,
    "grossProfit": -679.84,
    "pips": -1018,
    "balance": 9270.92,
    "equity": 9248.44
  },
  {
    "serial": 2,
    "orderId": null,
    "positionId": 2,
    "event": "Create Position",
    "time": 1425160800000,
    "volume": 12.33,
    "quantity": 12.33,
    "type": "Buy",
    "entryPrice": 250.1,
    "tp": null,
    "sl": null,
    "closePrice": null,
    "grossProfit": 0,
    "pips": 0,
    "balance": null,
    "equity": 9270.92
  },
  {
    "serial": 3,
    "orderId": null,
    "positionId": 2,
    "event": "Position Closed",
    "time": 1428786000000,
    "volume": 12.33,
    "quantity": 12.33,
    "type": "Buy",
    "entryPrice": 250.1,
    "tp": null,
    "sl": null,
    "closePrice": 231.4,
    "grossProfit": -214.76,
    "pips": -187,
    "balance": 8975.19,
    "equity": 8940.22
  },
  {
    "serial": 4,
    "orderId": null,
    "positionId": 3,
    "event": "Create Position",
    "time": 1434488400000,
    "volume": 23.52,
    "quantity": 23.52,
    "type": "Buy",
    "entryPrice": 246.12,
    "tp": null,
    "sl": null,
    "closePrice": null,
    "grossProfit": 0,
    "pips": 0,
    "balance": null,
    "equity": 8975.19
  },
  {
    "serial": 5,
    "orderId": null,
    "positionId": 3,
    "event": "Position Closed",
    "time": 1439067600000,
    "volume": 23.52,
    "quantity": 23.52,
    "type": "Buy",
    "entryPrice": 246.12,
    "tp": null,
    "sl": null,
    "closePrice": 260.83,
    "grossProfit": 322.25,
    "pips": 147.1,
    "balance": 9122.99,
    "equity": 9036.3
  },
  {
    "serial": 6,
    "orderId": null,
    "positionId": 4,
    "event": "Create Position",
    "time": 1444165200000,
    "volume": 24.61,
    "quantity": 24.61,
    "type": "Buy",
    "entryPrice": 243.01,
    "tp": null,
    "sl": null,
    "closePrice": null,
    "grossProfit": 0,
    "pips": 0,
    "balance": null,
    "equity": 9122.99
  },
  {
    "serial": 7,
    "orderId": null,
    "positionId": 4,
    "event": "Position Closed",
    "time": 1452895200000,
    "volume": 24.61,
    "quantity": 24.61,
    "type": "Buy",
    "entryPrice": 243.01,
    "tp": null,
    "sl": null,
    "closePrice": 386.95,
    "grossProfit": 3299.4,
    "pips": 1439.4,
    "balance": 12096.88,
    "equity": 11863.21
  },
  {
    "serial": 8,
    "orderId": null,
    "positionId": 5,
    "event": "Create Position",
    "time": 1455746400000,
    "volume": 13.63,
    "quantity": 13.63,
    "type": "Buy",
    "entryPrice": 419.23,
    "tp": null,
    "sl": null,
    "closePrice": null,
    "grossProfit": 0,
    "pips": 0,
    "balance": null,
    "equity": 12096.88
  },
  {
    "serial": 9,
    "orderId": null,
    "positionId": 5,
    "event": "Position Closed",
    "time": 1457128800000,
    "volume": 13.63,
    "quantity": 13.63,
    "type": "Buy",
    "entryPrice": 419.23,
    "tp": null,
    "sl": null,
    "closePrice": 411.6,
    "grossProfit": -96.86,
    "pips": -76.3,
    "balance": 11922.71,
    "equity": 11896.26
  },
  {
    "serial": 10,
    "orderId": null,
    "positionId": 6,
    "event": "Create Position",
    "time": 1460754000000,
    "volume": 25.37,
    "quantity": 25.37,
    "type": "Buy",
    "entryPrice": 426.4,
    "tp": null,
    "sl": null,
    "closePrice": null,
    "grossProfit": 0,
    "pips": 0,
    "balance": null,
    "equity": 11922.71
  },
  {
    "serial": 11,
    "orderId": null,
    "positionId": 6,
    "event": "Position Closed",
    "time": 1463778000000,
    "volume": 25.37,
    "quantity": 25.37,
    "type": "Buy",
    "entryPrice": 426.4,
    "tp": null,
    "sl": null,
    "closePrice": 439.02,
    "grossProfit": 298.21,
    "pips": 126.2,
    "balance": 12019.74,
    "equity": 11913.22
  },
  {
    "serial": 12,
    "orderId": null,
    "positionId": 7,
    "event": "Create Position",
    "time": 1464382800000,
    "volume": 20.1,
    "quantity": 20.1,
    "type": "Buy",
    "entryPrice": 468.1,
    "tp": null,
    "sl": null,
    "closePrice": null,
    "grossProfit": 0,
    "pips": 0,
    "balance": null,
    "equity": 12019.74
  },
  {
    "serial": 13,
    "orderId": null,
    "positionId": 7,
    "event": "Position Closed",
    "time": 1469998800000,
    "volume": 20.1,
    "quantity": 20.1,
    "type": "Buy",
    "entryPrice": 468.1,
    "tp": null,
    "sl": null,
    "closePrice": 627.3,
    "grossProfit": 2980.44,
    "pips": 1592,
    "balance": 14716.34,
    "equity": 14507.5
  },
  {
    "serial": 14,
    "orderId": null,
    "positionId": 8,
    "event": "Create Position",
    "time": 1472936400000,
    "volume": 16.5,
    "quantity": 16.5,
    "type": "Buy",
    "entryPrice": 602.08,
    "tp": null,
    "sl": null,
    "closePrice": null,
    "grossProfit": 0,
    "pips": 0,
    "balance": null,
    "equity": 14716.34
  },
  {
    "serial": 15,
    "orderId": null,
    "positionId": 8,
    "event": "Position Closed",
    "time": 1489870800000,
    "volume": 16.5,
    "quantity": 16.5,
    "type": "Buy",
    "entryPrice": 602.08,
    "tp": null,
    "sl": null,
    "closePrice": 972.53,
    "grossProfit": 5693.18,
    "pips": 3704.5,
    "balance": 19665.88,
    "equity": 18983.8
  },
  {
    "serial": 16,
    "orderId": null,
    "positionId": 9,
    "event": "Create Position",
    "time": 1491944400000,
    "volume": 5.05,
    "quantity": 5.05,
    "type": "Buy",
    "entryPrice": 1211.4,
    "tp": null,
    "sl": null,
    "closePrice": null,
    "grossProfit": 0,
    "pips": 0,
    "balance": null,
    "equity": 19665.88
  },
  {
    "serial": 17,
    "orderId": null,
    "positionId": 9,
    "event": "Position Closed",
    "time": 1499806800000,
    "volume": 5.05,
    "quantity": 5.05,
    "type": "Buy",
    "entryPrice": 1211.4,
    "tp": null,
    "sl": null,
    "closePrice": 2291.44,
    "grossProfit": 5080.1,
    "pips": 10800.4,
    "balance": 24490.42,
    "equity": 24253.7
  },
  {
    "serial": 18,
    "orderId": null,
    "positionId": 10,
    "event": "Create Position",
    "time": 1500584400000,
    "volume": 2.05,
    "quantity": 2.05,
    "type": "Buy",
    "entryPrice": 2583.12,
    "tp": null,
    "sl": null,
    "closePrice": null,
    "grossProfit": 0,
    "pips": 0,
    "balance": null,
    "equity": 24490.42
  },
  {
    "serial": 19,
    "orderId": null,
    "positionId": 10,
    "event": "Position Closed",
    "time": 1505336400000,
    "volume": 2.05,
    "quantity": 2.05,
    "type": "Buy",
    "entryPrice": 2583.12,
    "tp": null,
    "sl": null,
    "closePrice": 3892.2,
    "grossProfit": 2499.55,
    "pips": 13090.8,
    "balance": 26875.76,
    "equity": 26769.19
  },
  {
    "serial": 20,
    "orderId": null,
    "positionId": 11,
    "event": "Create Position",
    "time": 1507496400000,
    "volume": 1.53,
    "quantity": 1.53,
    "type": "Buy",
    "entryPrice": 4576.3,
    "tp": null,
    "sl": null,
    "closePrice": null,
    "grossProfit": 0,
    "pips": 0,
    "balance": null,
    "equity": 26875.76
  },
  {
    "serial": 21,
    "orderId": null,
    "positionId": 11,
    "event": "Position Closed",
    "time": 1516140000000,
    "volume": 1.53,
    "quantity": 1.53,
    "type": "Buy",
    "entryPrice": 4576.3,
    "tp": null,
    "sl": null,
    "closePrice": 10531,
    "grossProfit": 8485.8,
    "pips": 59547,
    "balance": 34945.37,
    "equity": 34534.88
  },
  {
    "serial": 22,
    "orderId": null,
    "positionId": 12,
    "event": "Create Position",
    "time": 1524603600000,
    "volume": 0.86,
    "quantity": 0.86,
    "type": "Buy",
    "entryPrice": 9417.5,
    "tp": null,
    "sl": null,
    "closePrice": null,
    "grossProfit": 0,
    "pips": 0,
    "balance": null,
    "equity": 34945.37
  },
  {
    "serial": 23,
    "orderId": null,
    "positionId": 12,
    "event": "Position Closed",
    "time": 1527109200000,
    "volume": 0.86,
    "quantity": 0.86,
    "type": "Buy",
    "entryPrice": 9417.5,
    "tp": null,
    "sl": null,
    "closePrice": 7556.5,
    "grossProfit": -1490.69,
    "pips": -18610,
    "balance": 33394.87,
    "equity": 33338.26
  },
  {
    "serial": 24,
    "orderId": null,
    "positionId": 13,
    "event": "Create Position",
    "time": 1531861200000,
    "volume": 1.28,
    "quantity": 1.28,
    "type": "Buy",
    "entryPrice": 7309.97,
    "tp": null,
    "sl": null,
    "closePrice": null,
    "grossProfit": 0,
    "pips": 0,
    "balance": null,
    "equity": 33394.87
  },
  {
    "serial": 25,
    "orderId": null,
    "positionId": 13,
    "event": "Position Closed",
    "time": 1533762000000,
    "volume": 1.28,
    "quantity": 1.28,
    "type": "Buy",
    "entryPrice": 7309.97,
    "tp": null,
    "sl": null,
    "closePrice": 6315.54,
    "grossProfit": -1185.57,
    "pips": -9944.3,
    "balance": 32150.3,
    "equity": 32096.08
  },
  {
    "serial": 26,
    "orderId": null,
    "positionId": 14,
    "event": "Create Position",
    "time": 1550527200000,
    "volume": 3.47,
    "quantity": 3.47,
    "type": "Buy",
    "entryPrice": 3952.54,
    "tp": null,
    "sl": null,
    "closePrice": null,
    "grossProfit": 0,
    "pips": 0,
    "balance": null,
    "equity": 32150.3
  },
  {
    "serial": 27,
    "orderId": null,
    "positionId": 14,
    "event": "Position Closed",
    "time": 1563310800000,
    "volume": 3.47,
    "quantity": 3.47,
    "type": "Buy",
    "entryPrice": 3952.54,
    "tp": null,
    "sl": null,
    "closePrice": 9587.43,
    "grossProfit": 18211.94,
    "pips": 56348.9,
    "balance": 49461.83,
    "equity": 48574.36
  },
  {
    "serial": 28,
    "orderId": null,
    "positionId": 15,
    "event": "Create Position",
    "time": 1578434400000,
    "volume": 1.79,
    "quantity": 1.79,
    "type": "Buy",
    "entryPrice": 8057.24,
    "tp": null,
    "sl": null,
    "closePrice": null,
    "grossProfit": 0,
    "pips": 0,
    "balance": null,
    "equity": 49461.83
  },
  {
    "serial": 29,
    "orderId": null,
    "positionId": 15,
    "event": "Position Closed",
    "time": 1582754400000,
    "volume": 1.79,
    "quantity": 1.79,
    "type": "Buy",
    "entryPrice": 8057.24,
    "tp": null,
    "sl": null,
    "closePrice": 8746.5,
    "grossProfit": 1149.15,
    "pips": 6892.6,
    "balance": 50393.77,
    "equity": 50183.24
  },
  {
    "serial": 30,
    "orderId": null,
    "positionId": 16,
    "event": "Create Position",
    "time": 1587675600000,
    "volume": 1.36,
    "quantity": 1.36,
    "type": "Buy",
    "entryPrice": 7547.06,
    "tp": null,
    "sl": null,
    "closePrice": null,
    "grossProfit": 0,
    "pips": 0,
    "balance": null,
    "equity": 50393.77
  },
  {
    "serial": 31,
    "orderId": null,
    "positionId": 16,
    "event": "Position Closed",
    "time": 1599166800000,
    "volume": 1.36,
    "quantity": 1.36,
    "type": "Buy",
    "entryPrice": 7547.06,
    "tp": null,
    "sl": null,
    "closePrice": 10775.5,
    "grossProfit": 4089.53,
    "pips": 32284.4,
    "balance": 54022.04,
    "equity": 53565.86
  },
  {
    "serial": 32,
    "orderId": null,
    "positionId": 17,
    "event": "Create Position",
    "time": 1602536400000,
    "volume": 1.97,
    "quantity": 1.97,
    "type": "Buy",
    "entryPrice": 11555.6,
    "tp": null,
    "sl": null,
    "closePrice": null,
    "grossProfit": 0,
    "pips": 0,
    "balance": null,
    "equity": 54022.04
  },
  {
    "serial": 33,
    "orderId": null,
    "positionId": 17,
    "event": "Position Closed",
    "time": 1619125500000,
    "volume": 1.97,
    "quantity": 1.97,
    "type": "Buy",
    "entryPrice": 11555.6,
    "tp": null,
    "sl": null,
    "closePrice": 51151.26,
    "grossProfit": 72653.26,
    "pips": 395956.6,
    "balance": 123273.43,
    "equity": 119878.92
  },
  {
    "serial": 34,
    "orderId": null,
    "positionId": 18,
    "event": "Create Position",
    "time": 1627333260000,
    "volume": 0.71,
    "quantity": 0.71,
    "type": "Buy",
    "entryPrice": 37526.6,
    "tp": null,
    "sl": null,
    "closePrice": null,
    "grossProfit": 0,
    "pips": 0,
    "balance": null,
    "equity": 123273.43
  },
  {
    "serial": 35,
    "orderId": null,
    "positionId": 18,
    "event": "Position Closed",
    "time": 1632258060000,
    "volume": 0.71,
    "quantity": 0.71,
    "type": "Buy",
    "entryPrice": 37526.6,
    "tp": null,
    "sl": null,
    "closePrice": 40980,
    "grossProfit": 2283.74,
    "pips": 34534,
    "balance": 125081.86,
    "equity": 124609.19
  },
  {
    "serial": 36,
    "orderId": null,
    "positionId": 19,
    "event": "Create Position",
    "time": 1633467660000,
    "volume": 0.58,
    "quantity": 0.58,
    "type": "Buy",
    "entryPrice": 51476.1,
    "tp": null,
    "sl": null,
    "closePrice": null,
    "grossProfit": 0,
    "pips": 0,
    "balance": null,
    "equity": 125081.86
  },
  {
    "serial": 37,
    "orderId": null,
    "positionId": 19,
    "event": "Position Closed",
    "time": 1637272860000,
    "volume": 0.58,
    "quantity": 0.58,
    "type": "Buy",
    "entryPrice": 51476.1,
    "tp": null,
    "sl": null,
    "closePrice": 57590,
    "grossProfit": 3302.84,
    "pips": 61139,
    "balance": 127985.4,
    "equity": 127588.26
  },
  {
    "serial": 38,
    "orderId": null,
    "positionId": 20,
    "event": "Create Position",
    "time": 1644271320000,
    "volume": 0.69,
    "quantity": 0.69,
    "type": "Buy",
    "entryPrice": 44082.1,
    "tp": null,
    "sl": null,
    "closePrice": null,
    "grossProfit": 0,
    "pips": 0,
    "balance": null,
    "equity": 127985.4
  },
  {
    "serial": 39,
    "orderId": null,
    "positionId": 20,
    "event": "Position Closed",
    "time": 1645394520000,
    "volume": 0.69,
    "quantity": 0.69,
    "type": "Buy",
    "entryPrice": 44082.1,
    "tp": null,
    "sl": null,
    "closePrice": 38270,
    "grossProfit": -3735.28,
    "pips": -58121,
    "balance": 124150.4,
    "equity": 124053.26
  },
  {
    "serial": 40,
    "orderId": null,
    "positionId": 21,
    "event": "Create Position",
    "time": 1648414920000,
    "volume": 0.85,
    "quantity": 0.85,
    "type": "Buy",
    "entryPrice": 46048.1,
    "tp": null,
    "sl": null,
    "closePrice": null,
    "grossProfit": 0,
    "pips": 0,
    "balance": null,
    "equity": 124150.4
  },
  {
    "serial": 41,
    "orderId": null,
    "positionId": 21,
    "event": "Position Closed",
    "time": 1649710920000,
    "volume": 0.85,
    "quantity": 0.85,
    "type": "Buy",
    "entryPrice": 46048.1,
    "tp": null,
    "sl": null,
    "closePrice": 39887,
    "grossProfit": -4877.74,
    "pips": -61611,
    "balance": 119123.09,
    "equity": 118976.7
  },
  {
    "serial": 42,
    "orderId": null,
    "positionId": 22,
    "event": "Create Position",
    "time": 1658264520000,
    "volume": 1.19,
    "quantity": 1.19,
    "type": "Buy",
    "entryPrice": 23308.1,
    "tp": null,
    "sl": null,
    "closePrice": null,
    "grossProfit": 0,
    "pips": 0,
    "balance": null,
    "equity": 119123.09
  },
  {
    "serial": 43,
    "orderId": null,
    "positionId": 22,
    "event": "Position Closed",
    "time": 1660942920000,
    "volume": 1.19,
    "quantity": 1.19,
    "type": "Buy",
    "entryPrice": 23308.1,
    "tp": null,
    "sl": null,
    "closePrice": 21266,
    "grossProfit": -2263.42,
    "pips": -20421,
    "balance": 116623.4,
    "equity": 116391.57
  },
  {
    "serial": 44,
    "orderId": null,
    "positionId": 23,
    "event": "Create Position",
    "time": 1666818120000,
    "volume": 2.66,
    "quantity": 2.66,
    "type": "Buy",
    "entryPrice": 20739.1,
    "tp": null,
    "sl": null,
    "closePrice": null,
    "grossProfit": 0,
    "pips": 0,
    "balance": null,
    "equity": 116623.4
  },
  {
    "serial": 45,
    "orderId": null,
    "positionId": 23,
    "event": "Position Closed",
    "time": 1667944800000,
    "volume": 2.66,
    "quantity": 2.66,
    "type": "Buy",
    "entryPrice": 20739.1,
    "tp": null,
    "sl": null,
    "closePrice": 18686,
    "grossProfit": -5086.66,
    "pips": -20531,
    "balance": 111346.38,
    "equity": 111165.94
  },
  {
    "serial": 46,
    "orderId": null,
    "positionId": 24,
    "event": "Create Position",
    "time": 1670968920000,
    "volume": 3.59,
    "quantity": 3.59,
    "type": "Buy",
    "entryPrice": 17730.1,
    "tp": null,
    "sl": null,
    "closePrice": null,
    "grossProfit": 0,
    "pips": 0,
    "balance": null,
    "equity": 111346.38
  },
  {
    "serial": 47,
    "orderId": null,
    "positionId": 24,
    "event": "Position Closed",
    "time": 1675980120000,
    "volume": 3.59,
    "quantity": 3.59,
    "type": "Buy",
    "entryPrice": 17730.1,
    "tp": null,
    "sl": null,
    "closePrice": 21850,
    "grossProfit": 13775.98,
    "pips": 41199,
    "balance": 124070.32,
    "equity": 123031.68
  },
  {
    "serial": 48,
    "orderId": null,
    "positionId": 25,
    "event": "Create Position",
    "time": 1676584920000,
    "volume": 1.95,
    "quantity": 1.95,
    "type": "Buy",
    "entryPrice": 24534.1,
    "tp": null,
    "sl": null,
    "closePrice": null,
    "grossProfit": 0,
    "pips": 0,
    "balance": null,
    "equity": 124070.32
  },
  {
    "serial": 49,
    "orderId": null,
    "positionId": 25,
    "event": "Position Closed",
    "time": 1677880920000,
    "volume": 1.95,
    "quantity": 1.95,
    "type": "Buy",
    "entryPrice": 24534.1,
    "tp": null,
    "sl": null,
    "closePrice": 22227,
    "grossProfit": -4190.27,
    "pips": -23071,
    "balance": 119673.02,
    "equity": 119473.27
  },
  {
    "serial": 50,
    "orderId": null,
    "positionId": 26,
    "event": "Create Position",
    "time": 1679086920000,
    "volume": 1.3,
    "quantity": 1.3,
    "type": "Buy",
    "entryPrice": 26828.1,
    "tp": null,
    "sl": null,
    "closePrice": null,
    "grossProfit": 0,
    "pips": 0,
    "balance": null,
    "equity": 119673.02
  },
  {
    "serial": 51,
    "orderId": null,
    "positionId": 26,
    "event": "Position Closed",
    "time": 1682110920000,
    "volume": 1.3,
    "quantity": 1.3,
    "type": "Buy",
    "entryPrice": 26828.1,
    "tp": null,
    "sl": null,
    "closePrice": 27271,
    "grossProfit": 536.28,
    "pips": 4429,
    "balance": 119873.97,
    "equity": 119543.5
  },
  {
    "serial": 52,
    "orderId": null,
    "positionId": 27,
    "event": "Create Position",
    "time": 1687381320000,
    "volume": 1.48,
    "quantity": 1.48,
    "type": "Buy",
    "entryPrice": 29912.1,
    "tp": null,
    "sl": null,
    "closePrice": null,
    "grossProfit": 0,
    "pips": 0,
    "balance": null,
    "equity": 119873.97
  },
  {
    "serial": 53,
    "orderId": null,
    "positionId": 27,
    "event": "Position Closed",
    "time": 1690232520000,
    "volume": 1.48,
    "quantity": 1.48,
    "type": "Buy",
    "entryPrice": 29912.1,
    "tp": null,
    "sl": null,
    "closePrice": 29134,
    "grossProfit": -1072.6,
    "pips": -7781,
    "balance": 118417.98,
    "equity": 118040.11
  },
  {
    "serial": 54,
    "orderId": null,
    "positionId": 28,
    "event": "Create Position",
    "time": 1696280520000,
    "volume": 2.45,
    "quantity": 2.45,
    "type": "Buy",
    "entryPrice": 27840.1,
    "tp": null,
    "sl": null,
    "closePrice": null,
    "grossProfit": 0,
    "pips": 0,
    "balance": null,
    "equity": 118417.98
  },
  {
    "serial": 55,
    "orderId": null,
    "positionId": 28,
    "event": "Position Closed",
    "time": 1705615320000,
    "volume": 2.45,
    "quantity": 2.45,
    "type": "Buy",
    "entryPrice": 27840.1,
    "tp": null,
    "sl": null,
    "closePrice": 41141,
    "grossProfit": 30352.08,
    "pips": 133009,
    "balance": 146216.66,
    "equity": 143672.4
  },
  {
    "serial": 56,
    "orderId": null,
    "positionId": 29,
    "event": "Create Position",
    "time": 1707343320000,
    "volume": 1.48,
    "quantity": 1.48,
    "type": "Buy",
    "entryPrice": 44173.1,
    "tp": null,
    "sl": null,
    "closePrice": null,
    "grossProfit": 0,
    "pips": 0,
    "balance": null,
    "equity": 146216.66
  },
  {
    "serial": 57,
    "orderId": null,
    "positionId": 29,
    "event": "Position Closed",
    "time": 1713042300000,
    "volume": 1.48,
    "quantity": 1.48,
    "type": "Buy",
    "entryPrice": 44173.1,
    "tp": null,
    "sl": null,
    "closePrice": 62508.55,
    "grossProfit": 25275.2,
    "pips": 183354.5,
    "balance": 169903.82,
    "equity": 168321.3
  },
  {
    "serial": 58,
    "orderId": null,
    "positionId": 30,
    "event": "Create Position",
    "time": 1716239100000,
    "volume": 0.83,
    "quantity": 0.83,
    "type": "Buy",
    "entryPrice": 69247.41,
    "tp": null,
    "sl": null,
    "closePrice": null,
    "grossProfit": 0,
    "pips": 0,
    "balance": null,
    "equity": 169903.82
  }
]