[
  {
    "serial": 0,
    "orderId": null,
    "positionId": 1,
    "event": "Create Position",
    "time": 1415829600000,
    "volume": 7.17,
    "quantity": 7.17,
    "type": "Buy",
    "entryPrice": 419.2,
    "tp": null,
    "sl": null,
    "closePrice": null,
    "grossProfit": 0,
    "pips": 0,
    "balance": null,
    "equity": 10000
  },
  {
    "serial": 1,
    "orderId": null,
    "positionId": 1,
    "event": "Position Closed",
    "time": 1418767200000,
    "volume": 7.17,
    "quantity": 7.17,
    "type": "Buy",
    "entryPrice": 419.2,
    "tp": null,
    "sl": null,
    "closePrice": 317.4,
    "grossProfit": -679.84,
    "pips": -1018,
    "balance": 9270.92,
    "equity": 9248.44
  },
  {
    "serial": 2,
    "orderId": null,
    "positionId": 2,
    "event": "Create Position",
    "time": 1425160800000,
    "volume": 12.33,
    "quantity": 12.33,
    "type": "Buy",
    "entryPrice": 250.1,
    "tp": null,
    "sl": null,
    "closePrice": null,
    "grossProfit": 0,
    "pips": 0,
    "balance": null,
    "equity": 9270.92
  },
  {
    "serial": 3,
    "orderId": null,
    "positionId": 2,
    "event": "Position Closed",
    "time": 1428786000000,
    "volume": 12.33,
    "quantity": 12.33,
    "type": "Buy",
    "entryPrice": 250.1,
    "tp": null,
    "sl": null,
    "closePrice": 231.4,
    "grossProfit": -214.76,
    "pips": -187,
    "balance": 8975.19,
    "equity": 8940.22
  },
  {
    "serial": 4,
    "orderId": null,
    "positionId": 3,
    "event": "Create Position",
    "time": 1431205200000,
    "volume": 13.54,
    "quantity": 13.54,
    "type": "Buy",
    "entryPrice": 238.9,
    "tp": null,
    "sl": null,
    "closePrice": null,
    "grossProfit": 0,
    "pips": 0,
    "balance": null,
    "equity": 8975.19
  },
  {
    "serial": 5,
    "orderId": null,
    "positionId": 3,
    "event": "Position Closed",
    "time": 1433192400000,
    "volume": 13.54,
    "quantity": 13.54,
    "type": "Buy",
    "entryPrice": 238.9,
    "tp": null,
    "sl": null,
    "closePrice": 224.01,
    "grossProfit": -187.78,
    "pips": -148.9,
    "balance": 8718.1,
    "equity": 8699.31
  },
  {
    "serial": 6,
    "orderId": null,
    "positionId": 4,
    "event": "Create Position",
    "time": 1434488400000,
    "volume": 22.85,
    "quantity": 22.85,
    "type": "Buy",
    "entryPrice": 246.12,
    "tp": null,
    "sl": null,
    "closePrice": null,
    "grossProfit": 0,
    "pips": 0,
    "balance": null,
    "equity": 8718.1
  },
  {
    "serial": 7,
    "orderId": null,
    "positionId": 4,
    "event": "Position Closed",
    "time": 1439067600000,
    "volume": 22.85,
    "quantity": 22.85,
    "type": "Buy",
    "entryPrice": 246.12,
    "tp": null,
    "sl": null,
    "closePrice": 260.83,
    "grossProfit": 313.07,
    "pips": 147.1,
    "balance": 8861.7,
    "equity": 8777.49
  },
  {
    "serial": 8,
    "orderId": null,
    "positionId": 5,
    "event": "Create Position",
    "time": 1444165200000,
    "volume": 23.9,
    "quantity": 23.9,
    "type": "Buy",
    "entryPrice": 243.01,
    "tp": null,
    "sl": null,
    "closePrice": null,
    "grossProfit": 0,
    "pips": 0,
    "balance": null,
    "equity": 8861.7
  },
  {
    "serial": 9,
    "orderId": null,
    "positionId": 5,
    "event": "Position Closed",
    "time": 1452895200000,
    "volume": 23.9,
    "quantity": 23.9,
    "type": "Buy",
    "entryPrice": 243.01,
    "tp": null,
    "sl": null,
    "closePrice": 386.95,
    "grossProfit": 3204.21,
    "pips": 1439.4,
    "balance": 11749.83,
    "equity": 11522.93
  },
  {
    "serial": 10,
    "orderId": null,
    "positionId": 6,
    "event": "Create Position",
    "time": 1455746400000,
    "volume": 13.24,
    "quantity": 13.24,
    "type": "Buy",
    "entryPrice": 419.23,
    "tp": null,
    "sl": null,
    "closePrice": null,
    "grossProfit": 0,
    "pips": 0,
    "balance": null,
    "equity": 11749.83
  },
  {
    "serial": 11,
    "orderId": null,
    "positionId": 6,
    "event": "Position Closed",
    "time": 1457128800000,
    "volume": 13.24,
    "quantity": 13.24,
    "type": "Buy",
    "entryPrice": 419.23,
    "tp": null,
    "sl": null,
    "closePrice": 411.6,
    "grossProfit": -94.09,
    "pips": -76.3,
    "balance": 11580.65,
    "equity": 11554.96
  },
  {
    "serial": 12,
    "orderId": null,
    "positionId": 7,
    "event": "Create Position",
    "time": 1460754000000,
    "volume": 24.64,
    "quantity": 24.64,
    "type": "Buy",
    "entryPrice": 426.4,
    "tp": null,
    "sl": null,
    "closePrice": null,
    "grossProfit": 0,
    "pips": 0,
    "balance": null,
    "equity": 11580.65
  },
  {
    "serial": 13,
    "orderId": null,
    "positionId": 7,
    "event": "Position Closed",
    "time": 1463778000000,
    "volume": 24.64,
    "quantity": 24.64,
    "type": "Buy",
    "entryPrice": 426.4,
    "tp": null,
    "sl": null,
    "closePrice": 439.02,
    "grossProfit": 289.63,
    "pips": 126.2,
    "balance": 11674.9,
    "equity": 11571.46
  },
  {
    "serial": 14,
    "orderId": null,
    "positionId": 8,
    "event": "Create Position",
    "time": 1464382800000,
    "volume": 19.53,
    "quantity": 19.53,
    "type": "Buy",
    "entryPrice": 468.1,
    "tp": null,
    "sl": null,
    "closePrice": null,
    "grossProfit": 0,
    "pips": 0,
    "balance": null,
    "equity": 11674.9
  },
  {
    "serial": 15,
    "orderId": null,
    "positionId": 8,
    "event": "Position Closed",
    "time": 1469998800000,
    "volume": 19.53,
    "quantity": 19.53,
    "type": "Buy",
    "entryPrice": 468.1,
    "tp": null,
    "sl": null,
    "closePrice": 627.3,
    "grossProfit": 2895.92,
    "pips": 1592,
    "balance": 14295.01,
    "equity": 14092.08
  },
  {
    "serial": 16,
    "orderId": null,
    "positionId": 9,
    "event": "Create Position",
    "time": 1472936400000,
    "volume": 16.03,
    "quantity": 16.03,
    "type": "Buy",
    "entryPrice": 602.08,
    "tp": null,
    "sl": null,
    "closePrice": null,
    "grossProfit": 0,
    "pips": 0,
    "balance": null,
    "equity": 14295.01
  },
  {
    "serial": 17,
    "orderId": null,
    "positionId": 9,
    "event": "Position Closed",
    "time": 1489870800000,
    "volume": 16.03,
    "quantity": 16.03,
    "type": "Buy",
    "entryPrice": 602.08,
    "tp": null,
    "sl": null,
    "closePrice": 972.53,
    "grossProfit": 5531.01,
    "pips": 3704.5,
    "balance": 19103.58,
    "equity": 18440.96
  },
  {
    "serial": 18,
    "orderId": null,
    "positionId": 10,
    "event": "Create Position",
    "time": 1491944400000,
    "volume": 4.91,
    "quantity": 4.91,
    "type": "Buy",
    "entryPrice": 1211.4,
    "tp": null,
    "sl": null,
    "closePrice": null,
    "grossProfit": 0,
    "pips": 0,
    "balance": null,
    "equity": 19103.58
  },
  {
    "serial": 19,
    "orderId": null,
    "positionId": 10,
    "event": "Position Closed",
    "time": 1499806800000,
    "volume": 4.91,
    "quantity": 4.91,
    "type": "Buy",
    "entryPrice": 1211.4,
    "tp": null,
    "sl": null,
    "closePrice": 2291.44,
    "grossProfit": 4939.27,
    "pips": 10800.4,
    "balance": 23794.42,
    "equity": 23564.31
  },
  {
    "serial": 20,
    "orderId": null,
    "positionId": 11,
    "event": "Create Position",
    "time": 1500584400000,
    "volume": 1.99,
    "quantity": 1.99,
    "type": "Buy",
    "entryPrice": 2583.12,
    "tp": null,
    "sl": null,
    "closePrice": null,
    "grossProfit": 0,
    "pips": 0,
    "balance": null,
    "equity": 23794.42
  },
  {
    "serial": 21,
    "orderId": null,
    "positionId": 11,
    "event": "Position Closed",
    "time": 1505336400000,
    "volume": 1.99,
    "quantity": 1.99,
    "type": "Buy",
    "entryPrice": 2583.12,
    "tp": null,
    "sl": null,
    "closePrice": 3892.2,
    "grossProfit": 2426.39,
    "pips": 13090.8,
    "balance": 26109.94,
    "equity": 26006.49
  },
  {
    "serial": 22,
    "orderId": null,
    "positionId": 12,
    "event": "Create Position",
    "time": 1506978000000,
    "volume": 1.03,
    "quantity": 1.03,
    "type": "Buy",
    "entryPrice": 4395.2,
    "tp": null,
    "sl": null,
    "closePrice": null,
    "grossProfit": 0,
    "pips": 0,
    "balance": null,
    "equity": 26109.94
  },
  {
    "serial": 23,
    "orderId": null,
    "positionId": 12,
    "event": "Position Closed",
    "time": 1516140000000,
    "volume": 1.03,
    "quantity": 1.03,
    "type": "Buy",
    "entryPrice": 4395.2,
    "tp": null,
    "sl": null,
    "closePrice": 10531,
    "grossProfit": 5886.4,
    "pips": 61358,
    "balance": 31709.4,
    "equity": 31426.3
  },
  {
    "serial": 24,
    "orderId": null,
    "positionId": 13,
    "event": "Create Position",
    "time": 1524603600000,
    "volume": 0.78,
    "quantity": 0.78,
    "type": "Buy",
    "entryPrice": 9417.5,
    "tp": null,
    "sl": null,
    "closePrice": null,
    "grossProfit": 0,
    "pips": 0,
    "balance": null,
    "equity": 31709.4
  },
  {
    "serial": 25,
    "orderId": null,
    "positionId": 13,
    "event": "Position Closed",
    "time": 1527109200000,
    "volume": 0.78,
    "quantity": 0.78,
    "type": "Buy",
    "entryPrice": 9417.5,
    "tp": null,
    "sl": null,
    "closePrice": 7556.5,
    "grossProfit": -1352.02,
    "pips": -18610,
    "balance": 30303.14,
    "equity": 30251.82
  },
  {
    "serial": 26,
    "orderId": null,
    "positionId": 14,
    "event": "Create Position",
    "time": 1531861200000,
    "volume": 1.16,
    "quantity": 1.16,
    "type": "Buy",
    "entryPrice": 7309.97,
    "tp": null,
    "sl": null,
    "closePrice": null,
    "grossProfit": 0,
    "pips": 0,
    "balance": null,
    "equity": 30303.14
  },
  {
    "serial": 27,
    "orderId": null,
    "positionId": 14,
    "event": "Position Closed",
    "time": 1533762000000,
    "volume": 1.16,
    "quantity": 1.16,
    "type": "Buy",
    "entryPrice": 7309.97,
    "tp": null,
    "sl": null,
    "closePrice": 6315.54,
    "grossProfit": -1074.42,
    "pips": -9944.3,
    "balance": 29175.24,
    "equity": 29126.08
  },
  {
    "serial": 28,
    "orderId": null,
    "positionId": 15,
    "event": "Create Position",
    "time": 1550527200000,
    "volume": 3.15,
    "quantity": 3.15,
    "type": "Buy",
    "entryPrice": 3952.54,
    "tp": null,
    "sl": null,
    "closePrice": null,
    "grossProfit": 0,
    "pips": 0,
    "balance": null,
    "equity": 29175.24
  },
  {
    "serial": 29,
    "orderId": null,
    "positionId": 15,
    "event": "Position Closed",
    "time": 1563310800000,
    "volume": 3.15,
    "quantity": 3.15,
    "type": "Buy",
    "entryPrice": 3952.54,
    "tp": null,
    "sl": null,
    "closePrice": 9587.43,
    "grossProfit": 16532.45,
    "pips": 56348.9,
    "balance": 44890.29,
    "equity": 44084.65
  },
  {
    "serial": 30,
    "orderId": null,
    "positionId": 16,
    "event": "Create Position",
    "time": 1572296400000,
    "volume": 1.18,
    "quantity": 1.18,
    "type": "Buy",
    "entryPrice": 9399.49,
    "tp": null,
    "sl": null,
    "closePrice": null,
    "grossProfit": 0,
    "pips": 0,
    "balance": null,
    "equity": 44890.29
  },
  {
    "serial": 31,
    "orderId": null,
    "positionId": 16,
    "event": "Position Closed",
    "time": 1574114400000,
    "volume": 1.18,
    "quantity": 1.18,
    "type": "Buy",
    "entryPrice": 9399.49,
    "tp": null,
    "sl": null,
    "closePrice": 8214,
    "grossProfit": -1302.93,
    "pips": -11854.9,
    "balance": 43526.58,
    "equity": 43470.2
  },
  {
    "serial": 32,
    "orderId": null,
    "positionId": 17,
    "event": "Create Position",
    "time": 1578434400000,
    "volume": 1.57,
    "quantity": 1.57,
    "type": "Buy",
    "entryPrice": 8057.24,
    "tp": null,
    "sl": null,
    "closePrice": null,
    "grossProfit": 0,
    "pips": 0,
    "balance": null,
    "equity": 43526.58
  },
  {
    "serial": 33,
    "orderId": null,
    "positionId": 17,
    "event": "Position Closed",
    "time": 1582754400000,
    "volume": 1.57,
    "quantity": 1.57,
    "type": "Buy",
    "entryPrice": 8057.24,
    "tp": null,
    "sl": null,
    "closePrice": 8746.5,
    "grossProfit": 1007.92,
    "pips": 6892.6,
    "balance": 44344.02,
    "equity": 44159.4
  },
  {
    "serial": 34,
    "orderId": null,
    "positionId": 18,
    "event": "Create Position",
    "time": 1587675600000,
    "volume": 1.19,
    "quantity": 1.19,
    "type": "Buy",
    "entryPrice": 7547.06,
    "tp": null,
    "sl": null,
    "closePrice": null,
    "grossProfit": 0,
    "pips": 0,
    "balance": null,
    "equity": 44344.02
  },
  {
    "serial": 35,
    "orderId": null,
    "positionId": 18,
    "event": "Position Closed",
    "time": 1599166800000,
    "volume": 1.19,
    "quantity": 1.19,
    "type": "Buy",
    "entryPrice": 7547.06,
    "tp": null,
    "sl": null,
    "closePrice": 10775.5,
    "grossProfit": 3578.34,
    "pips": 32284.4,
    "balance": 47518.78,
    "equity": 47119.64
  },
  {
    "serial": 36,
    "orderId": null,
    "positionId": 19,
    "event": "Create Position",
    "time": 1602536400000,
    "volume": 1.73,
    "quantity": 1.73,
    "type": "Buy",
    "entryPrice": 11555.6,
    "tp": null,
    "sl": null,
    "closePrice": null,
    "grossProfit": 0,
    "pips": 0,
    "balance": null,
    "equity": 47518.78
  },
  {
    "serial": 37,
    "orderId": null,
    "positionId": 19,
    "event": "Position Closed",
    "time": 1619125500000,
    "volume": 1.73,
    "quantity": 1.73,
    "type": "Buy",
    "entryPrice": 11555.6,
    "tp": null,
    "sl": null,
    "closePrice": 51151.26,
    "grossProfit": 63802.1,
    "pips": 395956.6,
    "balance": 108333.45,
    "equity": 105352.48
  },
  {
    "serial": 38,
    "orderId": null,
    "positionId": 20,
    "event": "Create Position",
    "time": 1627333260000,
    "volume": 0.63,
    "quantity": 0.63,
    "type": "Buy",
    "entryPrice": 37526.6,
    "tp": null,
    "sl": null,
    "closePrice": null,
    "grossProfit": 0,
    "pips": 0,
    "balance": null,
    "equity": 108333.45
  },
  {
    "serial": 39,
    "orderId": null,
    "positionId": 20,
    "event": "Position Closed",
    "time": 1632258060000,
    "volume": 0.63,
    "quantity": 0.63,
    "type": "Buy",
    "entryPrice": 37526.6,
    "tp": null,
    "sl": null,
    "closePrice": 40980,
    "grossProfit": 2026.42,
    "pips": 34534,
    "balance": 109938.04,
    "equity": 109518.57
  },
  {
    "serial": 40,
    "orderId": null,
    "positionId": 21,
    "event": "Create Position",
    "time": 1633467660000,
    "volume": 0.51,
    "quantity": 0.51,
    "type": "Buy",
    "entryPrice": 51476.1,
    "tp": null,
    "sl": null,
    "closePrice": null,
    "grossProfit": 0,
    "pips": 0,
    "balance": null,
    "equity": 109938.04
  },
  {
    "serial": 41,
    "orderId": null,
    "positionId": 21,
    "event": "Position Closed",
    "time": 1637272860000,
    "volume": 0.51,
    "quantity": 0.51,
    "type": "Buy",
    "entryPrice": 51476.1,
    "tp": null,
    "sl": null,
    "closePrice": 57590,
    "grossProfit": 2904.22,
    "pips": 61139,
    "balance": 112491.16,
    "equity": 112141.96
  },
  {
    "serial": 42,
    "orderId": null,
    "positionId": 22,
    "event": "Create Position",
    "time": 1644271320000,
    "volume": 0.61,
    "quantity": 0.61,
    "type": "Buy",
    "entryPrice": 44082.1,
    "tp": null,
    "sl": null,
    "closePrice": null,
    "grossProfit": 0,
    "pips": 0,
    "balance": null,
    "equity": 112491.16
  },
  {
    "serial": 43,
    "orderId": null,
    "positionId": 22,
    "event": "Position Closed",
    "time": 1645394520000,
    "volume": 0.61,
    "quantity": 0.61,
    "type": "Buy",
    "entryPrice": 44082.1,
    "tp": null,
    "sl": null,
    "closePrice": 38270,
    "grossProfit": -3302.21,
    "pips": -58121,
    "balance": 109100.81,
    "equity": 109014.95
  },
  {
    "serial": 44,
    "orderId": null,
    "positionId": 23,
    "event": "Create Position",
    "time": 1648414920000,
    "volume": 0.75,
    "quantity": 0.75,
    "type": "Buy",
    "entryPrice": 46048.1,
    "tp": null,
    "sl": null,
    "closePrice": null,
    "grossProfit": 0,
    "pips": 0,
    "balance": null,
    "equity": 109100.81
  },
  {
    "serial": 45,
    "orderId": null,
    "positionId": 23,
    "event": "Position Closed",
    "time": 1649710920000,
    "volume": 0.75,
    "quantity": 0.75,
    "type": "Buy",
    "entryPrice": 46048.1,
    "tp": null,
    "sl": null,
    "closePrice": 39887,
    "grossProfit": -4303.89,
    "pips": -61611,
    "balance": 104664.95,
    "equity": 104535.78
  },
  {
    "serial": 46,
    "orderId": null,
    "positionId": 24,
    "event": "Create Position",
    "time": 1658264520000,
    "volume": 1.04,
    "quantity": 1.04,
    "type": "Buy",
    "entryPrice": 23308.1,
    "tp": null,
    "sl": null,
    "closePrice": null,
    "grossProfit": 0,
    "pips": 0,
    "balance": null,
    "equity": 104664.95
  },
  {
    "serial": 47,
    "orderId": null,
    "positionId": 24,
    "event": "Position Closed",
    "time": 1660942920000,
    "volume": 1.04,
    "quantity": 1.04,
    "type": "Buy",
    "entryPrice": 23308.1,
    "tp": null,
    "sl": null,
    "closePrice": 21266,
    "grossProfit": -1978.12,
    "pips": -20421,
    "balance": 102480.37,
    "equity": 102277.79
  },
  {
    "serial": 48,
    "orderId": null,
    "positionId": 25,
    "event": "Create Position",
    "time": 1663016520000,
    "volume": 1.57,
    "quantity": 1.57,
    "type": "Buy",
    "entryPrice": 22384.1,
    "tp": null,
    "sl": null,
    "closePrice": null,
    "grossProfit": 0,
    "pips": 0,
    "balance": null,
    "equity": 102480.37
  },
  {
    "serial": 49,
    "orderId": null,
    "positionId": 25,
    "event": "Position Closed",
    "time": 1667944800000,
    "volume": 1.57,
    "quantity": 1.57,
    "type": "Buy",
    "entryPrice": 22384.1,
    "tp": null,
    "sl": null,
    "closePrice": 18686,
    "grossProfit": -5407.79,
    "pips": -36981,
    "balance": 96617.46,
    "equity": 96168.2
  },
  {
    "serial": 50,
    "orderId": null,
    "positionId": 26,
    "event": "Create Position",
    "time": 1670968920000,
    "volume": 3.11,
    "quantity": 3.11,
    "type": "Buy",
    "entryPrice": 17730.1,
    "tp": null,
    "sl": null,
    "closePrice": null,
    "grossProfit": 0,
    "pips": 0,
    "balance": null,
    "equity": 96617.46
  },
  {
    "serial": 51,
    "orderId": null,
    "positionId": 26,
    "event": "Position Closed",
    "time": 1675980120000,
    "volume": 3.11,
    "quantity": 3.11,
    "type": "Buy",
    "entryPrice": 17730.1,
    "tp": null,
    "sl": null,
    "closePrice": 21850,
    "grossProfit": 11934.06,
    "pips": 41199,
    "balance": 107640.17,
    "equity": 106740.42
  },
  {
    "serial": 52,
    "orderId": null,
    "positionId": 27,
    "event": "Create Position",
    "time": 1676584920000,
    "volume": 1.69,
    "quantity": 1.69,
    "type": "Buy",
    "entryPrice": 24534.1,
    "tp": null,
    "sl": null,
    "closePrice": null,
    "grossProfit": 0,
    "pips": 0,
    "balance": null,
    "equity": 107640.17
  },
  {
    "serial": 53,
    "orderId": null,
    "positionId": 27,
    "event": "Position Closed",
    "time": 1677880920000,
    "volume": 1.69,
    "quantity": 1.69,
    "type": "Buy",
    "entryPrice": 24534.1,
    "tp": null,
    "sl": null,
    "closePrice": 22227,
    "grossProfit": -3631.57,
    "pips": -23071,
    "balance": 103829.18,
    "equity": 103656.06
  },
  {
    "serial": 54,
    "orderId": null,
    "positionId": 28,
    "event": "Create Position",
    "time": 1679086920000,
    "volume": 1.13,
    "quantity": 1.13,
    "type": "Buy",
    "entryPrice": 26828.1,
    "tp": null,
    "sl": null,
    "closePrice": null,
    "grossProfit": 0,
    "pips": 0,
    "balance": null,
    "equity": 103829.18
  },
  {
    "serial": 55,
    "orderId": null,
    "positionId": 28,
    "event": "Position Closed",
    "time": 1682110920000,
    "volume": 1.13,
    "quantity": 1.13,
    "type": "Buy",
    "entryPrice": 26828.1,
    "tp": null,
    "sl": null,
    "closePrice": 27271,
    "grossProfit": 466.15,
    "pips": 4429,
    "balance": 104003.85,
    "equity": 103716.59
  },
  {
    "serial": 56,
    "orderId": null,
    "positionId": 29,
    "event": "Create Position",
    "time": 1687381320000,
    "volume": 1.29,
    "quantity": 1.29,
    "type": "Buy",
    "entryPrice": 29912.1,
    "tp": null,
    "sl": null,
    "closePrice": null,
    "grossProfit": 0,
    "pips": 0,
    "balance": null,
    "equity": 104003.85
  },
  {
    "serial": 57,
    "orderId": null,
    "positionId": 29,
    "event": "Position Closed",
    "time": 1690232520000,
    "volume": 1.29,
    "quantity": 1.29,
    "type": "Buy",
    "entryPrice": 29912.1,
    "tp": null,
    "sl": null,
    "closePrice": 29134,
    "grossProfit": -934.9,
    "pips": -7781,
    "balance": 102734.74,
    "equity": 102405.35
  },
  {
    "serial": 58,
    "orderId": null,
    "positionId": 30,
    "event": "Create Position",
    "time": 1696280520000,
    "volume": 2.13,
    "quantity": 2.13,
    "type": "Buy",
    "entryPrice": 27840.1,
    "tp": null,
    "sl": null,
    "closePrice": null,
    "grossProfit": 0,
    "pips": 0,
    "balance": null,
    "equity": 102734.74
  },
  {
    "serial": 59,
    "orderId": null,
    "positionId": 30,
    "event": "Position Closed",
    "time": 1705615320000,
    "volume": 2.13,
    "quantity": 2.13,
    "type": "Buy",
    "entryPrice": 27840.1,
    "tp": null,
    "sl": null,
    "closePrice": 41141,
    "grossProfit": 26387.72,
    "pips": 133009,
    "balance": 126902.59,
    "equity": 124690.66
  },
  {
    "serial": 60,
    "orderId": null,
    "positionId": 31,
    "event": "Create Position",
    "time": 1707343320000,
    "volume": 1.29,
    "quantity": 1.29,
    "type": "Buy",
    "entryPrice": 44173.1,
    "tp": null,
    "sl": null,
    "closePrice": null,
    "grossProfit": 0,
    "pips": 0,
    "balance": null,
    "equity": 126902.59
  },
  {
    "serial": 61,
    "orderId": null,
    "positionId": 31,
    "event": "Position Closed",
    "time": 1713042300000,
    "volume": 1.29,
    "quantity": 1.29,
    "type": "Buy",
    "entryPrice": 44173.1,
    "tp": null,
    "sl": null,
    "closePrice": 62508.55,
    "grossProfit": 22030.41,
    "pips": 183354.5,
    "balance": 147548.78,
    "equity": 146169.38
  },
  {
    "serial": 62,
    "orderId": null,
    "positionId": 32,
    "event": "Create Position",
    "time": 1716239100000,
    "volume": 0.72,
    "quantity": 0.72,
    "type": "Buy",
    "entryPrice": 69247.41,
    "tp": null,
    "sl": null,
    "closePrice": null,
    "grossProfit": 0,
    "pips": 0,
    "balance": null,
    "equity": 147548.78
  }
]